time_s,T1_C,T2_C,T3_C,T4_C,T5_C,T6_C
0,22.77,22.51,21.82,21.47,22.08,20.95
2,22.77,22.51,21.82,21.47,22.16,20.95
4,22.77,22.51,21.82,21.47,22.08,20.87
6,22.77,22.51,21.82,21.47,22.16,21.04
8,22.77,22.51,21.82,21.47,22.08,21.13
10,22.77,22.51,21.82,21.47,22.08,21.30
12,22.77,22.51,21.90,21.47,22.08,20.52
14,22.77,22.51,21.90,21.47,22.08,21.38
16,22.77,22.51,21.90,21.47,22.16,21.30
18,22.77,22.51,21.90,21.56,22.08,21.30
20,22.77,22.51,21.90,21.56,22.08,21.21
22,22.77,22.51,21.90,21.47,21.99,21.13
24,22.77,22.51,21.90,21.47,21.99,21.13
26,22.77,22.42,21.90,21.47,21.99,21.13
28,22.77,22.51,21.90,21.47,21.99,20.95
30,22.77,22.51,21.90,21.47,22.16,20.95
32,22.77,22.51,21.90,21.47,21.99,21.04
34,22.77,22.51,21.90,21.47,21.99,21.04
36,22.77,22.51,21.90,21.47,21.99,20.95
38,22.77,22.51,21.90,21.56,21.99,20.95
40,22.77,22.51,21.90,21.47,21.99,20.95
42,22.77,22.51,21.90,21.47,21.99,20.95
44,22.77,22.51,21.90,21.47,21.99,20.95
46,22.77,22.51,21.90,21.47,21.99,20.95
48,22.77,22.51,21.99,21.47,21.99,20.95
51,22.77,22.51,21.99,21.47,21.99,20.95
53,22.77,22.51,21.99,21.47,21.99,20.87
55,22.77,22.60,21.99,21.47,21.99,21.04
57,22.77,22.60,21.99,21.47,21.90,21.13
59,22.77,22.60,21.99,21.47,21.99,20.95
61,22.77,22.60,21.99,21.47,21.90,20.78
63,22.86,22.60,21.99,21.47,21.99,20.87
65,22.86,22.60,21.99,21.47,21.99,20.95
67,22.77,22.60,21.99,21.47,21.99,20.95
69,22.86,22.68,22.08,21.47,21.90,20.87
71,22.86,22.68,22.08,21.47,21.99,20.95
73,22.86,22.68,22.08,21.47,21.99,20.87
75,22.86,22.68,22.08,21.47,21.90,20.95
77,22.86,22.68,22.08,21.47,21.90,20.95
79,22.86,22.68,22.08,21.47,21.90,20.95
81,22.86,22.68,22.08,21.47,21.90,20.87
83,22.86,22.68,22.08,21.47,21.90,20.87
85,22.86,22.77,22.08,21.47,21.90,20.78
87,22.86,22.77,22.16,21.47,21.90,20.78
89,22.94,22.77,22.16,21.47,21.90,20.87
91,22.94,22.77,22.16,21.47,21.90,20.78
93,22.86,22.77,22.16,21.47,21.90,20.87
95,22.94,22.86,22.16,21.47,21.99,20.87
97,22.94,22.86,22.16,21.47,21.90,20.87
99,22.94,22.86,22.16,21.47,21.90,20.78
101,22.94,22.86,22.25,21.47,21.90,20.78
103,22.94,22.94,22.25,21.47,21.90,20.78
105,22.94,22.86,22.25,21.47,21.90,20.35
108,22.94,22.94,22.25,21.47,21.90,20.78
110,22.94,22.94,22.25,21.47,21.90,20.78
112,23.03,22.94,22.25,21.47,21.90,20.78
114,23.03,23.03,22.25,21.47,21.90,20.78
116,23.03,23.03,22.25,21.47,21.90,20.78
118,23.03,23.03,22.34,21.47,21.90,20.78
120,23.03,23.03,22.34,21.47,21.90,20.78
122,23.03,23.03,22.34,21.47,21.90,20.78
124,23.03,23.12,22.34,21.47,21.90,20.61
126,23.03,23.12,22.34,21.47,21.90,20.78
128,23.03,23.12,22.34,21.47,21.82,20.78
130,23.12,23.12,22.34,21.47,21.90,20.78
132,23.12,23.21,22.42,21.47,21.90,20.78
134,23.12,23.38,22.42,21.47,21.90,20.78
136,23.12,23.21,22.42,21.47,21.90,20.69
138,23.12,23.29,22.42,21.47,21.82,20.78
140,23.12,23.29,22.42,21.47,21.90,20.78
142,23.21,23.29,22.42,21.47,21.90,20.78
144,23.21,23.29,22.51,21.47,21.82,20.78
146,23.21,23.38,22.51,21.47,21.90,20.78
148,23.21,23.38,22.51,21.47,21.90,20.78
150,23.21,23.38,22.51,21.47,21.90,20.78
152,23.21,23.38,22.51,21.47,21.90,20.69
154,23.29,23.47,22.51,21.47,21.90,20.78
156,23.29,23.47,22.51,21.38,21.90,20.69
158,23.29,23.47,22.51,21.47,21.90,20.69
160,23.29,23.47,22.51,21.47,21.90,20.69
162,23.29,23.47,22.60,21.47,21.90,20.69
165,23.29,23.55,22.60,21.47,21.90,20.78
167,23.29,23.55,22.60,21.47,21.82,20.78
169,23.38,23.64,22.60,21.47,21.90,20.69
171,23.38,23.64,22.60,21.47,21.82,20.09
173,23.38,23.64,22.60,21.47,21.90,20.87
175,23.38,23.64,22.68,21.47,21.90,20.69
177,23.38,23.73,22.68,21.47,21.90,20.61
179,23.47,23.73,22.68,21.47,21.90,20.69
181,23.38,23.73,22.68,21.47,21.90,20.52
183,23.47,23.82,22.68,21.47,21.90,20.69
185,23.47,23.82,22.77,21.47,21.90,20.69
187,23.47,23.82,22.77,21.47,21.90,20.69
189,23.47,23.82,22.77,21.47,21.82,20.61
191,23.47,23.90,22.77,21.47,21.90,20.69
193,23.55,23.90,22.77,21.47,21.90,20.69
195,23.55,23.90,22.77,21.47,21.90,20.61
197,23.55,23.99,22.77,21.56,21.90,20.61
199,23.55,23.99,22.86,21.56,21.82,20.69
201,23.55,23.99,22.86,21.47,21.90,20.61
203,23.64,24.08,22.86,21.56,21.90,20.61
205,23.64,24.08,22.94,21.47,21.90,20.61
207,23.64,24.08,22.86,21.56,21.90,20.69
209,23.64,24.17,22.86,21.56,21.90,20.69
211,23.64,24.17,22.94,21.56,21.90,20.61
213,23.64,24.17,22.94,21.56,21.90,20.61
215,23.73,24.17,22.94,21.56,21.90,20.69
217,23.73,24.25,22.94,21.56,21.90,20.61
219,23.73,24.25,22.94,21.56,21.90,20.78
221,23.73,24.25,22.94,21.56,21.90,20.61
224,23.82,24.34,22.94,21.56,21.90,20.52
226,23.82,24.34,23.03,21.56,21.90,20.69
228,23.82,24.34,22.94,21.56,21.90,20.69
230,23.82,24.34,23.03,21.56,21.90,20.69
232,23.82,24.43,23.03,21.56,21.90,20.69
234,23.90,24.43,23.03,21.56,21.90,20.69
236,23.90,24.52,23.12,21.56,21.90,20.61
238,23.90,24.52,23.03,21.56,21.90,20.61
240,23.90,24.52,23.12,21.64,21.90,20.61
242,23.90,24.60,23.12,21.56,21.90,20.61
244,23.99,24.60,23.12,21.56,21.90,20.61
246,23.99,24.60,23.12,21.56,21.90,20.69
248,23.99,24.60,23.21,21.56,21.90,20.61
250,23.99,24.69,23.21,21.64,21.90,20.61
252,23.99,24.69,23.21,21.64,21.90,20.61
254,24.08,24.69,23.21,21.64,21.90,20.61
256,24.08,24.78,23.21,21.64,21.90,20.61
258,24.08,24.78,23.21,21.64,21.90,20.61
260,24.08,24.78,23.29,21.64,21.90,20.52
262,24.17,24.87,23.29,21.64,21.90,20.18
264,24.17,24.87,23.29,21.64,21.90,20.52
266,24.17,24.87,23.29,21.64,21.90,20.69
268,24.17,24.96,23.29,21.64,21.90,20.69
270,24.25,24.96,23.29,21.64,21.90,20.52
272,24.25,24.96,23.38,21.73,21.90,20.52
274,24.25,25.04,23.38,21.64,21.90,20.61
276,24.25,25.04,23.38,21.64,21.90,20.61
278,24.34,25.04,23.38,21.64,21.90,20.61
281,24.34,25.13,23.38,21.64,21.90,20.61
283,24.34,25.13,23.38,21.64,21.90,20.61
285,24.25,25.13,23.38,21.64,21.99,20.78
287,24.34,25.22,23.47,21.64,21.99,20.52
289,24.43,25.22,23.55,21.64,21.99,20.61
291,24.43,25.22,23.47,21.73,21.99,20.52
293,24.43,25.31,23.47,21.64,21.99,20.52
295,24.52,25.31,23.47,21.64,21.99,20.61
297,24.52,25.31,23.55,21.73,21.90,20.52
299,24.52,25.40,23.55,21.64,21.99,20.61
301,24.52,25.40,23.55,21.73,21.99,20.52
303,24.52,25.40,23.55,21.64,21.99,20.43
305,24.60,25.48,23.55,21.73,21.99,20.61
307,24.60,25.48,23.55,21.73,21.99,20.52
309,24.60,25.48,23.55,21.64,21.99,20.61
311,24.60,25.57,23.64,21.73,21.99,20.52
313,24.69,25.57,23.64,21.73,21.99,20.61
315,24.69,25.57,23.55,21.73,21.99,20.61
317,24.69,25.66,23.64,21.73,21.99,20.61
319,24.78,25.66,23.64,21.82,21.99,20.61
321,24.78,25.66,23.64,21.73,21.99,20.61
323,24.78,25.75,23.73,21.73,21.99,20.61
325,24.78,25.75,23.73,21.82,21.99,20.61
327,24.87,25.75,23.73,21.82,21.99,20.61
329,24.78,25.75,23.73,21.64,21.99,20.61
331,24.87,25.84,23.73,21.73,21.99,20.61
333,24.87,25.84,23.73,21.82,21.99,20.61
335,24.87,25.93,23.82,21.82,21.99,20.61
338,24.96,25.93,23.82,21.82,21.99,20.61
340,24.96,25.93,23.82,21.82,21.99,20.61
342,25.04,26.02,23.82,21.82,21.99,20.61
344,25.04,26.02,23.82,21.82,22.08,20.61
346,25.04,26.02,23.82,21.82,22.08,20.61
348,25.04,26.02,23.90,21.82,21.99,20.61
350,25.04,26.10,23.90,21.82,22.08,20.61
352,25.04,26.10,23.90,21.90,22.08,20.61
354,25.13,26.10,23.90,21.82,21.99,20.52
356,25.13,26.19,23.90,21.82,22.08,20.61
358,25.13,26.19,23.99,21.90,22.08,20.61
360,25.13,26.19,23.99,21.90,22.08,20.61
362,25.22,26.28,23.99,21.90,22.08,20.61
364,25.22,26.28,23.99,21.90,22.08,20.61
366,25.22,26.28,23.99,21.90,22.08,20.61
368,25.22,26.37,23.99,21.90,22.08,20.61
370,25.31,26.37,23.99,21.90,22.08,20.69
372,25.31,26.37,24.08,21.90,22.08,20.61
374,25.31,26.37,24.08,21.90,22.08,20.61
376,25.31,26.46,24.08,21.90,22.16,20.61
378,25.40,26.46,24.17,21.90,22.08,20.61
380,25.40,26.46,24.17,21.90,22.08,20.61
382,25.40,26.55,24.17,21.90,22.08,20.61
384,25.40,26.55,24.17,21.90,22.08,20.61
386,25.40,26.55,24.17,21.99,22.16,20.61
388,25.48,26.55,24.17,21.99,22.08,20.61
390,25.48,26.64,24.17,21.99,22.08,20.52
392,25.48,26.64,24.25,21.99,22.08,20.61
395,25.57,26.64,24.25,21.99,22.16,20.43
397,25.57,26.73,24.25,21.99,22.16,20.61
399,25.57,26.73,24.25,21.82,22.16,20.61
401,25.66,26.82,24.25,21.99,22.16,20.69
403,25.66,26.82,24.34,21.90,22.16,20.61
405,25.66,26.82,24.34,21.99,22.16,20.61
407,25.66,26.91,24.34,21.99,22.16,20.61
409,25.75,26.91,24.34,21.99,22.16,20.61
411,25.75,26.91,24.34,21.99,22.16,20.52
413,25.75,26.91,24.43,21.99,22.16,20.61
415,25.75,26.99,24.43,22.08,22.16,20.52
417,25.84,26.99,24.43,22.08,22.16,20.61
419,25.84,26.99,24.43,22.08,22.16,20.52
421,25.84,27.08,24.43,22.08,22.16,20.61
423,25.84,27.08,24.43,22.08,22.16,20.52
425,25.93,27.08,24.52,22.08,22.16,20.52
427,25.93,27.17,24.52,22.08,22.16,20.43
429,25.93,27.17,24.52,22.08,22.16,20.43
431,25.93,27.17,24.52,22.08,22.16,20.69
433,25.93,27.17,24.52,22.08,22.25,20.52
435,26.02,27.26,24.60,22.16,22.16,20.52
437,26.02,27.26,24.60,22.16,22.16,20.61
439,26.02,27.26,24.60,22.16,22.16,20.52
441,26.10,27.35,24.60,22.16,22.25,20.61
443,26.10,27.35,24.60,22.16,22.16,20.52
445,26.10,27.35,24.60,22.16,22.25,20.61
447,26.10,27.35,24.60,22.16,22.25,20.61
449,26.10,27.44,24.69,22.25,22.25,20.61
452,26.19,27.44,24.69,22.16,22.16,20.52
454,26.19,27.53,24.69,22.16,22.25,20.61
456,26.19,27.53,24.69,22.16,22.34,20.52
458,26.28,27.53,24.69,22.16,22.16,20.52
460,26.28,27.53,24.78,22.16,22.25,20.52
462,26.28,27.62,24.78,22.16,22.25,20.52
464,26.28,27.62,24.78,22.25,22.25,20.52
466,26.37,27.62,24.78,22.16,22.25,20.52
468,26.37,27.62,24.87,22.25,22.25,20.52
470,26.37,27.62,24.87,22.25,22.25,20.61
472,26.37,27.71,24.87,22.25,22.25,20.52
474,26.46,27.71,24.87,22.25,22.25,20.52
476,26.46,27.80,24.87,22.25,22.25,20.52
478,26.46,27.80,24.87,22.25,22.25,20.52
480,26.55,27.80,24.96,22.25,22.25,20.52
482,26.55,27.89,24.96,22.25,22.34,20.61
484,26.55,27.89,24.96,22.25,22.25,20.52
486,26.55,27.89,24.96,22.34,22.25,20.52
488,26.64,27.89,25.04,22.34,22.34,20.61
490,26.64,27.98,25.04,22.34,22.34,20.52
492,26.64,27.98,25.04,22.34,22.34,20.52
494,26.64,27.98,25.04,22.34,22.34,20.52
496,26.73,28.07,25.04,22.34,22.34,20.52
498,26.73,28.07,25.04,22.34,22.34,20.61
500,26.82,28.07,25.13,22.34,22.34,20.43
502,26.73,28.16,25.13,22.34,22.34,20.52
504,26.73,28.16,25.13,22.34,22.34,20.61
506,26.82,28.16,25.13,22.34,22.34,20.52
508,26.82,28.16,25.13,22.34,21.99,20.69
511,26.82,28.25,25.22,22.42,22.34,20.52
513,26.91,28.25,25.22,22.42,22.34,20.61
515,26.91,28.25,25.22,22.42,22.42,20.61
517,26.91,28.25,25.22,22.42,22.42,20.52
519,26.91,28.34,25.22,22.42,22.34,20.61
521,26.91,28.34,25.31,22.42,22.34,20.43
523,26.99,28.34,25.31,22.42,22.34,20.52
525,26.99,28.43,25.31,22.42,22.51,20.61
527,26.99,28.43,25.31,22.42,22.42,20.43
529,27.08,28.43,25.31,22.42,22.42,20.61
531,27.08,28.43,25.31,22.42,22.42,20.52
533,27.08,28.52,25.40,22.51,22.42,20.52
535,27.17,28.52,25.40,22.51,22.42,20.52
537,27.17,28.52,25.40,22.51,22.42,20.52
539,27.17,28.52,25.40,22.51,22.42,20.52
541,27.17,28.61,25.40,22.51,22.42,20.52
543,27.17,28.61,25.40,22.51,22.42,20.52
545,27.26,28.61,25.48,22.51,22.42,20.52
547,27.26,28.61,25.48,22.51,22.42,20.61
549,27.26,28.71,25.48,22.51,22.42,20.52
551,27.26,28.71,25.48,22.51,22.51,20.52
553,27.35,28.71,25.57,22.51,22.51,20.61
555,27.35,28.71,25.57,22.60,22.51,20.61
557,27.35,28.80,25.57,22.60,22.42,20.52
559,27.35,28.80,25.57,22.60,22.51,20.52
561,27.44,28.80,25.57,22.60,22.51,20.43
563,27.44,28.89,25.57,22.60,22.51,20.43
565,27.44,28.89,25.66,22.60,22.51,20.52
568,27.44,28.89,25.66,22.60,22.51,20.61
570,27.53,28.98,25.66,22.60,22.51,20.61
572,27.53,28.98,25.66,22.60,22.51,20.69
574,27.53,28.98,25.66,22.60,22.51,20.52
576,27.62,28.98,25.75,22.60,22.51,20.52
578,27.62,28.98,25.75,22.60,22.60,20.52
580,27.62,29.07,25.75,22.68,22.51,20.52
582,27.62,29.07,25.75,22.68,22.51,20.52
584,27.62,29.16,25.75,22.68,22.51,20.52
586,27.71,29.16,25.84,22.68,22.51,20.52
588,27.71,29.16,25.84,22.68,22.51,20.52
590,27.71,29.16,25.84,22.68,22.60,20.52
592,27.71,29.25,25.84,22.68,22.60,20.52
594,27.80,29.25,25.84,22.77,22.51,20.61
596,27.89,29.25,25.93,22.77,22.60,20.52
598,27.80,29.25,25.93,22.68,22.60,20.61
600,27.80,29.25,25.93,22.77,22.60,20.52
602,27.89,29.34,25.93,22.77,22.60,20.52
604,27.89,29.34,25.93,22.77,22.60,20.69
606,27.89,29.34,26.02,22.77,22.60,20.52
608,27.98,29.43,25.93,22.77,22.60,20.61
610,27.98,29.43,26.02,22.77,22.60,20.52
612,27.98,29.43,26.02,22.77,22.60,20.43
614,27.98,29.53,26.02,22.77,22.68,20.52
616,27.98,29.43,26.02,22.86,22.60,20.52
618,28.07,29.53,26.10,22.86,22.60,20.52
620,28.07,29.53,26.10,22.86,22.60,20.52
622,28.07,29.53,26.10,22.77,22.68,20.52
625,28.16,29.62,26.10,22.86,22.68,20.52
627,28.16,29.62,26.10,22.86,22.60,20.52
629,28.16,29.62,26.19,22.86,22.68,20.52
631,28.16,29.62,26.19,22.86,22.68,20.52
633,28.16,29.71,26.19,22.86,22.60,20.52
635,28.25,29.71,26.19,22.86,22.68,20.52
637,28.25,29.71,26.28,22.86,22.68,20.61
639,28.25,29.71,26.19,22.86,22.68,20.52
641,28.25,29.80,26.28,22.94,22.68,20.61
643,28.34,29.80,26.28,22.94,22.68,20.52
645,28.34,29.80,26.37,22.77,22.68,20.61
647,28.34,29.80,26.28,22.94,22.68,20.52
649,28.34,29.89,26.37,22.94,22.68,20.43
651,28.43,29.89,26.37,22.94,22.68,20.52
653,28.43,29.89,26.37,22.94,22.68,20.43
655,28.43,29.99,26.37,22.94,22.68,20.52
657,28.43,29.89,26.46,22.94,22.68,20.52
659,28.52,29.99,26.46,22.94,22.68,20.52
661,28.52,29.99,26.46,22.94,22.68,20.52
663,28.52,29.99,26.46,23.03,22.68,20.52
665,28.61,30.08,26.46,23.03,22.68,20.52
667,28.52,30.08,26.46,22.94,22.68,20.52
669,28.61,30.08,26.46,23.21,22.68,20.61
671,28.61,30.08,26.55,23.03,22.68,20.52
673,28.61,30.17,26.55,23.03,22.77,20.52
675,28.71,30.17,26.55,23.12,22.77,20.52
677,28.61,30.17,26.55,23.03,22.77,20.61
679,28.71,30.17,26.55,23.03,22.77,20.52
682,28.71,30.17,26.64,23.03,22.77,20.52
684,28.71,30.26,26.64,23.12,22.68,20.52
686,28.80,30.26,26.64,23.03,22.77,20.52
688,28.80,30.26,26.64,23.12,22.77,20.52
690,28.80,30.26,26.64,23.12,22.77,20.43
692,28.80,30.35,26.73,23.12,22.77,20.61
694,28.80,30.35,26.73,23.12,22.77,20.52
696,28.89,30.35,26.73,23.12,22.86,20.52
698,28.89,30.35,26.73,23.12,22.86,20.61
700,28.89,30.45,26.73,23.12,22.77,20.61
702,28.89,30.45,26.73,23.12,22.86,20.52
704,28.98,30.45,26.82,23.12,22.86,20.52
706,28.98,30.45,26.82,23.21,22.86,20.43
708,28.98,30.54,26.82,23.21,22.86,20.52
710,28.98,30.54,26.82,23.21,22.86,20.52
712,29.07,30.54,26.91,23.21,22.86,20.43
714,29.07,30.54,26.91,23.21,22.86,20.43
716,29.07,30.54,26.82,23.21,22.86,20.52
718,29.07,30.54,26.91,23.21,22.86,20.52
720,29.07,30.63,26.91,23.21,22.86,20.43
722,29.16,30.63,26.91,23.21,22.86,20.52
724,29.16,30.63,26.99,23.21,22.86,20.43
726,29.16,30.72,26.99,23.21,22.86,20.52
728,29.16,30.72,26.99,23.29,22.86,20.52
730,29.25,30.72,26.99,23.29,22.86,20.52
732,29.25,30.72,26.99,23.29,22.86,20.52
734,29.25,30.72,26.99,23.29,22.94,20.52
736,29.25,30.72,27.08,23.29,22.86,20.43
739,29.25,30.82,27.08,23.29,22.94,20.43
741,29.34,30.82,27.08,23.29,22.94,20.52
743,29.34,30.82,27.08,23.29,22.94,20.43
745,29.34,30.82,27.08,23.29,22.86,20.43
747,29.34,30.91,27.17,23.29,22.94,20.43
749,29.43,30.91,27.17,23.29,22.94,20.52
751,29.43,30.91,27.17,23.29,22.94,20.43
753,29.43,30.91,27.17,23.29,22.94,20.87
755,29.43,31.00,27.17,23.38,22.94,20.52
757,29.43,31.00,27.26,23.38,22.94,20.52
759,29.53,31.00,27.26,23.38,22.94,20.52
761,29.53,31.00,27.26,23.29,22.94,20.52
763,29.53,31.00,27.26,23.38,22.94,20.52
765,29.53,31.10,27.26,23.38,23.03,20.43
767,29.53,31.10,27.26,23.38,22.94,20.43
769,29.62,31.10,27.26,23.38,23.03,20.52
771,29.62,31.10,27.26,23.38,23.03,20.43
773,29.62,31.10,27.35,23.47,23.03,20.52
775,29.62,31.19,27.35,23.38,23.03,20.52
777,29.62,31.19,27.35,23.47,23.03,20.52
779,29.62,31.19,27.44,23.47,23.03,20.52
781,29.71,31.19,27.44,23.47,23.03,20.52
783,29.71,31.28,27.44,23.47,23.03,20.52
785,29.71,31.28,27.44,23.55,23.03,20.52
787,29.80,31.28,27.44,23.47,23.03,20.52
789,29.80,31.28,27.44,23.47,23.12,20.52
791,29.80,31.28,27.44,23.47,23.03,20.43
793,29.80,31.28,27.53,23.47,23.03,20.52
796,29.80,31.38,27.44,23.47,23.12,20.43
798,29.89,31.38,27.53,23.55,23.12,20.52
800,29.89,31.38,27.53,23.55,23.12,20.52
802,29.89,31.38,27.53,23.55,23.12,20.52
804,29.89,31.47,27.62,23.55,23.12,20.52
806,29.89,31.47,27.62,23.55,23.12,20.52
808,29.99,31.47,27.62,23.55,23.12,20.52
810,29.89,31.47,27.62,23.55,23.12,20.52
812,29.99,31.47,27.62,23.55,23.12,20.52
814,29.99,31.56,27.62,23.55,23.12,20.52
816,30.08,31.56,27.71,23.55,23.12,20.52
818,30.08,31.56,27.71,23.55,23.12,20.52
820,30.08,31.56,27.71,23.64,23.12,20.52
822,30.08,31.56,27.71,23.55,23.12,20.61
824,30.08,31.66,27.71,23.64,23.21,20.43
826,30.17,31.66,27.71,23.64,23.21,20.43
828,30.17,31.66,27.80,23.64,23.21,20.52
830,30.17,31.66,27.80,23.64,23.21,20.52
832,30.17,31.75,27.80,23.64,23.21,20.43
834,30.17,31.75,27.80,23.64,23.21,20.43
836,30.26,31.75,27.80,23.64,23.21,20.43
838,30.26,31.75,27.80,23.73,23.21,20.52
840,30.26,31.75,27.89,23.64,23.21,20.52
842,30.26,31.85,27.89,23.64,23.21,20.52
844,30.26,31.85,27.89,23.64,23.21,20.43
846,30.35,31.85,27.89,23.73,23.21,20.52
848,30.35,31.85,27.89,23.73,23.21,20.52
850,30.35,31.85,27.98,23.73,23.21,20.52
852,30.35,31.85,27.98,23.73,23.21,20.52
855,30.35,31.94,27.98,23.73,23.29,20.52
857,30.45,31.94,27.98,23.73,23.21,20.52
859,30.45,31.94,27.98,23.73,23.21,20.61
861,30.45,31.94,27.98,23.73,23.21,20.52
863,30.45,32.03,27.98,23.73,23.21,20.43
865,30.45,31.94,28.07,23.82,23.21,20.43
867,30.45,32.03,28.07,23.73,23.21,20.52
869,30.54,32.03,28.07,23.82,23.29,20.52
871,30.54,32.03,28.07,23.82,23.29,20.52
873,30.54,32.03,28.07,23.82,23.29,20.43
875,30.54,32.13,28.07,23.82,23.29,20.43
877,30.63,32.13,28.16,23.82,23.29,20.43
879,30.63,32.13,28.16,23.82,23.29,20.43
881,30.63,32.13,28.16,23.82,23.21,20.43
883,30.63,32.13,28.16,23.82,23.29,20.52
885,30.63,32.13,28.16,23.82,23.47,20.52
887,30.63,32.22,28.16,23.82,23.29,20.52
889,30.72,32.22,28.25,23.90,23.29,20.35
891,30.72,32.22,28.16,23.90,23.29,20.52
893,30.72,32.22,28.25,23.82,23.29,20.43
895,30.72,32.22,28.25,23.90,23.38,20.43
897,30.72,32.32,28.25,23.90,23.29,20.35
899,30.82,32.32,28.25,23.90,23.29,20.43
901,30.72,32.32,28.34,23.90,23.29,20.52
903,30.82,32.32,28.34,23.90,23.29,20.43
905,30.82,32.32,28.16,23.90,23.29,20.52
907,30.82,32.41,28.34,23.90,23.38,20.43
909,30.91,32.32,28.34,23.90,23.38,20.43
912,30.91,32.32,28.34,23.90,23.38,20.43
914,30.91,32.41,28.43,23.90,23.38,20.43
916,30.91,32.41,28.43,23.99,23.29,20.52
918,30.91,32.41,28.43,23.99,23.38,20.43
920,30.91,32.41,28.43,23.99,23.38,20.43
922,31.00,32.51,28.43,23.99,23.38,20.43
924,31.00,32.51,28.43,23.99,23.38,20.52
926,31.00,32.51,28.43,23.99,23.38,20.52
928,31.00,32.51,28.52,23.99,23.38,20.52
930,31.00,32.51,28.52,23.99,23.47,20.43
932,31.10,32.60,28.52,23.99,23.47,20.52
934,31.10,32.60,28.52,24.08,23.47,20.43
936,31.10,32.60,28.52,23.99,23.47,20.52
938,31.10,32.60,28.52,24.08,23.47,20.43
940,31.10,32.60,28.52,23.99,23.47,20.43
942,31.10,32.70,28.61,24.08,23.47,20.52
944,31.10,32.60,28.61,24.08,23.47,20.43
946,31.19,32.70,28.61,24.08,23.47,20.52
948,31.19,32.70,28.61,24.08,23.47,20.52
950,31.19,32.70,28.61,24.08,23.38,20.52
952,31.19,32.70,28.71,24.08,23.47,20.43
954,31.28,32.79,28.61,24.08,23.47,20.52
956,31.28,32.79,28.71,24.08,23.47,20.35
958,31.28,32.79,28.71,24.08,23.47,20.35
960,31.28,32.79,28.71,24.08,23.47,20.43
962,31.28,32.79,28.71,24.17,23.55,20.43
964,31.28,32.79,28.71,24.17,23.47,20.43
966,31.28,32.79,28.80,24.17,23.55,20.61
969,31.38,32.89,28.80,24.17,23.47,20.52
971,31.38,32.89,28.80,24.17,23.55,20.52
973,31.38,32.89,28.80,24.17,23.55,20.43
975,31.38,32.89,28.80,24.17,23.55,20.43
977,31.47,32.89,28.80,24.17,23.47,20.52
979,31.47,32.98,28.89,24.17,23.55,20.52
981,31.47,32.98,28.89,24.17,23.55,20.52
983,31.47,32.98,28.89,24.17,23.55,20.52
985,31.47,32.98,28.89,24.25,23.55,20.43
987,31.47,32.98,28.89,24.17,23.55,20.43
989,31.47,33.08,28.89,24.25,23.55,20.43
991,31.56,33.08,28.89,24.25,23.55,20.52
993,31.56,33.08,28.98,24.25,23.55,20.52
995,31.66,33.08,28.98,24.25,23.55,20.43
997,31.56,33.08,28.98,24.25,23.55,20.43
999,31.66,33.08,28.98,24.25,23.55,20.43
1001,31.66,33.08,28.98,24.25,23.55,20.52
1003,31.66,33.08,28.98,24.25,23.55,20.52
1005,31.66,33.18,28.98,24.25,23.55,20.43
1007,31.66,33.18,29.07,24.08,23.55,20.52
1009,31.66,33.18,29.07,24.25,23.55,20.43
1011,31.75,33.18,29.07,24.34,23.55,20.43
1013,31.75,33.18,29.07,24.25,23.55,20.78
1015,31.75,33.27,29.07,24.34,23.55,20.69
1017,31.75,33.27,29.07,24.34,23.55,20.52
1019,31.75,33.27,29.16,24.34,23.55,20.52
1021,31.75,33.27,28.98,24.34,23.64,20.52
1023,31.75,33.27,29.16,24.34,23.64,20.43
1026,31.85,33.37,29.16,24.34,23.64,20.43
1028,31.85,33.37,29.16,24.34,23.64,20.52
1030,31.85,33.37,29.16,24.34,23.64,20.35
1032,31.85,33.37,29.16,24.34,23.64,20.43
1034,31.85,33.37,29.16,24.34,23.64,20.43
1036,31.85,33.37,29.25,24.34,23.64,20.43
1038,31.94,33.37,29.25,24.34,23.64,20.43
1040,31.94,33.37,29.25,24.34,23.64,20.52
1042,31.94,33.46,29.25,24.43,23.64,20.43
1044,31.94,33.37,29.25,24.34,23.64,20.43
1046,31.94,33.46,29.25,24.43,23.64,20.43
1048,31.94,33.46,29.25,24.43,23.64,20.52
1050,32.03,33.46,29.34,24.43,23.64,20.52
1052,32.03,33.46,29.34,24.43,23.64,20.52
1054,32.03,33.56,29.34,24.43,23.64,20.52
1056,32.03,33.56,29.34,24.43,23.73,20.43
1058,32.03,33.56,29.43,24.43,23.73,20.43
1060,32.03,33.56,29.34,24.43,23.73,20.69
1062,32.13,33.56,29.34,24.43,23.73,20.35
1064,32.13,33.56,29.43,24.52,23.73,20.61
1066,32.13,33.56,29.43,24.52,23.73,20.43
1068,32.13,33.66,29.43,24.52,23.73,20.52
1070,32.13,33.66,29.43,24.52,23.73,20.52
1072,32.13,33.66,29.43,24.52,23.73,20.52
1074,32.13,33.66,29.43,24.52,23.73,20.52
1076,32.13,33.66,29.43,24.52,23.73,20.52
1078,32.22,33.66,29.53,24.52,23.82,20.52
1080,32.22,33.75,29.53,24.52,23.73,20.52
1083,32.22,33.75,29.53,24.52,23.82,20.52
1085,32.22,33.75,29.53,24.52,23.73,20.43
1087,32.22,33.75,29.53,24.52,23.82,20.52
1089,32.32,33.75,29.53,24.60,23.73,20.52
1091,32.32,33.75,29.53,24.60,23.82,20.78
1093,32.32,33.75,29.53,24.60,23.82,20.43
1095,32.32,33.75,29.62,24.60,23.82,20.52
1097,32.32,33.85,29.62,24.60,23.82,20.52
1099,32.32,33.85,29.62,24.60,23.82,20.52
1101,32.32,33.85,29.62,24.60,23.82,20.43
1103,32.32,33.85,29.62,24.60,23.82,20.52
1105,32.41,33.95,29.62,24.60,23.82,20.52
1107,32.41,33.95,29.71,24.60,23.82,20.43
1109,32.41,33.95,29.71,24.60,23.82,20.43
1111,32.41,33.95,29.71,24.60,23.82,20.52
1113,32.41,33.95,29.71,24.60,23.73,20.52
1115,32.51,33.95,29.71,24.60,23.82,20.43
1117,32.41,33.95,29.71,24.60,23.82,20.52
1119,32.51,33.95,29.71,24.69,23.82,20.52
1121,32.51,34.04,29.71,24.69,23.82,20.52
1123,32.51,34.04,29.71,24.69,23.82,20.52
1125,32.51,34.04,29.71,24.69,23.82,20.43
1127,32.51,33.95,29.80,24.69,23.90,20.52
1129,32.60,34.04,29.80,24.69,23.90,20.43
1131,32.60,34.04,29.80,24.69,23.90,20.43
1133,32.60,34.04,29.80,24.69,23.90,20.61
1135,32.60,34.04,29.80,24.69,23.90,20.43
1137,32.60,34.14,29.80,24.69,23.90,20.35
1139,32.60,34.14,29.80,24.69,23.90,20.43
1142,32.60,34.14,29.89,24.69,23.90,20.43
1144,32.70,34.14,29.89,24.69,23.90,20.52
1146,32.70,34.14,29.89,24.78,23.90,20.43
1148,32.70,34.14,29.89,24.69,23.90,20.52
1150,32.70,34.24,29.89,24.78,23.90,20.43
1152,32.70,34.24,29.89,24.69,23.90,20.52
1154,32.70,34.24,29.89,24.78,23.90,20.52
1156,32.79,34.24,29.99,24.78,23.90,20.52
1158,32.79,34.24,29.99,24.78,23.90,20.52
1160,32.79,34.24,29.99,24.78,23.90,20.43
1162,32.79,34.24,29.99,24.78,23.90,20.43
1164,32.79,34.24,29.99,24.78,23.99,20.43
1166,32.79,34.33,29.99,24.78,23.99,20.26
1168,32.79,34.24,29.99,24.78,23.90,20.43
1170,32.79,34.33,30.08,24.78,23.99,20.61
1172,32.89,34.33,30.08,24.87,23.99,20.43
1174,32.89,34.33,30.08,24.87,23.99,20.43
1176,32.89,34.33,30.08,24.87,23.90,20.43
1178,32.89,34.33,30.08,24.78,23.82,20.43
1180,32.89,34.33,30.08,24.87,23.99,20.43
1182,32.89,34.43,30.08,24.87,23.99,20.43
1184,32.89,34.53,30.08,24.87,23.99,20.43
1186,32.98,34.33,30.08,24.87,23.99,20.43
1188,32.98,34.43,30.08,24.87,23.99,20.43
1190,32.98,34.43,30.17,24.87,23.99,20.61
1192,32.98,34.43,30.17,24.87,23.99,20.43
1194,32.98,34.43,30.17,24.87,23.99,20.43
1196,32.98,34.43,30.17,24.87,23.99,20.52
1199,33.08,34.53,30.17,24.87,24.08,20.61
1201,33.08,34.53,30.17,24.87,24.08,20.69
1203,33.08,34.53,30.17,24.96,24.08,20.87
1205,33.08,34.53,30.17,24.96,24.17,20.95
1207,33.08,34.53,30.26,24.96,24.17,21.04
1209,33.08,34.53,30.26,24.96,24.34,21.13
1211,33.08,34.53,30.26,24.96,24.25,21.21
1213,33.08,34.53,30.26,24.96,24.25,21.21
1215,33.18,34.63,30.26,24.96,24.25,21.21
1217,33.18,34.63,30.26,24.96,24.25,21.13
1219,33.18,34.63,30.26,24.96,24.25,21.13
1221,33.18,34.63,30.26,24.96,24.25,21.04
1223,33.18,34.63,30.35,24.96,24.25,20.87
1225,33.18,34.63,30.35,24.96,24.34,20.87
1227,33.27,34.63,30.35,24.96,24.34,20.95
1229,33.27,34.63,30.35,25.04,24.34,20.87
1231,33.27,34.63,30.35,25.04,24.34,20.69
1233,33.27,34.73,30.35,25.04,24.34,20.95
1235,33.27,34.73,30.45,25.04,24.43,20.87
1237,33.27,34.73,30.35,25.04,24.34,20.87
1239,33.27,34.73,30.45,25.04,24.34,21.04
1241,33.27,34.73,30.35,25.04,24.34,20.87
1243,33.37,34.73,30.45,25.04,24.34,20.87
1245,33.37,34.73,30.45,25.04,24.34,20.95
1247,33.37,34.82,30.45,25.04,24.43,20.61
1249,33.37,34.73,30.45,25.13,24.34,20.95
1251,33.37,34.82,30.45,25.04,24.34,20.87
1253,33.37,34.82,30.45,25.13,24.34,20.87
1256,33.37,34.82,30.45,25.04,24.34,20.87
1258,33.46,34.82,30.54,25.13,24.43,20.78
1260,33.46,34.82,30.54,25.13,24.34,20.87
1262,33.46,34.82,30.54,25.13,24.43,20.87
1264,33.46,34.82,30.54,25.13,24.34,20.87
1266,33.46,34.92,30.54,25.13,24.43,20.87
1268,33.56,34.92,30.54,25.13,24.34,20.87
1270,33.56,34.92,30.54,25.13,24.34,20.87
1272,33.56,34.92,30.54,25.13,24.34,20.87
1274,33.56,34.92,30.63,25.22,24.34,20.78
1276,33.56,34.92,30.63,25.13,24.43,20.78
1278,33.56,35.02,30.63,25.22,24.34,20.69
1280,33.56,35.02,30.63,25.22,24.34,20.69
1282,33.56,35.02,30.63,25.22,24.34,20.78
1284,33.66,35.02,30.63,25.22,24.25,20.78
1286,33.66,35.02,30.63,25.22,24.34,20.78
1288,33.66,35.02,30.63,25.22,24.25,20.78
1290,33.66,35.02,30.72,25.22,24.25,20.69
1292,33.66,35.02,30.72,25.22,24.34,20.69
1294,33.66,35.02,30.63,25.22,24.25,20.87
1296,33.66,35.12,30.72,25.22,24.34,20.69
1298,33.66,35.12,30.72,25.22,24.34,20.69
1300,33.66,35.12,30.72,25.22,24.34,20.61
1302,33.66,35.12,30.72,25.31,24.34,20.69
1304,33.66,35.12,30.72,25.22,24.34,20.78
1306,33.75,35.12,30.72,25.31,24.34,20.69
1308,33.75,35.12,30.72,25.31,24.43,20.69
1310,33.75,35.22,30.82,25.31,24.34,20.61
1313,33.75,35.22,30.82,25.31,24.43,20.69
1315,33.75,35.22,30.82,25.31,24.43,20.61
1317,33.75,35.22,30.82,25.22,24.43,20.61
1319,33.75,35.22,30.82,25.31,24.43,20.61
1321,33.85,35.22,30.82,25.31,24.43,20.52
1323,33.85,35.22,30.82,25.31,24.43,20.52
1325,33.85,35.32,30.82,25.31,24.43,20.69
1327,33.85,35.22,30.91,25.31,24.43,20.52
1329,33.85,35.32,30.91,25.31,24.43,20.52
1331,33.85,35.32,30.91,25.31,24.43,20.52
1333,33.85,35.32,30.91,25.31,24.43,20.52
1335,33.85,35.32,30.91,25.40,24.43,20.52
1337,33.95,35.32,30.91,25.40,24.43,20.52
1339,33.95,35.32,30.91,25.40,24.34,20.52
1341,33.95,35.42,30.82,25.40,24.43,20.52
1343,33.95,35.42,31.00,25.40,24.43,20.52
1345,33.95,35.42,31.00,25.40,24.43,20.52
1347,33.95,35.42,31.00,25.40,24.43,20.52
1349,33.95,35.42,31.00,25.40,24.43,20.52
1351,33.95,35.42,31.00,25.40,24.43,20.61
1353,33.95,35.42,31.00,25.40,24.43,20.69
1355,34.04,35.42,31.00,25.40,24.43,20.61
1357,34.04,35.42,31.00,25.40,24.43,20.43
1359,34.04,35.51,31.00,25.40,24.43,20.43
1361,34.04,35.51,31.00,25.40,24.43,20.52
1363,34.04,35.51,31.10,25.48,24.43,20.52
1365,34.04,35.51,31.10,25.48,24.52,20.52
1367,34.14,35.51,31.10,25.48,24.43,20.61
1370,34.14,35.42,31.10,25.57,24.43,20.61
1372,34.14,35.51,31.10,25.48,24.43,20.61
1374,34.14,35.51,31.10,25.48,24.43,20.52
1376,34.14,35.51,31.10,25.48,24.43,20.61
1378,34.14,35.51,31.19,25.48,24.43,20.52
1380,34.14,35.51,31.19,25.48,24.43,20.52
1382,34.14,35.61,31.19,25.48,24.43,20.52
1384,34.14,35.61,31.19,25.48,24.43,20.52
1386,34.14,35.61,31.19,25.48,24.52,20.52
1388,34.14,35.61,31.19,25.48,24.52,20.61
1390,34.14,35.61,31.19,25.48,24.52,20.52
1392,34.24,35.61,31.19,25.48,24.52,20.52
1394,34.24,35.71,31.19,25.48,24.43,20.61
1396,34.24,35.71,31.28,25.48,24.52,20.69
1398,34.24,35.61,31.28,25.57,24.43,20.52
1400,34.24,35.71,31.19,25.57,24.52,20.52
1402,34.24,35.71,31.28,25.57,24.52,20.52
1404,34.24,35.71,31.28,25.57,24.52,20.52
1406,34.24,35.71,31.28,25.57,24.52,20.52
1408,34.24,35.71,31.28,25.57,24.60,20.52
1410,34.33,35.71,31.28,25.57,24.52,20.52
1412,34.33,35.71,31.28,25.57,24.52,20.52
1414,34.33,35.71,31.28,25.57,24.52,20.52
1416,34.33,35.71,31.38,25.57,24.60,20.61
1418,34.33,35.81,31.28,25.57,24.60,20.61
1420,34.33,35.81,31.28,25.57,24.60,20.61
1422,34.33,35.71,31.38,25.57,24.69,20.69
1424,34.33,35.81,31.38,25.57,24.60,20.78
1427,34.43,35.81,31.38,25.57,24.69,20.78
1429,34.33,35.81,31.38,25.57,24.69,20.87
1431,34.43,35.81,31.38,25.57,24.60,20.78
1433,34.53,35.81,31.38,25.57,24.69,20.87
1435,34.43,35.81,31.38,25.57,24.69,20.87
1437,34.43,35.81,31.38,25.57,24.69,20.78
1439,34.43,35.81,31.47,25.57,24.69,20.69
1441,34.43,35.81,31.47,25.57,24.69,20.69
1443,34.43,35.91,31.47,25.57,24.69,20.78
1445,34.43,35.91,31.47,25.57,24.60,20.69
1447,34.53,35.91,31.47,25.66,24.69,20.78
1449,34.53,35.91,31.47,25.66,24.69,20.78
1451,34.53,35.91,31.47,25.66,24.69,20.78
1453,34.53,35.91,31.47,25.66,24.69,20.69
1455,34.53,35.91,31.47,25.66,24.69,20.87
1457,34.53,35.91,31.56,25.66,24.69,20.87
1459,34.53,35.91,31.56,25.66,24.69,20.78
1461,34.53,35.91,31.56,25.66,24.69,20.69
1463,34.63,36.01,31.56,25.66,24.69,20.69
1465,34.63,36.01,31.56,25.66,24.69,20.69
1467,34.63,36.01,31.56,25.66,24.69,20.69
1469,34.63,36.01,31.56,25.75,24.69,20.69
1471,34.63,36.01,31.56,25.66,24.78,20.61
1473,34.63,36.01,31.56,25.75,24.78,20.61
1475,34.63,36.01,31.56,25.75,24.78,20.61
1477,34.63,36.01,31.66,25.66,24.78,20.61
1479,34.63,36.01,31.56,25.75,24.78,20.52
1481,34.73,36.11,31.66,25.75,24.69,20.61
1484,34.73,36.11,31.66,25.75,24.43,20.61
1486,34.73,36.11,31.66,25.75,24.78,20.69
1488,34.73,36.11,31.66,25.75,24.78,20.61
1490,34.73,36.11,31.66,25.75,24.78,20.61
1492,34.73,36.11,31.66,25.84,24.78,20.61
1494,34.73,36.11,31.66,25.75,24.78,20.61
1496,34.73,36.11,31.75,25.75,24.78,20.69
1498,34.73,36.21,31.66,25.84,24.78,20.69
1500,34.82,36.21,31.75,25.84,24.78,20.61
1502,34.82,36.21,31.75,25.84,24.78,20.61
1504,34.73,36.21,31.75,25.84,24.78,21.04
1506,34.82,36.21,31.75,25.84,24.78,20.69
1508,34.82,36.21,31.75,25.84,24.78,20.61
1510,34.82,36.21,31.75,25.84,24.78,20.69
1512,34.82,36.21,31.75,25.84,24.78,20.69
1514,34.82,36.21,31.75,25.84,24.87,20.61
1516,34.82,36.21,31.85,25.84,24.78,20.69
1518,34.82,36.21,31.85,25.84,24.78,21.04
1520,34.82,36.21,31.85,25.84,24.78,20.87
1522,34.82,36.21,31.85,25.84,24.78,20.69
1524,34.92,36.31,31.85,25.84,24.78,20.69
1526,34.92,36.31,31.85,25.84,24.78,20.69
1528,34.92,36.31,31.85,25.84,24.78,20.61
1530,34.92,36.31,31.85,25.84,24.69,20.61
1532,34.92,36.31,31.85,25.93,24.78,20.61
1534,34.92,36.31,31.85,25.93,24.78,20.61
1536,34.92,36.31,31.85,25.84,24.69,20.69
1538,34.92,36.31,31.85,25.93,24.69,20.69
1540,34.92,36.31,31.94,25.93,24.69,20.69
1543,34.92,36.41,31.94,25.93,24.69,20.61
1545,35.02,36.41,31.94,25.84,24.69,20.69
1547,35.02,36.31,31.94,25.93,24.69,20.69
1549,35.02,36.41,31.94,25.93,24.69,20.69
1551,35.02,36.41,31.94,25.93,24.69,20.69
1553,35.02,36.41,31.94,25.93,24.69,20.69
1555,35.02,36.41,31.94,25.93,24.78,20.69
1557,35.02,36.41,32.03,25.93,24.78,20.78
1559,35.02,36.41,32.03,25.93,24.78,20.78
1561,35.02,36.41,32.03,25.93,24.78,20.69
1563,35.02,36.41,32.03,25.93,24.78,20.61
1565,35.02,36.51,32.03,25.93,24.78,20.61
1567,35.12,36.51,32.03,25.93,24.78,20.61
1569,35.12,36.51,32.03,25.93,24.87,20.61
1571,35.12,36.51,32.03,25.93,24.87,20.61
1573,35.12,36.51,32.03,25.93,24.87,20.61
1575,35.12,36.51,32.03,25.93,24.87,20.69
1577,35.12,36.51,32.13,25.93,24.96,20.78
1579,35.12,36.51,32.03,25.93,24.96,20.78
1581,35.12,36.51,32.03,25.93,25.04,20.78
1583,35.22,36.51,32.13,25.93,25.04,20.87
1585,35.22,36.51,32.13,26.02,25.04,20.87
1587,35.22,36.51,32.13,26.02,25.13,20.87
1589,35.22,36.62,32.13,26.02,25.13,21.04
1591,35.22,36.51,32.13,26.02,25.13,20.95
1593,35.22,36.51,32.13,26.02,25.13,20.87
1595,35.22,36.62,32.13,26.02,25.22,20.87
1597,35.22,36.62,32.13,26.02,25.13,20.87
1600,35.32,36.62,32.13,26.02,25.22,20.95
1602,35.32,36.62,32.13,26.02,25.22,20.95
1604,35.32,36.62,32.13,26.02,25.22,20.87
1606,35.32,36.62,32.13,26.02,25.22,20.87
1608,35.32,36.62,32.13,26.02,25.22,20.87
1610,35.32,36.62,32.13,26.02,25.22,20.87
1612,35.32,36.62,32.13,26.02,25.22,20.95
1614,35.32,36.62,32.22,26.10,25.22,20.95
1616,35.32,36.62,32.22,26.02,25.31,20.95
1618,35.32,36.62,32.22,26.10,25.22,20.95
1620,35.42,36.62,32.22,26.10,25.22,20.78
1622,35.32,36.72,32.22,26.10,25.22,21.13
1624,35.42,36.72,32.22,26.10,25.22,20.87
1626,35.42,36.72,32.22,26.10,25.22,20.87
1628,35.42,36.72,32.22,26.10,25.22,20.87
1630,35.42,36.72,32.22,26.10,25.22,20.87
1632,35.42,36.82,32.22,26.10,24.96,20.87
1634,35.42,36.62,32.22,26.10,25.22,20.87
1636,35.42,36.72,32.22,26.19,25.22,20.87
1638,35.51,36.72,32.32,26.19,25.22,20.69
1640,35.51,36.82,32.32,26.10,25.13,20.78
1642,35.51,36.82,32.32,26.19,25.22,20.78
1644,35.51,36.82,32.32,26.19,25.13,20.78
1646,35.51,36.82,32.32,26.19,25.22,20.78
1648,35.51,36.82,32.32,26.19,25.22,20.78
1650,35.51,36.82,32.32,26.19,25.22,20.78
1652,35.51,36.82,32.32,26.19,25.22,20.87
1654,35.51,36.92,32.32,26.19,25.22,20.78
1657,35.51,36.92,32.32,26.19,25.22,20.78
1659,35.51,36.92,32.41,26.19,25.22,20.78
1661,35.51,36.92,32.41,26.28,25.22,20.78
1663,35.61,36.92,32.41,26.28,25.13,20.78
1665,35.61,36.92,32.41,26.28,25.22,20.69
1667,35.61,36.92,32.41,26.28,25.22,20.69
1669,35.61,36.92,32.41,26.28,25.22,20.78
1671,35.61,36.92,32.41,26.28,25.22,20.78
1673,35.61,36.92,32.41,26.28,25.22,20.78
1675,35.61,36.92,32.41,26.28,25.22,20.78
1677,35.61,36.92,32.41,26.28,25.13,20.69
1679,35.61,36.92,32.51,26.28,25.22,20.87
1681,35.61,37.02,32.51,26.28,25.22,20.95
1683,35.71,37.02,32.51,26.28,25.22,21.21
1685,35.61,37.02,32.51,26.28,25.22,21.13
1687,35.71,37.02,32.51,26.28,25.22,21.13
1689,35.61,37.02,32.51,26.37,25.22,21.04
1691,35.71,37.02,32.51,26.28,25.22,20.95
1693,35.71,37.02,32.51,26.28,25.22,20.87
1695,35.71,37.02,32.51,26.37,25.22,20.95
1697,35.71,37.02,32.51,26.28,25.22,20.87
1699,35.71,37.02,32.51,26.37,25.22,20.95
1701,35.71,37.12,32.60,26.37,25.22,20.95
1703,35.71,37.12,32.60,26.37,25.31,20.95
1705,35.71,37.12,32.60,26.37,25.22,20.95
1707,35.71,37.02,32.60,26.37,25.31,20.95
1709,35.71,37.12,32.60,26.37,25.22,20.95
1711,35.71,37.12,32.60,26.37,25.31,20.87
1714,35.81,37.12,32.70,26.37,25.22,21.13
1716,35.81,37.12,32.60,26.37,25.22,21.04
1718,35.81,37.12,32.60,26.37,25.22,20.95
1720,35.81,37.12,32.60,26.37,25.31,20.95
1722,35.81,37.12,32.70,26.37,25.31,21.04
1724,35.81,37.22,32.70,26.37,25.22,20.95
1726,35.91,37.12,32.70,26.37,25.31,20.69
1728,35.81,37.22,32.70,26.37,25.31,20.87
1730,35.91,37.22,32.70,26.37,25.31,21.04
1732,35.91,37.22,32.70,26.46,25.31,20.95
1734,35.91,37.22,32.70,26.37,25.31,21.04
1736,35.91,37.22,32.70,26.37,25.31,20.95
1738,35.91,37.22,32.70,26.46,25.31,21.04
1740,35.91,37.22,32.70,26.37,25.31,20.95
1742,35.91,37.22,32.70,26.37,25.31,20.87
1744,35.91,37.22,32.79,26.46,25.31,20.87
1746,35.91,37.22,32.79,26.46,25.31,20.78
1748,35.91,37.33,32.79,26.46,25.31,20.87
1750,35.91,37.33,32.79,26.46,25.31,20.87
1752,35.91,37.33,32.79,26.46,25.31,20.87
1754,35.91,37.33,32.79,26.46,25.31,20.95
1756,36.01,37.33,32.79,26.46,25.40,20.87
1758,36.01,37.43,32.79,26.46,25.31,20.95
1760,36.01,37.33,32.79,26.46,25.40,20.95
1762,36.01,37.33,32.79,26.55,25.31,20.95
1764,36.01,37.33,32.79,26.55,25.31,20.95
1766,36.01,37.33,32.89,26.55,25.40,20.95
1768,36.01,37.43,32.79,26.55,25.40,20.95
1771,36.01,37.43,32.89,26.55,25.40,20.78
1773,36.01,37.43,32.89,26.55,25.40,20.87
1775,36.01,37.43,32.89,26.55,25.40,20.87
1777,36.11,37.43,32.89,26.55,25.40,20.87
1779,36.11,37.43,32.89,26.55,25.40,20.95
1781,36.11,37.43,32.89,26.55,25.40,21.04
1783,36.11,37.43,32.89,26.55,25.40,21.04
1785,36.11,37.43,32.89,26.55,25.40,20.95
1787,36.11,37.43,32.89,26.55,25.40,20.95
1789,36.11,37.43,32.89,26.55,25.40,21.04
1791,36.11,37.53,32.89,26.55,25.40,20.95
1793,36.11,37.53,32.98,26.55,25.40,20.95
1795,36.11,37.53,32.98,26.55,25.48,20.95
1797,36.21,37.53,32.98,26.55,25.48,20.78
1799,36.11,37.53,32.98,26.55,25.48,20.78
1801,36.21,37.53,32.98,26.64,25.48,20.78
1803,36.21,37.53,32.98,26.64,25.48,20.78
1805,36.31,37.53,32.98,26.64,25.48,20.78
1807,36.21,37.53,32.98,26.64,25.48,20.87
1809,36.21,37.53,32.98,26.64,25.48,20.95
1811,36.21,37.53,32.98,26.64,25.48,20.87
1813,36.21,37.63,32.98,26.64,25.48,20.87
1815,36.21,37.63,32.98,26.64,25.48,20.87
1817,36.21,37.63,32.98,26.64,25.48,20.95
1819,36.21,37.63,33.08,26.64,25.48,20.95
1821,36.21,37.63,32.98,26.64,25.48,20.95
1823,36.31,37.63,33.08,26.64,25.48,21.04
1825,36.31,37.63,32.98,26.64,25.48,20.87
1828,36.31,37.63,33.08,26.73,25.48,20.87
1830,36.31,37.63,33.08,26.73,25.48,20.87
1832,36.31,37.63,33.08,26.64,25.48,20.78
1834,36.31,37.63,33.08,26.73,25.48,20.78
1836,36.31,37.63,33.08,26.73,25.48,20.78
1838,36.31,37.63,33.08,26.73,25.48,20.61
1840,36.41,37.74,33.08,26.73,25.48,20.78
1842,36.31,37.74,33.08,26.73,25.48,20.78
1844,36.31,37.74,33.18,26.73,25.48,20.78
1846,36.31,37.74,33.18,26.73,25.48,20.78
1848,36.41,37.74,33.18,26.73,25.48,20.78
1850,36.41,37.74,33.18,26.73,25.48,20.78
1852,36.41,37.74,33.18,26.73,25.48,20.78
1854,36.41,37.74,33.18,26.73,25.48,20.69
1856,36.41,37.74,33.18,26.73,25.48,20.78
1858,36.41,37.74,33.18,26.73,25.48,20.69
1860,36.41,37.74,33.18,26.82,25.48,20.78
1862,36.41,37.74,33.18,26.82,25.48,20.78
1864,36.41,37.74,33.18,26.73,25.57,20.87
1866,36.41,37.84,33.18,26.82,25.57,20.87
1868,36.41,37.84,33.18,26.82,25.57,20.87
1870,36.41,37.84,33.27,26.82,25.57,20.87
1872,36.41,37.84,33.27,26.82,25.57,20.78
1874,36.51,37.84,33.27,26.82,25.57,20.87
1876,36.41,37.84,33.27,26.82,25.57,20.78
1878,36.51,37.94,33.27,26.82,25.57,20.87
1880,36.51,37.84,33.27,26.82,25.57,20.87
1882,36.51,37.84,33.27,26.82,25.48,20.87
1885,36.51,37.84,33.27,26.82,25.48,20.87
1887,36.51,37.84,33.37,26.82,25.57,20.87
1889,36.51,37.84,33.27,26.82,25.57,20.87
1891,36.51,37.84,33.37,26.82,25.57,20.87
1893,36.51,37.84,33.37,26.82,25.57,20.87
1895,36.51,37.84,33.37,26.82,25.57,20.87
1897,36.51,37.84,33.37,26.91,25.57,20.87
1899,36.51,37.94,33.37,26.91,25.57,20.87
1901,36.62,37.94,33.37,26.91,25.57,20.87
1903,36.51,37.94,33.37,26.91,25.57,20.87
1905,36.51,37.94,33.37,26.82,25.57,20.87
1907,36.51,37.94,33.37,26.91,25.57,20.87
1909,36.62,37.94,33.37,26.82,25.57,20.87
1911,36.62,37.94,33.46,26.91,25.57,20.87
1913,36.62,37.94,33.37,26.91,25.66,20.78
1915,36.62,37.94,33.46,26.91,25.57,20.78
1917,36.62,37.94,33.46,26.91,25.57,20.78
1919,36.62,37.94,33.46,26.91,25.66,20.78
1921,36.62,37.94,33.46,26.91,25.57,20.78
1923,36.62,38.05,33.46,26.91,25.57,20.87
1925,36.62,37.94,33.46,26.91,25.66,20.78
1927,36.62,38.05,33.46,26.91,25.66,20.78
1929,36.62,38.05,33.46,26.91,25.66,20.78
1931,36.72,37.94,33.46,26.91,25.66,20.69
1933,36.62,38.05,33.46,26.91,25.66,20.78
1935,36.62,38.05,33.46,26.91,25.66,20.78
1937,36.72,38.05,33.46,26.91,25.66,20.87
1939,36.72,38.05,33.56,26.91,25.66,20.78
1941,36.72,38.05,33.56,26.91,25.66,20.87
1944,36.72,37.94,33.56,26.99,25.66,20.87
1946,36.72,38.05,33.56,26.99,25.66,20.78
1948,36.72,38.05,33.56,26.91,25.75,20.78
1950,36.72,38.05,33.56,26.91,25.66,21.13
1952,36.72,38.15,33.56,26.91,25.75,21.13
1954,36.72,38.15,33.56,26.99,25.75,21.04
1956,36.72,38.15,33.56,26.99,25.75,21.04
1958,36.72,38.15,33.56,26.99,25.66,21.04
1960,36.72,38.15,33.56,26.99,25.66,20.95
1962,36.82,38.15,33.56,26.99,25.66,20.95
1964,36.82,38.15,33.56,26.99,25.66,20.95
1966,36.82,38.15,33.56,26.99,25.66,20.95
1968,36.82,38.15,33.66,26.99,25.66,20.87
1970,36.82,38.15,33.66,26.99,25.66,20.95
1972,36.82,38.15,33.66,26.99,25.66,20.95
1974,36.82,38.15,33.66,26.99,25.66,20.95
1976,36.82,38.15,33.66,26.99,25.66,20.95
1978,36.82,38.15,33.66,26.99,25.66,20.95
1980,36.82,38.15,33.66,26.99,25.66,20.87
1982,36.82,38.15,33.66,26.99,25.66,20.87
1984,36.82,38.15,33.66,26.99,25.66,20.78
1986,36.82,38.15,33.66,26.99,25.66,20.78
1988,36.82,38.25,33.66,26.99,25.66,20.78
1990,36.72,38.25,33.66,26.99,25.66,20.78
1992,36.82,38.25,33.66,26.99,25.66,20.78
1994,36.92,38.25,33.66,26.99,25.66,20.69
1996,36.92,38.25,33.66,26.99,25.66,20.69
1998,36.92,38.15,33.75,26.99,25.57,20.61
2001,36.92,38.25,33.66,26.99,25.66,20.69
2003,36.92,38.25,33.75,27.08,25.66,20.69
2005,36.92,38.25,33.75,26.99,25.75,20.69
2007,36.92,38.25,33.75,26.99,25.66,20.69
2009,36.92,38.25,33.75,27.08,25.75,20.78
2011,36.92,38.25,33.75,27.08,25.75,20.78
2013,36.92,38.25,33.75,27.08,25.75,20.78
2015,36.92,38.36,33.75,27.08,25.75,20.78
2017,36.92,38.25,33.75,27.08,25.75,20.78
2019,36.92,38.36,33.75,27.08,25.75,20.87
2021,37.02,38.36,33.75,27.08,25.75,20.78
2023,37.02,38.36,33.75,27.08,25.84,20.87
2025,37.02,38.36,33.75,27.08,25.75,20.78
2027,37.02,38.36,33.75,27.08,25.75,20.78
2029,37.02,38.36,33.85,27.08,25.75,20.69
2031,37.02,38.36,33.75,27.08,25.84,20.69
2033,37.02,38.36,33.85,27.08,25.75,20.69
2035,37.02,38.36,33.85,27.08,25.75,20.78
2037,37.02,38.36,33.85,27.08,25.84,20.78
2039,37.02,38.36,33.85,27.08,25.84,20.78
2041,37.02,38.36,33.85,27.17,25.84,20.61
2043,37.02,38.36,33.85,27.08,25.84,20.87
2045,37.02,38.46,33.85,27.17,25.84,20.78
2047,37.12,38.46,33.85,27.35,25.84,20.69
2049,37.12,38.46,33.85,27.17,25.84,20.69
2051,37.12,38.46,33.85,27.17,25.84,20.78
2053,37.02,38.46,33.85,27.17,25.84,20.78
2055,37.12,38.46,33.85,27.17,25.84,20.87
2058,37.12,38.46,33.85,27.17,25.84,20.87
2060,37.12,38.46,33.85,27.17,25.84,20.87
2062,37.12,38.46,33.85,27.17,25.84,20.78
2064,37.12,38.46,33.85,27.17,25.84,21.13
2066,37.12,38.46,33.95,27.17,25.84,20.87
2068,37.12,38.46,33.95,27.17,25.84,20.78
2070,37.12,38.46,33.95,27.17,25.84,20.78
2072,37.12,38.46,33.95,27.17,25.84,20.78
2074,37.12,38.57,33.95,27.17,25.84,20.78
2076,37.22,38.57,33.95,27.17,25.84,20.78
2078,37.22,38.57,33.95,27.17,25.84,20.78
2080,37.22,38.57,33.95,27.17,25.84,20.78
2082,37.22,38.57,33.95,27.17,25.84,20.87
2084,37.22,38.57,33.95,27.17,25.84,20.87
2086,37.22,38.57,33.95,27.26,25.84,20.87
2088,37.22,38.57,33.95,27.26,25.84,20.87
2090,37.22,38.57,34.04,27.26,25.84,20.87
2092,37.22,38.57,34.04,27.17,25.84,20.87
2094,37.22,38.57,34.04,27.26,25.84,20.87
2096,37.22,38.57,34.04,27.26,25.84,20.95
2098,37.22,38.57,34.04,27.26,25.93,20.87
2100,37.22,38.57,34.04,27.26,25.93,20.87
2102,37.33,38.67,34.04,27.26,25.93,20.78
2104,37.33,38.57,34.04,27.26,25.84,20.87
2106,37.33,38.67,34.04,27.26,25.93,20.87
2108,37.33,38.67,34.04,27.26,25.84,20.87
2110,37.33,38.67,34.04,27.26,25.93,20.87
2112,37.33,38.67,34.04,27.26,25.93,20.78
2115,37.33,38.67,34.04,27.26,25.84,20.87
2117,37.33,38.67,34.14,27.26,25.93,20.78
2119,37.33,38.67,34.04,27.26,25.93,20.78
2121,37.33,38.67,34.04,27.26,25.84,20.87
2123,37.43,38.67,34.04,27.26,25.93,20.78
2125,37.33,38.67,34.14,27.26,25.93,20.87
2127,37.33,38.67,34.04,27.26,25.93,20.78
2129,37.43,38.67,34.14,27.26,25.93,20.78
2131,37.43,38.67,34.14,27.26,25.93,20.35
2133,37.43,38.67,34.14,27.26,25.93,20.78
2135,37.43,38.67,34.14,27.35,25.93,20.61
2137,37.33,38.67,34.14,27.35,25.75,20.78
2139,37.43,38.67,34.14,27.26,26.19,20.78
2141,37.43,38.77,34.14,27.26,26.02,20.78
2143,37.43,38.77,34.14,27.35,25.93,20.78
2145,37.43,38.77,34.14,27.35,26.02,20.78
2147,37.43,38.77,34.14,27.35,26.02,20.78
2149,37.43,38.77,34.14,27.35,26.02,20.78
2151,37.43,38.77,34.14,27.35,26.02,20.87
2153,37.43,38.77,34.14,27.35,26.02,20.78
2155,37.43,38.77,34.14,27.35,26.02,20.87
2157,37.43,38.77,34.24,27.35,26.02,20.78
2159,37.43,38.77,34.24,27.35,26.02,20.78
2161,37.43,38.77,34.24,27.35,26.02,20.87
2163,37.43,38.77,34.24,27.35,26.02,20.69
2165,37.43,38.77,34.24,27.35,26.02,20.78
2167,37.43,38.77,34.24,27.35,26.02,20.78
2169,37.53,38.77,34.24,27.35,26.02,20.78
2172,37.53,38.88,34.24,27.35,26.02,20.78
2174,37.53,38.88,34.24,27.44,26.02,20.78
2176,37.53,38.88,34.24,27.44,26.02,20.78
2178,37.53,38.88,34.24,27.44,26.02,20.78
2180,37.53,38.88,34.24,27.44,26.02,20.78
2182,37.53,38.88,34.24,27.44,26.10,20.87
2184,37.53,38.88,34.24,27.44,26.02,20.78
2186,37.53,38.88,34.24,27.44,26.02,20.87
2188,37.53,38.88,34.24,27.35,26.02,20.78
2190,37.53,38.88,34.24,27.44,26.02,20.78
2192,37.53,38.88,34.33,27.44,26.10,20.78
2194,37.53,38.88,34.24,27.44,26.02,20.78
2196,37.53,38.88,34.24,27.44,26.10,20.87
2198,37.53,38.88,34.33,27.44,26.10,20.95
2200,37.53,38.88,34.33,27.44,26.10,20.87
2202,37.63,38.88,34.33,27.44,26.10,20.87
2204,37.63,38.98,34.33,27.44,26.10,20.87
2206,37.63,38.88,34.33,27.44,26.10,20.87
2208,37.63,38.98,34.33,27.44,26.10,20.87
2210,37.63,38.98,34.33,27.44,26.10,20.87
2212,37.63,38.98,34.33,27.44,26.10,20.87
2214,37.63,38.98,34.33,27.44,26.10,20.87
2216,37.63,38.98,34.33,27.44,26.10,20.87
2218,37.63,38.98,34.33,27.53,26.10,20.87
2220,37.63,38.98,34.33,27.53,26.10,20.87
2222,37.63,38.98,34.43,27.44,26.10,20.78
2224,37.63,38.98,34.43,27.53,26.10,20.87
2226,37.63,38.98,34.43,27.44,26.02,20.87
2229,37.63,38.98,34.43,27.53,26.10,20.95
2231,37.63,38.98,34.43,27.53,26.10,20.95
2233,37.63,39.09,34.43,27.53,26.10,20.95
2235,37.74,38.98,34.43,27.53,26.10,20.87
2237,37.63,38.98,34.43,27.53,26.10,20.95
2239,37.63,38.98,34.43,27.53,26.10,20.95
2241,37.74,39.09,34.43,27.53,26.10,20.78
2243,37.74,38.98,34.43,27.53,26.10,20.78
2245,37.74,38.98,34.43,27.53,26.10,20.87
2247,37.74,39.09,34.53,27.53,26.10,20.87
2249,37.74,39.09,34.43,27.53,26.10,20.78
2251,37.74,39.09,34.43,27.53,26.28,20.95
2253,37.74,39.09,34.43,27.53,26.19,20.95
2255,37.74,39.09,34.43,27.53,26.19,20.95
2257,37.74,39.09,34.43,27.53,26.10,20.95
2259,37.74,39.09,34.53,27.53,26.10,20.87
2261,37.74,39.09,34.43,27.53,26.19,20.87
2263,37.74,39.09,34.53,27.53,26.10,20.87
2265,37.74,39.09,34.53,27.53,26.10,20.95
2267,37.84,39.09,34.53,27.53,26.19,20.95
2269,37.84,39.09,34.53,27.53,26.19,21.04
2271,37.84,39.09,34.53,27.62,26.19,21.13
2273,37.84,39.20,34.53,27.62,26.19,21.13
2275,37.84,39.09,34.53,27.62,26.10,21.13
2277,37.84,39.09,34.53,27.53,26.10,21.21
2279,37.84,39.20,34.53,27.62,26.19,21.04
2281,37.84,39.20,34.53,27.62,26.19,21.04
2283,37.84,39.20,34.53,27.62,26.19,20.87
2286,37.84,39.20,34.53,27.62,26.19,20.95
2288,37.84,39.20,34.53,27.62,26.37,20.95
2290,37.84,39.20,34.53,27.62,26.10,20.95
2292,37.84,39.20,34.63,27.62,26.10,20.95
2294,37.84,39.20,34.53,27.62,25.84,20.78
2296,37.84,39.20,34.63,27.62,26.10,20.87
2298,37.84,39.20,34.63,27.62,26.19,20.95
2300,37.94,39.20,34.63,27.62,26.19,20.95
2302,37.94,39.20,34.63,27.62,26.19,20.95
2304,37.94,39.20,34.63,27.62,26.19,20.87
2306,37.94,39.20,34.63,27.62,26.19,20.95
2308,37.84,39.20,34.63,27.62,26.19,20.87
2310,37.94,39.20,34.63,27.62,26.28,20.78
2312,37.94,39.20,34.63,27.62,26.19,20.87
2314,37.94,39.20,34.63,27.62,26.19,20.87
2316,37.94,39.20,34.63,27.62,26.19,20.87
2318,37.94,39.20,34.63,27.62,26.19,20.87
2320,37.94,39.30,34.63,27.62,26.19,20.95
2322,37.94,39.30,34.63,27.62,26.19,20.95
2324,37.94,39.30,34.63,27.62,26.19,20.95
2326,37.94,39.20,34.63,27.62,26.19,20.95
2328,37.94,39.20,34.63,27.62,26.19,20.87
2330,37.94,39.30,34.73,27.62,26.19,20.87
2332,37.94,39.30,34.63,27.71,26.19,20.87
2334,38.05,39.30,34.73,27.71,26.19,20.78
2336,37.94,39.30,34.73,27.71,26.19,20.87
2338,38.05,39.30,34.73,27.71,26.19,20.87
2340,38.05,39.30,34.73,27.71,26.19,20.87
2342,38.05,39.30,34.73,27.71,26.19,20.95
2345,38.05,39.30,34.73,27.71,26.28,20.87
2347,38.05,39.30,34.73,27.71,26.28,20.87
2349,38.05,39.30,34.73,27.71,26.28,20.95
2351,38.05,39.30,34.73,27.71,26.28,20.87
2353,38.05,39.30,34.73,27.71,26.28,20.95
2355,38.05,39.41,34.73,27.71,26.28,20.95
2357,38.05,39.41,34.73,27.71,26.28,20.95
2359,38.05,39.41,34.73,27.71,26.28,20.95
2361,38.05,39.41,34.73,27.71,26.37,21.13
2363,38.05,39.30,34.73,27.71,26.28,20.95
2365,38.05,39.41,34.73,27.71,26.37,20.69
2367,38.05,39.41,34.73,27.71,26.28,21.21
2369,38.05,39.41,34.82,27.71,26.28,21.04
2371,38.15,39.41,34.73,27.71,26.28,21.13
2373,38.15,39.41,34.82,27.71,26.28,21.13
2375,38.15,39.41,34.73,27.71,26.19,21.04
2377,38.15,39.41,34.82,27.71,26.28,20.95
2379,38.15,39.41,34.73,27.71,26.28,20.95
2381,38.15,39.41,34.82,27.71,26.28,20.87
2383,38.15,39.41,34.82,27.71,26.28,21.04
2385,38.15,39.51,34.82,27.71,26.28,21.04
2387,38.15,39.41,34.82,27.80,26.28,20.95
2389,38.15,39.41,34.82,27.80,26.28,20.95
2391,38.15,39.41,34.82,27.71,26.28,20.87
2393,38.15,39.41,34.82,27.80,26.28,20.95
2395,38.15,39.41,34.82,27.80,26.28,20.95
2397,38.15,39.51,34.82,27.80,26.28,20.95
2399,38.15,39.51,34.82,27.80,26.28,20.95
2402,38.15,39.41,34.82,27.80,26.19,20.95
2404,38.15,39.51,34.82,27.80,26.28,20.95
2406,38.15,39.51,34.92,27.80,26.19,20.95
2408,38.15,39.51,34.92,27.80,26.19,20.95
2410,38.15,39.51,34.92,27.80,26.28,20.95
2412,38.15,39.51,34.92,27.80,26.28,21.04
2414,38.15,39.51,34.92,27.80,26.28,20.95
2416,38.15,39.51,34.92,27.80,26.28,20.87
2418,38.15,39.51,34.92,27.80,26.28,21.04
2420,38.25,39.51,34.92,27.80,26.28,20.95
2422,38.25,39.51,34.92,27.80,26.37,21.30
2424,38.25,39.51,34.92,27.80,26.28,20.95
2426,38.25,39.51,34.92,27.80,26.28,20.95
2428,38.15,39.51,34.92,27.80,26.28,20.95
2430,38.25,39.51,34.92,27.80,26.37,20.87
2432,38.25,39.51,34.92,27.80,26.28,21.04
2434,38.25,39.51,34.92,27.80,26.37,21.04
2436,38.25,39.51,34.92,27.80,26.37,20.95
2438,38.25,39.62,35.02,27.80,26.37,20.95
2440,38.25,39.62,34.92,27.89,26.37,20.95
2442,38.25,39.51,35.02,27.80,26.37,20.95
2444,38.25,39.62,34.92,27.80,26.37,21.04
2446,38.25,39.62,35.02,27.80,26.37,21.04
2448,38.25,39.62,35.02,27.80,26.28,21.04
2450,38.25,39.51,35.02,27.80,26.37,21.13
2452,38.25,39.62,34.92,27.89,26.37,21.13
2454,38.25,39.62,35.02,27.80,26.37,21.13
2456,38.25,39.62,35.02,27.89,26.37,21.21
2459,38.25,39.62,35.02,27.80,26.37,21.21
2461,38.36,39.62,35.02,27.89,26.37,21.13
2463,38.36,39.62,35.02,27.89,26.28,21.13
2465,38.36,39.62,35.02,27.89,26.37,21.13
2467,38.36,39.62,35.02,27.89,26.37,21.13
2469,38.36,39.62,35.02,27.89,26.37,21.13
2471,38.36,39.62,35.02,27.89,26.37,21.13
2473,38.25,39.62,35.02,27.89,26.37,21.04
2475,38.36,39.62,35.02,27.89,26.37,21.04
2477,38.36,39.62,35.02,27.89,26.37,21.21
2479,38.36,39.62,35.12,27.89,26.37,21.13
2481,38.36,39.62,35.02,27.89,26.37,21.13
2483,38.36,39.73,35.12,27.89,26.46,21.04
2485,38.36,39.62,35.02,27.80,26.46,21.13
2487,38.36,39.73,35.12,27.89,26.46,21.13
2489,38.36,39.73,35.12,27.89,26.37,21.13
2491,38.36,39.73,35.02,27.89,26.46,21.30
2493,38.36,39.73,35.12,27.89,26.46,21.30
2495,38.36,39.73,35.12,27.89,26.46,21.30
2497,38.36,39.73,35.12,27.89,26.37,21.30
2499,38.36,39.73,35.12,27.89,26.37,21.30
2501,38.46,39.73,35.12,27.89,26.37,21.21
2503,38.46,39.73,35.12,27.89,26.37,21.21
2505,38.46,39.73,35.12,27.89,26.37,21.21
2507,38.46,39.73,35.12,27.89,26.37,21.21
2509,38.46,39.73,35.12,27.89,26.37,21.21
2511,38.46,39.73,35.12,27.89,26.37,21.13
2513,38.46,39.73,35.02,27.89,26.37,21.13
2516,38.46,39.73,35.12,27.89,26.37,21.13
2518,38.46,39.73,35.12,27.89,26.37,21.13
2520,38.46,39.73,35.12,27.89,26.37,21.13
2522,38.46,39.73,35.12,27.89,26.37,21.13
2524,38.46,39.73,35.12,27.89,26.37,21.21
2526,38.46,39.73,35.12,27.89,26.37,21.21
2528,38.46,39.73,35.22,27.89,26.37,21.30
2530,38.46,39.73,35.22,27.89,26.46,21.30
2532,38.46,39.73,35.12,27.89,26.37,21.21
2534,38.46,39.73,35.22,27.89,26.46,21.21
2536,38.46,39.73,35.22,27.89,26.37,21.21
2538,38.46,39.73,35.22,27.89,26.46,21.21
2540,38.46,39.83,35.22,27.98,26.46,21.30
2542,38.46,39.83,35.22,27.89,26.46,21.30
2544,38.46,39.83,35.22,27.89,26.46,21.30
2546,38.46,39.73,35.22,27.98,26.46,21.30
2548,38.46,39.83,35.22,27.98,26.37,21.30
2550,38.46,39.83,35.22,27.98,26.37,21.21
2552,38.46,39.83,35.22,27.89,26.46,21.21
2554,38.46,39.83,35.22,27.98,26.46,21.21
2556,38.46,39.83,35.22,27.98,26.46,21.13
2558,38.46,39.83,35.22,27.98,26.46,21.21
2560,38.46,39.83,35.22,27.98,26.46,21.13
2562,38.57,39.83,35.22,27.98,26.46,21.13
2564,38.57,39.83,35.22,27.98,26.46,21.04
2566,38.57,39.83,35.32,27.98,26.46,21.13
2568,38.57,39.83,35.32,27.98,26.55,21.04
2570,38.57,39.83,35.32,27.98,26.46,21.04
2573,38.57,39.83,35.22,27.98,26.55,21.13
2575,38.57,39.83,35.32,27.98,26.55,21.13
2577,38.57,39.83,35.32,27.98,26.46,21.13
2579,38.57,39.83,35.32,27.98,26.46,21.13
2581,38.57,39.83,35.32,27.98,26.55,21.13
2583,38.57,39.83,35.32,27.98,26.46,21.13
2585,38.57,39.94,35.32,27.98,26.55,21.21
2587,38.57,39.94,35.32,27.98,26.46,21.21
2589,38.57,39.94,35.32,27.98,26.55,21.13
2591,38.57,39.94,35.32,27.98,26.55,21.13
2593,38.57,39.94,35.32,27.98,26.46,21.13
2595,38.57,39.94,35.32,27.98,26.55,21.04
2597,38.57,39.94,35.32,28.07,26.46,21.04
2599,38.57,39.94,35.32,28.07,26.46,21.13
2601,38.57,39.94,35.32,27.98,26.46,21.13
2603,38.57,39.94,35.32,28.07,26.46,21.13
2605,38.57,39.94,35.32,27.98,26.55,21.13
2607,38.67,39.94,35.32,27.98,26.46,21.21
2609,38.67,39.94,35.32,28.07,26.46,21.13
2611,38.67,39.94,35.32,28.07,26.55,21.21
2613,38.67,39.94,35.42,28.07,26.46,21.13
2615,38.67,39.94,35.32,28.07,26.55,21.13
2617,38.67,39.94,35.32,28.07,26.55,21.13
2619,38.67,39.94,35.42,28.07,26.55,21.13
2621,38.67,39.94,35.42,28.07,26.55,21.13
2623,38.67,39.94,35.42,28.07,26.55,21.13
2625,38.67,39.94,35.42,28.07,26.55,21.04
2627,38.67,39.94,35.42,28.07,26.55,21.13
2630,38.67,40.05,35.42,28.07,26.55,21.13
2632,38.67,39.94,35.42,28.07,26.55,21.13
2634,38.67,40.05,35.42,28.16,26.55,21.13
2636,38.67,39.94,35.42,28.07,26.55,21.13
2638,38.67,39.94,35.42,28.07,26.55,21.13
2640,38.67,39.94,35.42,28.07,26.55,21.13
2642,38.67,40.05,35.42,28.07,26.55,21.13
2644,38.67,40.05,35.42,28.07,26.55,21.21
2646,38.67,40.05,35.42,28.07,26.55,21.13
2648,38.67,40.05,35.42,28.07,26.55,21.21
2650,38.67,40.05,35.42,28.07,26.55,21.21
2652,38.67,40.05,35.42,28.07,26.55,21.13
2654,38.77,40.05,35.42,28.07,26.55,21.13
2656,38.67,40.05,35.42,28.07,26.64,21.21
2658,38.67,40.05,35.42,28.07,26.64,21.13
2660,38.77,40.05,35.51,28.07,26.64,21.21
2662,38.77,40.05,35.42,28.07,26.64,21.21
2664,38.67,40.05,35.42,28.07,26.64,21.21
2666,38.67,40.05,35.42,28.16,26.64,21.30
2668,38.77,40.05,35.42,28.16,26.64,21.30
2670,38.77,40.15,35.51,28.16,26.64,21.30
2672,38.77,40.05,35.51,28.16,26.64,21.30
2674,38.77,40.05,35.51,28.16,26.64,21.30
2676,38.77,40.15,35.51,28.16,26.64,21.30
2678,38.77,40.15,35.51,28.16,26.64,21.30
2680,38.77,40.15,35.51,28.16,26.64,21.30
2682,38.88,40.15,35.51,28.16,26.64,21.30
2684,38.77,40.15,35.51,28.16,26.64,21.30
2687,38.77,40.15,35.51,28.16,26.64,21.30
2689,38.77,40.15,35.51,28.16,26.64,21.30
2691,38.88,40.15,35.51,28.16,26.64,21.30
2693,38.88,40.15,35.51,28.16,26.64,21.30
2695,38.88,40.15,35.51,28.16,26.64,21.30
2697,38.88,40.15,35.51,28.16,26.64,21.38
2699,38.88,40.15,35.51,28.16,26.64,21.21
2701,38.88,40.15,35.51,28.16,26.64,21.30
2703,38.88,40.15,35.51,28.16,26.64,21.38
2705,38.88,40.15,35.51,28.16,26.64,21.38
2707,38.88,40.15,35.51,28.16,26.64,21.21
2709,38.88,40.15,35.61,28.16,26.64,21.30
2711,38.88,40.15,35.51,28.16,26.64,21.21
2713,38.88,40.15,35.51,28.16,26.64,21.30
2715,38.88,40.26,35.51,28.16,26.64,21.38
2717,38.88,40.26,35.51,28.16,26.64,21.30
2719,38.88,40.26,35.51,28.16,26.55,21.30
2721,38.98,40.26,35.61,28.16,26.64,21.30
2723,38.88,40.26,35.61,28.07,26.64,21.30
2725,38.98,40.26,35.61,28.16,26.64,21.30
2727,38.98,40.26,35.61,28.16,26.64,21.30
2729,38.98,40.26,35.51,28.16,26.73,21.47
2731,38.98,40.26,35.51,28.25,26.73,21.30
2733,38.98,40.26,35.61,28.16,26.73,21.21
2735,38.98,40.26,35.61,28.16,26.73,21.21
2737,38.98,40.26,35.61,28.16,26.73,21.21
2739,38.98,40.26,35.61,28.16,26.73,21.30
2741,38.98,40.26,35.61,28.16,26.73,21.38
2743,38.98,40.26,35.61,28.25,26.82,21.13
2746,38.98,40.26,35.61,28.25,26.82,21.21
2748,38.98,40.26,35.61,28.16,26.82,21.38
2750,38.98,40.26,35.61,28.25,26.73,21.30
2752,38.98,40.26,35.61,28.25,26.82,21.38
2754,38.88,40.26,35.61,28.25,26.73,21.38
2756,38.98,40.26,35.61,28.25,26.73,21.30
2758,38.98,40.26,35.61,28.25,26.73,21.30
2760,38.98,40.37,35.61,28.25,26.73,21.21
2762,38.98,40.37,35.61,28.25,26.73,21.30
2764,38.98,40.26,35.61,28.25,26.73,21.30
2766,39.09,40.26,35.61,28.25,26.73,21.30
2768,38.98,40.26,35.61,28.25,26.73,21.38
2770,39.09,40.26,35.61,28.25,26.73,21.30
2772,39.09,40.26,35.61,28.25,26.73,21.30
2774,39.09,40.37,35.71,28.25,26.73,21.30
2776,38.98,40.37,35.61,28.25,26.73,21.30
2778,39.09,40.37,35.61,28.25,26.73,21.30
2780,39.09,40.37,35.71,28.25,26.73,21.30
2782,39.09,40.37,35.61,28.25,26.64,21.38
2784,39.09,40.26,35.61,28.25,26.73,21.30
2786,39.09,40.37,35.71,28.25,26.64,21.21
2788,39.09,40.37,35.71,28.25,26.73,21.13
2790,39.09,40.37,35.71,28.25,26.73,21.21
2792,39.09,40.37,35.71,28.25,26.73,21.30
2794,39.09,40.37,35.71,28.16,26.73,21.38
2796,39.09,40.37,35.71,28.25,26.73,21.30
2798,39.09,40.37,35.71,28.25,26.73,21.21
2800,39.09,40.37,35.71,28.25,26.82,21.38
2803,39.09,40.37,35.71,28.25,26.73,21.30
2805,39.09,40.37,35.71,28.25,26.73,21.30
2807,39.09,40.37,35.71,28.25,26.73,21.30
2809,39.09,40.37,35.71,28.25,26.73,21.21
2811,39.09,40.37,35.71,28.25,26.73,21.21
2813,39.09,40.37,35.71,28.25,26.73,21.21
2815,39.09,40.37,35.71,28.25,26.73,21.21
2817,39.20,40.37,35.71,28.25,26.73,21.21
2819,39.20,40.37,35.71,28.25,26.73,21.30
2821,39.09,40.37,35.71,28.25,26.73,21.30
2823,39.20,40.37,35.71,28.25,26.73,21.38
2825,39.20,40.37,35.71,28.25,26.73,21.47
2827,39.20,40.37,35.71,28.25,26.73,21.30
2829,39.20,40.37,35.71,28.25,26.73,21.30
2831,39.20,40.48,35.71,28.25,26.73,21.30
2833,39.20,40.48,35.71,28.25,26.73,21.21
2835,39.20,40.48,35.71,28.34,26.73,21.21
2837,39.20,40.37,35.71,28.25,26.73,21.21
2839,39.20,40.37,35.81,28.25,26.73,21.21
2841,39.20,40.48,35.71,28.25,26.82,21.30
2843,39.09,40.48,35.81,28.25,26.82,21.30
2845,39.20,40.48,35.81,28.34,26.82,21.13
2847,39.20,40.48,35.81,28.34,26.82,21.30
2849,39.20,40.48,35.81,28.34,26.82,21.30
2851,39.20,40.37,35.81,28.25,26.82,21.30
2853,39.20,40.48,35.81,28.34,26.91,21.30
2855,39.20,40.48,35.81,28.34,26.91,21.30
2857,39.20,40.48,35.81,28.34,26.91,21.30
2860,39.20,40.48,35.81,28.34,26.91,21.30
2862,39.20,40.48,35.81,28.34,26.91,21.30
2864,39.20,40.48,35.81,28.34,26.82,21.38
2866,39.20,40.48,35.81,28.34,26.82,21.38
2868,39.20,40.26,35.81,28.34,26.91,21.30
2870,39.20,40.48,35.81,28.34,26.91,21.38
2872,39.20,40.48,35.81,28.34,26.82,21.30
2874,39.20,40.48,35.81,28.34,26.82,21.30
2876,39.20,40.48,35.81,28.43,26.91,21.21
2878,39.20,40.48,35.81,28.34,26.91,21.21
2880,39.20,40.48,35.81,28.34,26.82,21.13
2882,39.20,40.48,35.91,28.34,26.91,21.30
2884,39.20,40.48,35.91,28.43,26.82,21.21
2886,39.20,40.48,35.81,28.34,26.82,21.21
2888,39.20,40.48,35.91,28.34,26.82,21.21
2890,39.20,40.59,35.91,28.34,26.82,21.13
2892,39.20,40.48,35.91,28.43,26.82,21.21
2894,39.20,40.59,35.91,28.34,26.82,21.21
2896,39.20,40.59,35.91,28.43,26.82,21.21
2898,39.20,40.48,35.91,28.43,26.82,21.13
2900,39.20,40.59,35.91,28.43,26.82,21.21
2902,39.20,40.48,35.91,28.52,26.82,21.21
2904,39.20,40.59,35.91,28.43,26.82,21.21
2906,39.20,40.59,35.91,28.43,26.82,21.21
2908,39.30,40.59,35.91,28.43,26.82,21.30
2910,39.30,40.59,35.91,28.43,26.82,21.21
2912,39.30,40.59,35.91,28.43,26.82,21.21
2914,39.30,40.59,35.91,28.43,26.82,21.13
2917,39.30,40.59,35.91,28.43,26.82,21.30
2919,39.30,40.59,35.91,28.43,26.82,21.30
2921,39.30,40.59,35.91,28.43,26.82,21.30
2923,39.30,40.59,35.91,28.43,26.82,21.30
2925,39.30,40.59,35.91,28.43,26.82,21.21
2927,39.30,40.59,35.91,28.43,26.82,21.38
2929,39.30,40.59,35.91,28.43,26.82,21.38
2931,39.30,40.59,36.01,28.43,26.73,21.47
2933,39.30,40.59,36.01,28.43,26.82,21.47
2935,39.30,40.59,35.91,28.43,26.82,21.47
2937,39.30,40.37,36.01,28.43,26.73,21.47
2939,39.30,40.59,36.01,28.43,26.82,21.47
2941,39.30,40.59,36.01,28.43,26.82,21.56
2943,39.30,40.59,36.01,28.43,26.91,21.56
2945,39.41,40.69,36.01,28.43,26.82,21.47
2947,39.41,40.59,36.01,28.43,26.91,21.47
2949,39.41,40.69,36.01,28.43,26.91,21.47
2951,39.30,40.69,36.01,28.43,26.91,21.38
2953,39.41,40.69,36.01,28.43,26.73,21.38
2955,39.41,40.69,36.01,28.43,26.99,21.38
2957,39.41,40.69,36.01,28.43,26.99,21.30
2959,39.41,40.69,36.01,28.43,26.99,21.38
2961,39.41,40.69,36.01,28.43,26.99,21.30
2963,39.41,40.69,36.01,28.43,26.91,21.30
2965,39.41,40.69,36.01,28.34,26.91,21.30
2967,39.41,40.69,36.01,28.43,26.91,21.38
2969,39.51,40.69,36.01,28.43,26.91,21.47
2971,39.41,40.69,36.01,28.43,26.91,21.38
2974,39.41,40.69,36.01,28.43,26.91,21.38
2976,39.41,40.69,36.01,28.43,26.91,21.38
2978,39.41,40.69,36.01,28.43,26.91,21.30
2980,39.41,40.69,36.01,28.43,26.91,21.30
2982,39.41,40.69,36.01,28.61,26.99,21.30
2984,39.41,40.69,36.01,28.43,26.99,21.30
2986,39.41,40.69,36.01,28.43,26.99,21.30
2988,39.41,40.69,36.01,28.43,26.99,21.30
2990,39.41,40.69,36.11,28.43,27.08,21.30
2992,39.51,40.69,36.11,28.43,26.99,21.30
2994,39.41,40.69,36.01,28.43,26.99,21.13
2996,39.41,40.69,36.11,28.43,26.91,21.21
2998,39.51,40.69,36.11,28.43,26.91,21.21
3000,39.41,40.69,36.11,28.43,26.82,21.13
3002,39.51,40.69,36.11,28.43,26.82,21.21
3004,39.51,40.69,36.11,28.43,26.82,21.13
3006,39.51,40.69,36.11,28.43,26.82,21.21
3008,39.51,40.80,36.11,28.43,26.73,21.21
3010,39.51,40.80,36.11,28.43,26.82,21.13
3012,39.51,40.69,36.11,28.43,26.73,21.21
3014,39.51,40.69,36.11,28.43,26.73,21.21
3016,39.51,40.69,36.11,28.43,26.73,21.13
3018,39.51,40.69,36.11,28.43,26.73,21.13
3020,39.51,40.69,36.11,28.43,26.73,21.21
3022,39.51,40.80,36.11,28.43,26.73,21.13
3024,39.51,40.69,36.11,28.43,26.73,21.21
3026,39.51,40.80,36.11,28.43,26.73,21.21
3028,39.51,40.69,36.11,28.43,26.64,21.21
3031,39.51,40.80,36.11,28.43,26.64,21.21
3033,39.51,40.80,36.11,28.52,26.73,21.13
3035,39.51,40.80,36.11,28.43,26.73,21.21
3037,39.51,40.80,36.11,28.43,26.73,21.21
3039,39.51,40.80,36.11,28.43,26.64,21.13
3041,39.51,40.80,36.11,28.52,26.64,21.13
3043,39.51,40.80,36.11,28.43,26.64,21.13
3045,39.51,40.80,36.11,28.43,26.64,21.21
3047,39.51,40.80,36.11,28.43,26.64,21.21
3049,39.51,40.80,36.11,28.43,26.64,21.21
3051,39.51,40.80,36.11,28.43,26.64,21.21
3053,39.51,40.80,36.11,28.43,26.64,21.21
3055,39.51,40.80,36.11,28.43,26.64,21.21
3057,39.51,40.80,36.11,28.43,26.64,21.21
3059,39.51,40.80,36.11,28.43,26.64,21.38
3061,39.51,40.80,36.11,28.43,26.64,21.30
3063,39.51,40.80,36.11,28.43,26.64,21.47
3065,39.51,40.80,36.31,28.43,26.55,21.38
3067,39.51,40.69,36.11,28.43,26.55,21.30
3069,39.51,40.80,36.11,28.43,26.55,21.30
3071,39.51,40.80,36.21,28.43,26.55,21.30
3073,39.51,40.80,36.21,28.43,26.55,21.38
3075,39.51,39.94,36.11,28.34,26.64,21.47
3077,39.51,40.69,36.21,28.43,26.82,21.56
3079,39.51,40.69,36.21,28.43,26.82,21.64
3081,39.51,40.80,36.21,28.43,26.82,21.73
3083,39.51,40.80,36.11,28.43,26.82,21.82
3085,39.51,40.80,36.11,28.43,26.91,21.73
3088,39.51,40.80,36.11,28.43,26.91,21.73
3090,39.51,40.80,36.11,28.43,26.99,21.73
3092,39.51,40.80,36.11,28.43,26.99,21.82
3094,39.51,40.69,36.11,28.43,27.08,21.73
3096,39.51,40.69,36.11,28.43,27.08,21.73
3098,39.51,40.69,36.11,28.43,27.17,21.64
3100,39.51,40.69,36.11,28.43,27.17,21.64
3102,39.51,40.69,36.11,28.43,27.17,21.64
3104,39.51,40.69,36.11,28.43,27.17,21.64
3106,39.51,40.69,36.11,28.43,27.17,21.64
3108,39.51,40.69,36.11,28.43,27.17,21.64
3110,39.51,40.69,36.11,28.43,27.17,21.56
3112,39.51,40.69,36.11,28.43,27.08,21.56
3114,39.51,40.69,36.11,28.43,27.08,21.56
3116,39.51,40.69,36.11,28.43,27.08,21.56
3118,39.51,40.69,36.11,28.43,27.08,21.56
3120,39.51,40.69,36.11,28.43,27.08,21.56
3122,39.51,40.69,36.11,28.52,27.08,21.47
3124,39.51,40.69,36.11,28.43,27.08,21.47
3126,39.51,40.69,36.11,28.52,27.08,21.56
3128,39.51,40.69,36.11,28.52,26.99,21.47
3130,39.51,40.69,36.11,28.52,26.99,21.47
3132,39.51,40.69,36.11,28.52,26.99,21.47
3134,39.51,40.69,36.11,28.52,26.99,21.47
3136,39.51,40.69,36.11,28.52,26.99,21.47
3138,39.51,40.69,36.11,28.52,26.99,21.47
3140,39.51,40.69,36.11,28.52,26.99,21.47
3142,39.51,40.69,36.11,28.52,26.99,21.47
3145,39.51,40.69,36.11,28.52,26.99,21.47
3147,39.51,40.69,36.11,28.52,26.99,21.47
3149,39.51,40.69,36.11,28.52,26.99,21.47
3151,39.51,40.69,36.11,28.52,26.99,21.47
3153,39.51,40.69,36.11,28.52,26.99,21.47
3155,39.41,40.69,36.11,28.52,26.99,21.47
3157,39.51,40.69,36.11,28.52,26.99,21.38
3159,39.51,40.69,36.11,28.52,26.99,21.47
3161,39.51,40.59,36.11,28.52,26.99,21.47
3163,39.51,40.59,36.11,28.52,26.91,21.47
3165,39.41,40.59,36.11,28.52,26.91,21.38
3167,39.41,40.59,36.11,28.52,26.91,21.38
3169,39.41,40.59,36.11,28.52,26.91,21.30
3171,39.41,40.59,36.11,28.52,26.91,21.30
3173,39.41,40.59,36.11,28.52,26.91,21.30
3175,39.41,40.59,36.11,28.52,26.91,21.38
3177,39.41,40.59,36.11,28.52,26.91,21.38
3179,39.41,40.48,36.11,28.52,26.91,21.38
3181,39.41,40.48,36.11,28.52,26.91,21.38
3183,39.41,40.48,36.11,28.52,26.91,21.38
3185,39.41,40.48,36.11,28.52,26.91,21.38
3187,39.41,40.48,36.01,28.52,26.91,21.38
3189,39.41,40.37,36.01,28.52,26.91,21.47
3191,39.41,40.37,36.01,28.52,26.91,21.47
3193,39.30,40.37,36.01,28.52,26.91,21.47
3195,39.30,40.37,36.01,28.52,26.91,21.47
3197,39.30,40.37,36.01,28.52,26.91,21.38
3199,39.30,40.37,36.01,28.52,26.91,21.38
3201,39.30,40.26,36.01,28.52,26.91,21.38
3204,39.30,40.26,36.01,28.52,26.82,21.38
3206,39.30,40.26,36.01,28.52,26.91,21.38
3208,39.30,40.26,36.01,28.52,26.91,21.47
3210,39.20,40.15,36.01,28.43,26.91,21.56
3212,39.30,40.15,35.91,28.52,26.91,21.56
3214,39.30,40.15,35.91,28.52,26.91,21.56
3216,39.20,40.15,35.91,28.43,26.91,21.56
3218,39.20,40.05,35.91,28.43,26.91,21.56
3220,39.20,40.05,35.91,28.43,26.91,21.47
3222,39.20,40.05,35.91,28.43,26.91,21.47
3224,39.20,40.05,35.91,28.43,26.91,21.47
3226,39.20,40.05,35.91,28.43,26.82,21.47
3228,39.09,39.94,35.91,28.43,26.91,21.47
3230,39.20,40.05,35.91,28.43,26.91,21.38
3232,39.09,39.94,35.81,28.43,26.91,21.38
3234,39.09,39.94,35.81,28.43,26.82,21.30
3236,39.09,39.94,35.81,28.43,26.91,21.38
3238,39.09,39.94,35.81,28.43,26.91,21.47
3240,39.09,39.83,35.81,28.43,26.91,21.38
3242,39.09,39.83,35.81,28.34,26.91,21.38
3244,38.98,39.83,35.81,28.43,26.91,21.38
3246,38.98,39.83,35.81,28.43,26.91,21.47
3248,38.98,39.73,35.71,28.43,26.91,21.47
3250,38.98,39.73,35.71,28.43,26.91,21.38
3252,38.98,39.73,35.71,28.43,26.91,21.47
3254,38.98,39.73,35.71,28.34,26.91,21.38
3256,38.98,39.62,35.71,28.43,26.91,21.38
3258,38.98,39.62,35.71,28.34,26.91,21.38
3261,38.98,39.62,35.61,28.34,26.91,21.38
3263,38.88,39.62,35.61,28.43,26.91,21.38
3265,38.88,39.51,35.61,28.34,26.91,21.47
3267,38.88,39.51,35.61,28.34,26.91,21.47
3269,38.88,39.51,35.61,28.34,26.91,21.38
3271,38.88,39.51,35.61,28.34,26.91,21.38
3273,38.88,39.41,35.51,28.34,26.82,21.38
3275,38.88,39.41,35.61,28.34,26.91,21.38
3277,38.77,39.41,35.51,28.34,26.91,21.38
3279,38.77,39.41,35.51,28.34,26.82,21.38
3281,38.77,39.41,35.51,28.34,26.82,21.38
3283,38.77,39.30,35.51,28.34,26.82,21.30
3285,38.77,39.30,35.51,28.34,26.82,21.30
3287,38.77,39.30,35.51,28.34,26.82,21.30
3289,38.67,39.20,35.42,28.34,26.82,21.38
3291,38.67,39.20,35.42,28.34,26.82,21.30
3293,38.67,39.20,35.42,28.34,26.82,21.38
3295,38.67,39.20,35.42,28.34,26.82,21.30
3297,38.67,39.20,35.42,28.34,26.82,21.38
3299,38.67,39.09,35.32,28.34,26.82,21.38
3301,38.67,39.09,35.42,28.34,26.82,21.38
3303,38.57,39.09,35.32,28.34,26.82,21.38
3305,38.57,39.09,35.32,28.34,26.82,21.38
3307,38.57,38.98,35.32,28.34,26.82,21.38
3309,38.57,38.98,35.32,28.25,26.82,21.38
3311,38.57,38.98,35.32,28.25,26.82,21.38
3313,38.57,38.98,35.32,28.25,26.82,21.38
3315,38.46,38.98,35.22,28.25,26.82,21.38
3318,38.46,38.88,35.22,28.25,26.82,21.38
3320,38.46,38.88,35.22,28.25,26.82,21.38
3322,38.46,38.88,35.22,28.25,26.82,21.47
3324,38.46,38.88,35.22,28.25,26.82,21.47
3326,38.36,38.77,35.22,28.25,26.82,21.47
3328,38.36,38.77,35.12,28.25,26.82,21.47
3330,38.36,38.77,35.12,28.25,26.82,21.47
3332,38.36,38.77,35.12,28.25,26.82,21.47
3334,38.36,38.67,35.12,28.25,26.82,21.56
3336,38.25,38.67,35.12,28.25,26.82,21.56
3338,38.25,38.67,35.12,28.25,26.82,21.47
3340,38.25,38.67,35.02,28.25,26.82,21.47
3342,38.25,38.67,35.02,28.25,26.73,21.47
3344,38.25,38.57,35.02,28.25,26.82,21.47
3346,38.25,38.57,35.02,28.25,26.73,21.47
3348,38.15,38.57,35.02,28.16,26.73,21.47
3350,38.15,38.57,35.02,28.25,26.73,21.47
3352,38.15,38.46,34.92,28.25,26.73,21.73
3354,38.15,38.46,34.92,28.25,26.73,21.73
3356,38.15,38.46,34.92,28.25,26.73,21.64
3358,38.15,38.46,34.92,28.16,26.73,21.56
3360,38.15,38.46,34.92,28.16,26.73,21.47
3362,38.05,38.36,34.92,28.16,26.73,21.38
3364,38.05,38.36,34.82,28.16,26.73,21.38
3366,38.05,38.36,34.82,28.16,26.73,21.30
3368,38.05,38.25,34.82,28.16,26.73,21.30
3370,38.05,38.25,34.82,28.16,26.73,21.30
3372,37.94,38.25,34.82,28.16,26.73,21.38
3375,37.94,38.25,34.82,28.16,26.73,21.30
3377,37.94,38.15,34.73,28.16,26.73,21.30
3379,37.94,38.15,34.73,28.16,26.73,21.38
3381,37.84,38.15,34.73,28.16,26.73,21.38
3383,37.94,38.15,34.73,28.16,26.73,21.38
3385,37.84,38.05,34.73,28.16,26.73,21.30
3387,37.84,38.05,34.73,28.16,26.73,21.38
3389,37.84,38.05,34.63,28.07,26.73,21.38
3391,37.84,38.05,34.63,28.07,26.73,21.38
3393,37.74,37.94,34.63,28.07,26.73,21.47
3395,37.74,37.94,34.63,28.07,26.73,21.38
3397,37.74,37.94,34.63,28.07,26.73,21.38
3399,37.74,37.94,34.63,28.07,26.73,21.38
3401,37.63,37.84,34.53,28.07,26.64,21.38
3403,37.63,37.84,34.53,28.07,26.64,21.38
3405,37.63,37.84,34.53,28.07,26.73,21.38
3407,37.63,37.84,34.53,28.07,26.64,21.38
3409,37.53,37.84,34.53,28.07,26.73,21.38
3411,37.53,37.74,34.43,28.07,26.64,21.38
3413,37.53,37.74,34.43,28.07,26.64,21.38
3415,37.53,37.74,34.43,28.07,26.64,21.38
3417,37.53,37.74,34.43,27.98,26.64,21.38
3419,37.53,37.63,34.43,28.07,26.73,21.38
3421,37.43,37.63,34.33,28.07,26.64,21.38
3423,37.43,37.63,34.33,27.98,26.64,21.38
3425,37.43,37.63,34.33,27.98,26.64,21.38
3427,37.43,37.53,34.33,28.07,26.64,21.38
3429,37.43,37.53,34.33,27.98,26.64,21.47
3432,37.33,37.53,34.33,27.98,26.64,21.38
3434,37.33,37.43,34.24,27.98,26.64,21.47
3436,37.33,37.43,34.24,27.98,26.64,21.38
3438,37.33,37.43,34.24,27.98,26.64,21.38
3440,37.33,37.43,34.24,27.98,26.64,21.38
3442,37.22,37.43,34.24,27.98,26.64,21.38
3444,37.22,37.33,34.24,27.98,26.64,21.38
3446,37.22,37.33,34.24,27.98,26.64,21.38
3448,37.22,37.33,34.14,27.98,26.55,21.38
3450,37.12,37.33,34.14,27.98,26.55,21.38
3452,37.12,37.33,34.14,27.98,26.55,21.38
3454,37.12,37.22,34.14,27.98,26.64,21.47
3456,37.12,37.22,34.14,27.98,26.64,21.38
3458,37.12,37.22,34.14,27.98,26.55,21.38
3460,37.12,37.22,34.04,27.98,26.64,21.38
3462,37.02,37.22,34.04,27.98,26.55,21.38
3464,37.02,37.12,34.04,27.89,26.55,21.38
3466,37.02,37.12,34.04,27.89,26.64,21.38
3468,37.02,37.12,33.95,27.89,26.64,21.38
3470,37.02,37.12,33.95,27.89,26.55,21.30
3472,36.92,37.02,33.95,27.89,26.55,21.30
3474,36.92,37.02,33.95,27.89,26.64,21.30
3476,36.92,37.02,33.95,27.89,26.64,21.38
3478,36.92,37.02,33.95,27.89,26.55,21.38
3480,36.92,37.02,33.85,27.89,26.55,21.38
3482,36.92,36.92,33.85,27.89,26.55,21.38
3484,36.82,36.92,33.85,27.89,26.55,21.47
3486,36.82,36.92,33.85,27.89,26.55,21.38
3489,36.82,36.82,33.85,27.89,26.55,21.38
3491,36.82,36.82,33.85,27.89,26.55,21.38
3493,36.72,36.82,33.75,27.80,26.55,21.38
3495,36.72,36.82,33.75,27.89,26.55,21.30
3497,36.72,36.82,33.75,27.80,26.55,21.38
3499,36.72,36.72,33.75,27.80,26.55,21.38
3501,36.72,36.72,33.75,27.80,26.55,21.38
3503,36.62,36.72,33.66,27.80,26.55,21.38
3505,36.62,36.72,33.66,27.80,26.55,21.38
3507,36.62,36.62,33.66,27.80,26.46,21.38
3509,36.62,36.62,33.66,27.80,26.55,21.38
3511,36.62,36.62,33.66,27.80,26.55,21.38
3513,36.51,36.51,33.66,27.80,26.55,21.38
3515,36.51,36.51,33.66,27.80,26.46,21.38
3517,36.51,36.51,33.56,27.80,26.46,21.38
3519,36.51,36.51,33.56,27.80,26.55,21.38
3521,36.51,36.51,33.56,27.71,26.46,21.38
3523,36.41,36.41,33.56,27.71,26.55,21.38
3525,36.41,36.41,33.56,27.71,26.46,21.38
3527,36.41,36.41,33.46,27.71,26.46,21.38
3529,36.31,36.41,33.46,27.71,26.46,21.47
3531,36.31,36.41,33.46,27.71,26.46,21.38
3533,36.31,36.31,33.46,27.71,26.46,21.47
3535,36.31,36.31,33.46,27.71,26.46,21.47
3537,36.31,36.31,33.37,27.71,26.46,21.47
3539,36.21,36.21,33.37,27.71,26.46,21.47
3541,36.21,36.21,33.37,27.71,26.46,21.47
3543,36.21,36.21,33.37,27.71,26.46,21.47
3546,36.21,36.21,33.37,27.62,26.46,21.38
3548,36.11,36.21,33.37,27.62,26.46,21.38
3550,36.11,36.11,33.27,27.62,26.46,21.47
3552,36.11,36.11,33.27,27.62,26.46,21.38
3554,36.11,36.11,33.27,27.62,26.46,21.47
3556,36.11,36.11,33.27,27.62,26.46,21.38
3558,36.11,36.01,33.18,27.62,26.46,21.38
3560,36.01,36.01,33.18,27.62,26.46,21.38
3562,36.01,36.01,33.18,27.62,26.37,21.38
3564,36.01,36.01,33.18,27.62,26.37,21.38
3566,36.01,36.01,33.18,27.62,26.37,21.47
3568,35.91,35.91,33.08,27.62,26.37,21.38
3570,35.91,35.91,33.08,27.62,26.37,21.38
3572,35.91,35.91,33.08,27.53,26.37,21.38
3574,35.91,35.91,33.08,27.53,26.37,21.47
3576,35.91,35.81,33.08,27.53,26.37,21.38
3578,35.91,35.81,33.08,27.53,26.37,21.38
3580,35.81,35.81,33.08,27.53,26.37,21.38
3582,35.81,35.81,32.98,27.53,26.37,21.38
3584,35.81,35.81,32.98,27.53,26.28,21.38
3586,35.81,35.71,32.98,27.53,26.28,21.38
3588,35.71,35.71,32.98,27.53,26.28,21.47
3590,35.71,35.71,32.98,27.53,26.28,21.47
3592,35.71,35.71,32.89,27.53,26.28,21.47
3594,35.71,35.61,32.89,27.44,26.37,21.38
3596,35.71,35.61,32.89,27.44,26.37,21.47
3598,35.71,35.61,32.89,27.44,26.37,21.47
3600,35.61,35.61,32.89,27.44,26.37,21.47
3602,35.61,35.61,32.79,27.44,26.37,21.38
3605,35.61,35.51,32.79,27.44,26.37,21.38
3607,35.61,35.51,32.79,27.44,26.28,21.47
3609,35.51,35.51,32.79,27.44,26.28,21.47
3611,35.51,35.51,32.79,27.44,26.28,21.56
3613,35.51,35.42,32.70,27.44,26.28,21.47
3615,35.51,35.42,32.70,27.44,26.28,21.56
3617,35.51,35.42,32.70,27.44,26.28,21.56
3619,35.42,35.42,32.70,27.35,26.28,21.56
3621,35.42,35.42,32.70,27.35,26.19,21.56
3623,35.42,35.32,32.70,27.35,26.19,21.47
3625,35.42,35.32,32.60,27.35,26.28,21.47
3627,35.42,35.32,32.60,27.35,26.28,21.47
3629,35.32,35.32,32.60,27.35,26.28,21.47
3631,35.32,35.32,32.60,27.35,26.28,21.47
3633,35.32,35.22,32.60,27.35,26.28,21.56
3635,35.32,35.22,32.60,27.35,26.28,21.47
3637,35.32,35.22,32.51,27.35,26.28,21.56
3639,35.22,35.22,32.51,27.35,26.28,21.56
3641,35.22,35.12,32.51,27.35,26.28,21.56
3643,35.22,35.12,32.51,27.35,26.28,21.56
3645,35.22,35.12,32.41,27.26,26.28,21.56
3647,35.12,35.12,32.41,27.26,26.28,21.47
3649,35.12,35.12,32.41,27.26,26.19,21.47
3651,35.12,35.12,32.41,27.26,26.19,21.47
3653,35.12,35.02,32.41,27.26,26.19,21.47
3655,35.12,35.02,32.32,27.26,26.19,21.47
3657,35.12,35.02,32.32,27.26,26.19,21.47
3659,35.02,35.02,32.32,27.26,26.19,21.47
3662,35.02,35.02,32.32,27.26,26.19,21.47
3664,35.02,34.92,32.32,27.26,26.19,21.47
3666,35.02,34.92,32.32,27.26,26.19,21.38
3668,35.02,34.92,32.22,27.26,26.19,21.38
3670,34.92,34.92,32.22,27.26,26.19,21.47
3672,34.92,34.82,32.22,27.17,26.19,21.38
3674,34.92,34.82,32.22,27.17,26.19,21.47
3676,34.92,34.82,32.22,27.17,26.19,21.47
3678,34.82,34.82,32.22,27.17,26.19,21.47
3680,34.82,34.82,32.22,27.17,26.19,21.47
3682,34.82,34.73,32.13,27.17,26.19,21.47
3684,34.82,34.73,32.13,27.17,26.19,21.47
3686,34.82,34.73,32.13,27.17,26.19,21.38
3688,34.73,34.73,32.13,27.17,26.19,21.38
3690,34.73,34.63,32.13,27.17,26.19,21.38
3692,34.73,34.63,32.13,27.08,26.10,21.38
3694,34.73,34.63,32.03,27.17,26.10,21.38
3696,34.73,34.63,32.03,27.17,26.10,21.30
3698,34.63,34.53,32.03,27.08,26.10,21.30
3700,34.63,34.53,32.03,27.08,26.10,21.30
3702,34.63,34.53,32.03,27.08,26.10,21.30
3704,34.63,34.53,32.03,27.08,26.10,21.30
3706,34.53,34.53,31.94,27.08,26.02,21.30
3708,34.53,34.43,31.94,27.08,26.02,21.30
3710,34.53,34.43,31.94,27.08,26.02,21.21
3712,34.53,34.43,31.94,27.08,26.02,21.30
3714,34.53,34.43,31.94,26.99,26.02,21.30
3716,34.43,34.43,31.85,26.99,25.93,21.38
3719,34.43,34.33,31.85,26.99,25.93,21.38
3721,34.43,34.33,31.85,26.99,25.93,21.38
3723,34.43,34.33,31.85,26.99,25.93,21.30
3725,34.43,34.33,31.85,26.99,25.93,21.38
3727,34.33,34.33,31.85,26.99,25.93,21.38
3729,34.33,34.24,31.75,26.99,25.93,21.30
3731,34.33,34.24,31.75,26.99,25.93,21.30
3733,34.33,34.24,31.75,26.91,25.93,21.30
3735,34.33,34.24,31.75,26.99,25.93,21.30
3737,34.24,34.24,31.75,26.91,25.93,21.30
3739,34.24,34.14,31.66,26.91,25.93,21.30
3741,34.24,34.14,31.66,26.91,25.93,21.21
3743,34.24,34.14,31.66,26.91,25.93,21.21
3745,34.14,34.14,31.66,26.91,25.93,21.30
3747,34.14,34.04,31.66,26.91,25.93,21.30
3749,34.14,34.04,31.56,26.91,25.84,21.30
3751,34.14,34.04,31.66,26.91,25.84,21.30
3753,34.14,34.04,31.56,26.91,25.84,21.30
3755,34.04,34.04,31.56,26.91,25.84,21.30
3757,34.04,33.95,31.56,26.91,25.84,21.30
3759,34.04,33.95,31.56,26.82,25.84,21.21
3761,34.04,33.95,31.56,26.82,25.84,21.21
3763,34.04,33.95,31.47,26.82,25.84,21.21
3765,34.04,33.95,31.47,26.82,25.84,21.21
3767,33.95,33.95,31.47,26.82,25.75,21.21
3769,33.95,33.85,31.47,26.82,25.84,21.30
3771,33.95,33.85,31.38,26.82,25.75,21.30
3773,33.95,33.85,31.47,26.82,25.75,21.30
3776,33.95,33.85,31.38,26.82,25.75,21.30
3778,33.85,33.85,31.38,26.82,25.75,21.30
3780,33.85,33.75,31.38,26.73,25.75,21.21
3782,33.85,33.75,31.38,26.73,25.75,21.21
3784,33.85,33.75,31.38,26.73,25.75,21.21
3786,33.85,33.75,31.38,26.73,25.75,21.21
3788,33.75,33.75,31.28,26.73,25.75,21.21
3790,33.75,33.75,31.28,26.73,25.75,21.21
3792,33.75,33.66,31.28,26.73,25.75,21.21
3794,33.75,33.66,31.28,26.73,25.75,21.30
3796,33.75,33.66,31.19,26.73,25.66,21.21
3798,33.75,33.66,31.19,26.64,25.66,21.21
3800,33.75,33.56,31.19,26.64,25.66,21.21
3802,33.66,33.56,31.19,26.64,25.66,21.21
3804,33.66,33.56,31.19,26.64,25.66,21.21
3806,33.66,33.56,31.19,26.64,25.66,21.30
3808,33.66,33.56,31.19,26.64,25.66,21.30
3810,33.56,33.46,31.19,26.64,25.66,21.30
3812,33.56,33.56,31.10,26.64,25.66,21.30
3814,33.56,33.46,31.10,26.64,25.66,21.21
3816,33.56,33.46,31.10,26.64,25.66,21.21
3818,33.46,33.46,31.10,26.64,25.66,21.21
3820,33.56,33.46,31.00,26.55,25.66,21.21
3822,33.46,33.37,31.00,26.55,25.66,21.21
3824,33.46,33.37,31.00,26.55,25.66,21.21
3826,33.46,33.37,31.00,26.55,25.66,21.21
3828,33.46,33.37,31.00,26.55,25.66,21.21
3830,33.37,33.37,31.00,26.55,25.57,21.21
3833,33.37,33.27,30.91,26.55,25.66,21.21
3835,33.37,33.27,30.91,26.55,25.57,21.13
3837,33.37,33.27,30.91,26.55,25.57,21.13
3839,33.37,33.27,30.91,26.55,25.57,21.13
3841,33.37,33.27,30.91,26.55,25.57,21.04
3843,33.27,33.27,30.82,26.46,25.57,21.04
3845,33.27,33.18,30.82,26.46,25.57,21.04
3847,33.27,33.18,30.82,26.46,25.57,21.13
3849,33.27,33.18,30.82,26.46,25.57,21.13
3851,33.18,33.18,30.82,26.46,25.57,21.13
3853,33.18,33.08,30.82,26.46,25.57,21.13
3855,33.18,33.08,30.82,26.46,25.57,21.13
3857,33.18,33.08,30.82,26.46,25.57,21.13
3859,33.18,33.08,30.72,26.46,25.57,21.13
3861,33.18,33.08,30.72,26.46,25.48,21.04
3863,33.08,33.08,30.72,26.46,25.57,21.13
3865,33.08,32.98,30.72,26.37,25.57,21.04
3867,33.08,32.98,30.72,26.37,25.57,21.04
3869,33.08,32.98,30.72,26.37,25.48,21.13
3871,33.08,32.98,30.72,26.37,25.48,21.13
3873,32.98,32.98,30.72,26.37,25.48,21.13
3875,32.98,32.98,30.63,26.37,25.48,21.04
3877,32.98,32.89,30.63,26.37,25.48,21.13
3879,32.98,32.89,30.63,26.37,25.48,21.04
3881,32.98,32.89,30.63,26.37,25.48,21.04
3883,32.89,32.89,30.63,26.37,25.48,21.13
3885,32.98,32.89,30.54,26.37,25.48,21.13
3887,32.89,32.79,30.54,26.37,25.48,21.13
3890,32.89,32.79,30.54,26.28,25.48,21.21
3892,32.89,32.79,30.54,26.28,25.48,21.21
3894,32.89,32.79,30.54,26.28,25.48,21.21
3896,32.89,32.79,30.54,26.28,25.48,21.21
3898,32.79,32.79,30.45,26.28,25.48,21.21
3900,32.79,32.70,30.45,26.28,25.48,21.13
3902,32.79,32.70,30.45,26.28,25.48,21.13
3904,32.79,32.70,30.45,26.28,25.48,21.13
3906,32.79,32.70,30.45,26.28,25.48,21.13
3908,32.79,32.70,30.45,26.28,25.48,21.13
3910,32.70,32.70,30.45,26.28,25.48,21.13
3912,32.70,32.60,30.35,26.28,25.40,21.13
3914,32.70,32.60,30.35,26.19,25.40,21.04
3916,32.70,32.60,30.35,26.19,25.40,21.13
3918,32.70,32.60,30.35,26.19,25.40,21.04
3920,32.70,32.60,30.35,26.19,25.40,21.04
3922,32.60,32.60,30.26,26.19,25.40,21.04
3924,32.60,32.51,30.26,26.19,25.40,21.04
3926,32.60,32.51,30.26,26.19,25.40,21.04
3928,32.60,32.51,30.26,26.19,25.40,21.04
3930,32.60,32.51,30.26,26.19,25.40,21.04
3932,32.51,32.51,30.26,26.19,25.31,21.04
3934,32.51,32.51,30.26,26.19,25.40,21.04
3936,32.51,32.51,30.17,26.19,25.31,21.04
3938,32.51,32.41,30.17,26.19,25.31,21.13
3940,32.51,32.41,30.17,26.10,25.31,21.13
3942,32.51,32.41,30.17,26.10,25.31,21.13
3944,32.51,32.41,30.17,26.10,25.31,21.13
3947,32.41,32.41,30.17,26.10,25.31,21.04
3949,32.41,32.41,30.17,26.10,25.31,21.04
3951,32.41,32.32,30.08,26.10,25.31,21.13
3953,32.41,32.32,30.08,26.10,25.31,21.13
3955,32.41,32.32,30.08,26.10,25.31,21.04
3957,32.32,32.32,30.08,26.10,25.31,21.04
3959,32.32,32.32,30.08,26.10,25.22,21.04
3961,32.32,32.32,30.08,26.10,25.22,21.13
3963,32.32,32.22,30.08,26.02,25.22,21.13
3965,32.32,32.22,30.08,26.02,25.22,21.04
3967,32.32,32.22,29.99,26.02,25.22,21.04
3969,32.32,32.22,29.99,26.02,25.22,21.04
3971,32.22,32.22,29.99,26.02,25.22,21.04
3973,32.22,32.13,29.99,26.02,25.22,21.04
3975,32.22,32.13,29.99,26.02,25.13,21.04
3977,32.22,32.13,29.89,26.02,25.22,21.04
3979,32.22,32.13,29.89,26.02,25.22,21.04
3981,32.13,32.13,29.89,25.93,25.22,21.13
3983,32.13,32.13,29.89,25.93,25.22,21.13
3985,32.13,32.13,29.89,25.93,25.22,21.04
3987,32.13,32.03,29.89,25.93,25.22,21.04
3989,32.13,32.03,29.89,25.93,25.22,21.04
3991,32.13,32.03,29.80,25.93,25.22,21.04
3993,32.13,32.03,29.80,25.93,25.13,21.04
3995,32.03,31.94,29.80,25.93,25.13,21.04
3997,32.03,31.94,29.80,25.93,25.13,21.04
3999,32.03,31.94,29.80,25.93,25.13,21.04
4001,32.03,31.94,29.80,25.93,25.13,21.04
4003,32.03,31.94,29.80,25.84,25.13,21.04
4006,31.94,31.94,29.71,25.84,25.13,21.04
4008,31.94,31.94,29.71,25.84,25.13,21.04
4010,31.94,31.85,29.71,25.84,25.13,21.04
4012,31.94,31.85,29.71,25.84,25.13,21.04
4014,31.94,31.85,29.71,25.84,25.13,21.04
4016,31.94,31.85,29.71,25.84,25.13,21.04
4018,31.94,31.85,29.71,25.84,25.13,20.95
4020,31.85,31.85,29.62,25.84,25.13,20.95
4022,31.85,31.85,29.62,25.84,25.13,21.04
4024,31.85,31.75,29.62,25.84,25.13,21.04
4026,31.85,31.75,29.62,25.75,25.04,21.04
4028,31.85,31.75,29.62,25.84,25.04,21.04
4030,31.75,31.75,29.62,25.75,25.04,21.04
4032,31.75,31.75,29.62,25.75,25.04,21.04
4034,31.75,31.66,29.62,25.75,25.04,21.04
4036,31.75,31.66,29.53,25.75,25.04,21.04
4038,31.75,31.66,29.53,25.75,25.04,21.04
4040,31.75,31.66,29.53,25.75,25.04,21.04
4042,31.75,31.66,29.53,25.75,25.04,21.13
4044,31.66,31.66,29.53,25.75,25.04,21.13
4046,31.66,31.56,29.53,25.75,25.04,21.13
4048,31.66,31.56,29.43,25.75,25.04,21.13
4050,31.66,31.56,29.43,25.75,25.04,21.13
4052,31.66,31.56,29.43,25.66,25.04,21.13
4054,31.66,31.56,29.43,25.66,24.96,21.13
4056,31.56,31.56,29.43,25.66,24.96,21.13
4058,31.56,31.56,29.43,25.66,24.96,21.13
4060,31.56,31.56,29.43,25.66,24.96,21.13
4063,31.56,31.47,29.43,25.66,25.04,21.13
4065,31.56,31.47,29.34,25.66,24.96,21.13
4067,31.56,31.47,29.34,25.66,24.96,21.04
4069,31.56,31.47,29.34,25.66,24.96,21.04
4071,31.47,31.47,29.34,25.66,24.96,21.04
4073,31.47,31.47,29.34,25.66,24.96,21.04
4075,31.47,31.38,29.34,25.66,24.96,21.04
4077,31.47,31.38,29.34,25.66,24.96,21.04
4079,31.47,31.38,29.25,25.66,24.96,21.04
4081,31.47,31.38,29.25,25.57,24.96,21.04
4083,31.47,31.38,29.25,25.57,24.96,21.04
4085,31.47,31.38,29.25,25.57,24.96,21.04
4087,31.38,31.28,29.25,25.57,24.96,21.04
4089,31.38,31.28,29.25,25.57,24.96,21.04
4091,31.38,31.28,29.25,25.57,24.96,21.04
4093,31.38,31.28,29.16,25.57,24.96,21.04
4095,31.38,31.28,29.16,25.57,24.96,21.04
4097,31.28,31.28,29.16,25.57,24.96,21.04
4099,31.28,31.28,29.16,25.57,24.96,21.04
4101,31.28,31.19,29.16,25.57,24.96,20.95
4103,31.28,31.19,29.16,25.57,24.96,20.95
4105,31.28,31.19,29.16,25.57,24.87,20.95
4107,31.28,31.19,29.16,25.57,24.87,20.95
4109,31.28,31.19,29.07,25.48,24.87,20.95
4111,31.19,31.19,29.07,25.48,24.87,21.04
4113,31.19,31.19,29.07,25.48,24.87,20.95
4115,31.19,31.19,29.07,25.48,24.87,20.95
4117,31.19,31.10,29.07,25.48,24.87,21.04
4120,31.19,31.10,29.07,25.48,24.87,21.04
4122,31.19,31.10,29.07,25.48,24.87,21.04
4124,31.19,31.10,28.98,25.48,24.87,21.04
4126,31.10,31.10,28.98,25.48,24.87,21.04
4128,31.10,31.10,28.98,25.48,24.87,21.04
4130,31.10,31.10,28.98,25.48,24.87,20.95
4132,31.10,31.10,28.98,25.48,24.87,20.95
4134,31.10,31.00,28.98,25.48,24.87,20.95
4136,31.10,31.00,28.98,25.40,24.87,20.95
4138,31.00,31.00,28.98,25.40,24.87,21.04
4140,31.10,31.00,28.98,25.40,24.87,20.95
4142,31.00,31.00,28.89,25.40,24.87,20.95
4144,31.00,31.00,28.89,25.40,24.87,20.87
4146,31.00,30.91,28.89,25.40,24.78,20.87
4148,31.00,30.91,28.89,25.40,24.78,20.87
4150,31.00,30.91,28.89,25.40,24.78,20.87
4152,30.91,30.91,28.89,25.40,24.78,20.87
4154,30.91,30.91,28.89,25.40,24.78,20.95
4156,30.91,30.91,28.89,25.40,24.78,20.87
4158,30.91,30.91,28.80,25.40,24.78,20.87
4160,30.91,30.82,28.80,25.40,24.78,20.87
4162,30.91,30.82,28.80,25.40,24.78,20.87
4164,30.91,30.82,28.80,25.31,24.78,20.87
4166,30.82,30.82,28.80,25.31,24.78,20.95
4168,30.82,30.82,28.80,25.31,24.78,20.95
4170,30.82,30.82,28.80,25.31,24.78,20.95
4172,30.82,30.72,28.80,25.31,24.78,20.95
4174,30.82,30.72,28.71,25.31,24.78,20.95
4177,30.82,30.72,28.71,25.31,24.78,20.95
4179,30.82,30.72,28.71,25.31,24.69,20.95
4181,30.82,30.72,28.71,25.31,24.78,20.95
4183,30.72,30.72,28.71,25.31,24.69,20.95
4185,30.72,30.72,28.71,25.31,24.69,20.95
4187,30.72,30.72,28.71,25.31,24.69,20.95
4189,30.72,30.63,28.61,25.31,24.69,20.95
4191,30.72,30.63,28.61,25.22,24.69,20.95
4193,30.72,30.63,28.61,25.22,24.69,20.95
4195,30.72,30.63,28.61,25.22,24.69,20.95
4197,30.72,30.63,28.61,25.22,24.69,20.95
4199,30.63,30.63,28.61,25.22,24.69,20.95
4201,30.63,30.63,28.61,25.22,24.69,20.95
4203,30.63,30.63,28.61,25.22,24.69,20.95
4205,30.63,30.54,28.52,25.22,24.69,20.95
4207,30.63,30.54,28.52,25.22,24.69,20.95
4209,30.63,30.54,28.52,25.22,24.69,20.95
4211,30.63,30.54,28.52,25.22,24.69,20.95
4213,30.54,30.54,28.52,25.22,24.69,21.04
4215,30.54,30.54,28.52,25.13,24.69,20.95
4217,30.54,30.54,28.52,25.22,24.69,21.04
4219,30.54,30.45,28.52,25.22,24.69,21.04
4221,30.54,30.45,28.43,25.13,24.60,21.04
4223,30.54,30.45,28.43,25.13,24.60,21.04
4225,30.45,30.45,28.43,25.13,24.69,21.04
4227,30.45,30.45,28.43,25.13,24.60,21.04
4229,30.45,30.35,28.43,25.13,24.60,21.04
4231,30.45,30.45,28.43,25.13,24.60,20.95
4234,30.45,30.45,28.43,25.13,24.60,20.95
4236,30.45,30.35,28.43,25.13,24.60,20.95
4238,30.45,30.35,28.43,25.13,24.60,21.04
4240,30.45,30.35,28.34,25.13,24.60,20.95
4242,30.45,30.35,28.34,25.13,24.60,20.95
4244,30.35,30.35,28.34,25.13,24.60,20.95
4246,30.35,30.35,28.34,25.13,24.60,20.95
4248,30.35,30.35,28.34,25.13,24.60,20.87
4250,30.35,30.26,28.34,25.13,24.60,20.87
4252,30.35,30.26,28.34,25.13,24.60,20.87
4254,30.35,30.26,28.34,25.13,24.60,20.95
4256,30.35,30.26,28.34,25.04,24.60,20.95
4258,30.35,30.26,28.25,25.04,24.60,20.95
4260,30.26,30.26,28.25,25.04,24.60,20.95
4262,30.26,30.26,28.25,25.04,24.60,20.95
4264,30.26,30.17,28.25,25.04,24.60,20.95
4266,30.26,30.17,28.25,25.04,24.60,20.95
4268,30.26,30.17,28.25,25.04,24.60,20.95
4270,30.26,30.17,28.25,25.04,24.60,20.95
4272,30.17,30.17,28.25,25.04,24.60,20.95
4274,30.17,30.17,28.25,25.04,24.60,20.95
4276,30.17,30.17,28.16,25.04,24.60,20.95
4278,30.17,30.17,28.16,25.04,24.52,20.95
4280,30.17,30.08,28.16,25.04,24.52,20.95
4282,30.17,30.17,28.16,25.04,24.52,20.95
4284,30.17,30.08,28.16,25.04,24.52,20.95
4286,30.17,30.08,28.16,25.04,24.52,20.95
4288,30.17,30.08,28.16,24.96,24.52,20.87
4291,30.08,30.08,28.16,24.96,24.52,20.87
4293,30.08,30.08,28.16,24.96,24.52,20.95
4295,30.08,30.08,28.07,24.96,24.52,20.87
4297,30.08,29.99,28.07,24.96,24.52,20.95
4299,30.08,29.99,28.07,24.96,24.52,20.87
4301,30.08,29.99,28.07,24.96,24.52,20.87
4303,30.08,29.99,28.07,24.96,24.52,20.95
4305,30.08,29.99,28.07,24.96,24.43,20.95
4307,29.99,29.99,28.07,24.96,24.52,20.95
4309,29.99,29.99,28.07,24.96,24.52,20.87
4311,29.99,29.99,28.07,24.96,24.52,20.95
4313,29.99,29.99,27.98,24.96,24.52,20.87
4315,29.99,29.89,27.98,24.96,24.52,20.95
4317,29.99,29.89,27.98,24.96,24.52,20.95
4319,29.99,29.89,27.98,24.96,24.52,20.87
4321,29.99,29.89,27.98,24.87,24.43,20.87
4323,29.89,29.89,27.98,24.87,24.43,20.95
4325,29.89,29.89,27.98,24.87,24.43,20.95
4327,29.89,29.89,27.98,24.87,24.43,20.95
4329,29.89,29.80,27.89,24.87,24.43,20.87
4331,29.89,29.80,27.89,24.87,24.43,20.87
4333,29.89,29.80,27.89,24.87,24.43,20.87
4335,29.89,29.80,27.89,24.87,24.43,20.87
4337,29.80,29.80,27.89,24.87,24.43,20.87
4339,29.80,29.80,27.89,24.87,24.43,20.87
4341,29.80,29.80,27.89,24.87,24.43,20.87
4343,29.80,29.80,27.89,24.87,24.43,20.87
4345,29.80,29.71,27.89,24.87,24.43,20.87
4347,29.80,29.71,27.80,24.78,24.43,20.87
4350,29.80,29.71,27.80,24.78,24.43,20.87
4352,29.80,29.71,27.80,24.78,24.43,20.95
4354,29.71,29.71,27.80,24.78,24.43,20.95
4356,29.71,29.71,27.80,24.78,24.43,20.95
4358,29.71,29.71,27.80,24.78,24.43,20.95
4360,29.71,29.71,27.80,24.78,24.43,20.95
4362,29.71,29.71,27.80,24.78,24.43,20.95
4364,29.71,29.62,27.80,24.78,24.43,20.95
4366,29.71,29.62,27.80,24.78,24.43,20.95
4368,29.71,29.62,27.80,24.78,24.43,20.95
4370,29.71,29.62,27.71,24.78,24.43,20.95
4372,29.62,29.62,27.71,24.78,24.34,20.95
4374,29.62,29.62,27.71,24.78,24.34,20.95
4376,29.62,29.62,27.71,24.78,24.43,20.95
4378,29.62,29.62,27.71,24.78,24.34,20.95
4380,29.62,29.62,27.71,24.78,24.43,20.95
4382,29.62,29.53,27.71,24.78,24.34,20.95
4384,29.62,29.53,27.71,24.78,24.34,20.95
4386,29.62,29.53,27.71,24.78,24.34,20.95
4388,29.53,29.53,27.62,24.69,24.34,20.95
4390,29.53,29.53,27.62,24.69,24.34,20.95
4392,29.53,29.53,27.62,24.69,24.34,20.95
4394,29.53,29.53,27.62,24.69,24.34,20.87
4396,29.53,29.53,27.62,24.69,24.34,20.87
4398,29.53,29.53,27.62,24.69,24.34,20.87
4400,29.53,29.43,27.62,24.69,24.34,20.87
4402,29.53,29.43,27.62,24.69,24.34,20.78
4404,29.53,29.43,27.62,24.69,24.34,20.78
4407,29.43,29.43,27.62,24.69,24.34,20.87
4409,29.43,29.43,27.62,24.69,24.34,20.87
4411,29.43,29.43,27.53,24.69,24.34,20.87
4413,29.43,29.43,27.53,24.69,24.34,20.95
4415,29.43,29.43,27.53,24.69,24.34,20.95
4417,29.43,29.34,27.53,24.69,24.34,20.95
4419,29.43,29.34,27.53,24.69,24.34,20.95
4421,29.43,29.34,27.53,24.69,24.34,20.95
4423,29.34,29.34,27.53,24.60,24.34,20.95
4425,29.34,29.34,27.53,24.60,24.34,20.95
4427,29.34,29.34,27.44,24.60,24.34,20.95
4429,29.34,29.34,27.53,24.60,24.25,20.95
4431,29.34,29.34,27.44,24.60,24.34,20.87
4433,29.34,29.34,27.44,24.60,24.25,20.95
4435,29.34,29.34,27.44,24.60,24.34,20.95
4437,29.34,29.25,27.44,24.60,24.25,20.95
4439,29.25,29.25,27.44,24.60,24.25,20.87
4441,29.34,29.25,27.44,24.60,24.25,20.87
4443,29.25,29.25,27.44,24.60,24.25,20.87
4445,29.25,29.25,27.44,24.60,24.25,20.87
4447,29.25,29.25,27.44,24.60,24.25,20.87
4449,29.25,29.25,27.35,24.60,24.25,20.87
4451,29.25,29.25,27.44,24.60,24.25,20.87
4453,29.25,29.25,27.35,24.60,24.25,20.95
4455,29.25,29.25,27.35,24.60,24.25,20.87
4457,29.25,29.16,27.35,24.52,24.25,20.87
4459,29.25,29.16,27.35,24.60,24.25,20.87
4461,29.16,29.16,27.35,24.52,24.17,20.87
4464,29.16,29.16,27.35,24.52,24.17,20.87
4466,29.16,29.16,27.35,24.52,24.17,20.87
4468,29.16,29.16,27.35,24.52,24.17,20.87
4470,29.16,29.16,27.35,24.52,24.17,20.87
4472,29.16,29.16,27.26,24.52,24.17,20.87
4474,29.16,29.07,27.26,24.52,24.17,20.87
4476,29.16,29.07,27.26,24.52,24.17,20.87
4478,29.16,29.07,27.26,24.52,24.17,20.87
4480,29.16,29.07,27.26,24.52,24.17,20.87
4482,29.07,29.07,27.26,24.52,24.17,20.87
4484,29.07,29.07,27.26,24.52,24.17,20.87
4486,29.07,29.07,27.26,24.52,24.17,20.87
4488,29.07,29.07,27.26,24.52,24.17,20.78
4490,29.07,29.07,27.26,24.52,24.17,20.78
4492,29.07,28.98,27.17,24.43,24.17,20.87
4494,28.98,28.98,27.17,24.52,24.17,20.78
4496,29.07,28.98,27.17,24.43,24.17,20.87
4498,28.98,28.98,27.17,24.43,24.17,20.78
4500,28.98,28.98,27.17,24.43,24.17,20.87
4502,28.98,28.98,27.17,24.43,24.17,20.87
4504,28.98,28.98,27.17,24.43,24.17,20.78
4506,28.98,28.98,27.17,24.43,24.17,20.87
4508,28.98,28.98,27.17,24.43,24.17,20.87
4510,28.98,28.98,27.17,24.43,24.17,20.95
4512,28.98,28.89,27.08,24.43,24.17,20.87
4514,28.98,28.89,27.08,24.43,24.17,20.87
4516,28.98,28.89,27.08,24.43,24.17,20.87
4518,28.89,28.89,27.08,24.43,24.17,20.95
4521,28.89,28.89,27.08,24.43,24.17,20.87
4523,28.89,28.89,27.08,24.43,24.17,20.87
4525,28.89,28.89,27.08,24.43,24.17,20.87
4527,28.89,28.89,27.08,24.43,24.08,20.87
4529,28.89,28.80,27.08,24.43,24.17,20.87
4531,28.89,28.80,27.08,24.43,24.08,20.87
4533,28.89,28.80,27.08,24.34,24.08,20.87
4535,28.89,28.80,26.99,24.43,24.08,20.78
4537,28.89,28.80,26.99,24.34,24.08,20.87
4539,28.80,28.80,26.99,24.34,24.08,20.87
4541,28.80,28.80,26.99,24.34,24.08,20.87
4543,28.80,28.80,26.99,24.34,24.08,20.87
4545,28.80,28.71,26.99,24.34,24.08,20.78
4547,28.80,28.80,26.99,24.34,24.08,20.78
4549,28.80,28.71,26.99,24.34,24.08,20.87
4551,28.80,28.71,26.99,24.34,24.08,20.78
4553,28.80,28.71,26.99,24.34,24.08,20.78
4555,28.80,28.71,26.99,24.34,24.08,20.78
4557,28.71,28.71,26.91,24.34,24.08,20.78
4559,28.71,28.71,26.91,24.34,24.08,20.78
4561,28.71,28.71,26.91,24.34,24.08,20.78
4563,28.71,28.71,26.91,24.34,24.08,20.78
4565,28.71,28.71,26.91,24.34,24.08,20.78
4567,28.71,28.71,26.91,24.34,24.08,20.78
4569,28.71,28.61,26.91,24.25,23.99,20.78
4571,28.71,28.61,26.91,24.25,24.08,20.78
4573,28.71,28.61,26.91,24.25,23.99,20.78
4575,28.71,28.61,26.91,24.25,23.99,20.78
4578,28.61,28.61,26.91,24.25,23.99,20.78
4580,28.61,28.61,26.82,24.25,23.99,20.78
4582,28.61,28.61,26.82,24.25,23.99,20.78
4584,28.61,28.61,26.82,24.25,23.99,20.78
4586,28.61,28.61,26.82,24.25,23.99,20.78
4588,28.61,28.61,26.82,24.25,23.99,20.87
4590,28.61,28.52,26.82,24.25,23.99,20.87
4592,28.61,28.52,26.82,24.25,23.99,20.87
4594,28.61,28.52,26.82,24.25,23.99,20.87
4596,28.61,28.52,26.82,24.25,23.99,20.87
4598,28.52,28.52,26.82,24.25,23.99,20.87
4600,28.52,28.52,26.73,24.25,23.99,20.87
4602,28.52,28.52,26.82,24.25,23.99,20.87
4604,28.52,28.52,26.73,24.25,23.99,20.87
4606,28.52,28.52,26.73,24.25,23.99,20.87
4608,28.52,28.52,26.73,24.25,23.99,20.87
4610,28.52,28.52,26.73,24.25,23.99,20.87
4612,28.52,28.52,26.73,24.17,23.99,20.87
4614,28.52,28.43,26.73,24.17,23.99,20.87
4616,28.52,28.43,26.73,24.17,23.99,20.87
4618,28.52,28.43,26.73,24.25,23.99,20.87
4620,28.43,28.43,26.73,24.17,23.99,20.87
4622,28.52,28.43,26.73,24.17,23.99,20.87
4624,28.43,28.43,26.73,24.17,23.90,20.78
4626,28.43,28.43,26.73,24.17,23.99,20.87
4628,28.43,28.43,26.64,24.17,23.99,20.87
4630,28.43,28.43,26.64,24.17,23.99,20.87
4632,28.43,28.43,26.64,24.17,23.99,20.87
4635,28.43,28.34,26.64,24.17,23.99,20.78
4637,28.43,28.34,26.64,24.17,23.99,20.78
4639,28.43,28.34,26.64,24.17,23.99,20.87
4641,28.43,28.34,26.64,24.17,23.99,20.78
4643,28.34,28.34,26.64,24.17,23.99,20.78
4645,28.34,28.34,26.64,24.17,23.90,20.78
4647,28.34,28.34,26.64,24.17,23.90,20.78
4649,28.34,28.34,26.64,24.17,23.90,20.78
4651,28.34,28.34,26.55,24.17,23.90,20.78
4653,28.34,28.25,26.55,24.17,23.90,20.78
4655,28.34,28.34,26.55,24.17,23.90,20.78
4657,28.34,28.25,26.55,24.08,23.90,20.78
4659,28.34,28.25,26.55,24.08,23.90,20.78
4661,28.25,28.25,26.55,24.08,23.90,20.78
4663,28.25,28.25,26.55,24.08,23.90,20.78
4665,28.25,28.25,26.55,24.08,23.90,20.78
4667,28.25,28.25,26.55,24.08,23.90,20.78
4669,28.25,28.25,26.55,24.08,23.90,20.78
4671,28.25,28.25,26.55,24.08,23.90,20.78
4673,28.25,28.25,26.55,24.08,23.90,20.78
4675,28.25,28.16,26.46,24.08,23.90,20.78
4677,28.25,28.16,26.46,24.08,23.90,20.78
4679,28.25,28.16,26.46,24.08,23.90,20.78
4681,28.25,28.16,26.46,24.08,23.90,20.78
4683,28.16,28.16,26.46,24.08,23.90,20.78
4685,28.16,28.16,26.46,24.08,23.90,20.78
4687,28.16,28.16,26.46,24.08,23.90,20.78
4689,28.16,28.16,26.46,24.08,23.90,20.78
4691,28.16,28.16,26.46,24.08,23.90,20.78
4694,28.16,28.16,26.46,24.08,23.90,20.78
4696,28.16,28.16,26.46,24.08,23.90,20.78
4698,28.16,28.16,26.46,23.99,23.82,20.69
4700,28.16,28.07,26.37,23.99,23.82,20.78
4702,28.07,28.07,26.37,23.99,23.82,20.69
4704,28.07,28.07,26.37,23.99,23.82,20.69
4706,28.07,28.07,26.37,23.99,23.82,20.69
4708,28.07,28.07,26.37,23.99,23.82,20.78
4710,28.07,28.07,26.37,23.99,23.82,20.78
4712,28.07,28.07,26.37,23.99,23.90,20.78
4714,28.07,28.07,26.37,23.99,23.90,20.78
4716,28.07,28.07,26.37,23.99,23.90,20.78
4718,28.07,28.07,26.37,23.99,23.90,20.78
4720,28.07,27.98,26.37,23.99,23.90,20.78
4722,28.07,27.98,26.37,23.99,23.90,20.78
4724,28.07,27.98,26.37,23.99,23.82,20.78
4726,28.07,27.98,26.28,23.99,23.82,20.69
4728,27.98,27.98,26.28,23.99,23.82,20.69
4730,27.98,27.98,26.28,23.99,23.82,20.78
4732,27.98,27.98,26.28,23.99,23.82,20.78
4734,27.98,27.98,26.28,23.99,23.82,20.78
4736,27.98,27.98,26.28,23.99,23.82,20.78
4738,27.98,27.98,26.28,23.99,23.82,20.78
4740,27.98,27.98,26.28,23.90,23.82,20.78
4742,27.98,27.89,26.28,23.90,23.82,20.78
4744,27.98,27.89,26.28,23.99,23.82,20.78
4746,27.98,27.89,26.28,23.90,23.82,20.78
4748,27.98,27.89,26.28,23.90,23.82,20.78
4751,27.89,27.89,26.28,23.90,23.82,20.78
4753,27.89,27.89,26.28,23.90,23.82,20.87
4755,27.89,27.89,26.19,23.90,23.82,20.78
4757,27.89,27.89,26.19,23.90,23.82,20.78
4759,27.89,27.89,26.19,23.90,23.82,20.78
4761,27.89,27.89,26.19,23.90,23.82,20.78
4763,27.89,27.89,26.19,23.90,23.82,20.78
4765,27.89,27.89,26.19,23.90,23.82,20.78
4767,27.89,27.80,26.19,23.90,23.82,20.78
4769,27.89,27.80,26.19,23.90,23.82,20.78
4771,27.89,27.80,26.19,23.90,23.73,20.78
4773,27.80,27.80,26.19,23.90,23.82,20.78
4775,27.80,27.80,26.19,23.90,23.73,20.69
4777,27.80,27.80,26.19,23.90,23.73,20.78
4779,27.80,27.80,26.19,23.90,23.73,20.78
4781,27.80,27.80,26.10,23.90,23.73,20.78
4783,27.80,27.80,26.10,23.90,23.73,20.78
4785,27.80,27.80,26.10,23.82,23.73,20.78
4787,27.80,27.80,26.10,23.90,23.73,20.78
4789,27.80,27.80,26.10,23.90,23.73,20.78
4791,27.80,27.71,26.10,23.90,23.73,20.78
4793,27.80,27.71,26.10,23.82,23.73,20.78
4795,27.80,27.71,26.10,23.82,23.73,20.78
4797,27.71,27.71,26.10,23.82,23.73,20.78
4799,27.71,27.71,26.10,23.82,23.73,20.78
4801,27.71,27.71,26.10,23.82,23.73,20.78
4803,27.71,27.71,26.10,23.82,23.73,20.78
4805,27.71,27.71,26.10,23.82,23.73,20.78
4808,27.71,27.71,26.02,23.82,23.73,20.78
4810,27.71,27.71,26.02,23.82,23.73,20.78
4812,27.71,27.71,26.02,23.82,23.73,20.78
4814,27.71,27.62,26.02,23.82,23.73,20.78
4816,27.71,27.62,26.02,23.82,23.73,20.78
4818,27.71,27.62,26.02,23.82,23.73,20.78
4820,27.71,27.62,26.02,23.82,23.73,20.78
4822,27.62,27.62,26.02,23.82,23.73,20.78
4824,27.62,27.62,26.02,23.82,23.73,20.78
4826,27.62,27.62,26.02,23.82,23.73,20.78
4828,27.62,27.62,26.02,23.82,23.73,20.78
4830,27.62,27.53,26.02,23.82,23.73,20.78
4832,27.62,27.62,26.02,23.82,23.73,20.78
4834,27.62,27.62,26.02,23.82,23.64,20.69
4836,27.62,27.62,25.93,23.73,23.73,20.69
4838,27.62,27.53,25.93,23.82,23.64,20.69
4840,27.62,27.53,25.93,23.73,23.64,20.69
4842,27.62,27.53,25.93,23.73,23.64,20.69
4844,27.62,27.53,25.93,23.73,23.64,20.69
4846,27.62,27.53,25.93,23.73,23.64,20.69
4848,27.53,27.53,25.93,23.73,23.64,20.69
4850,27.53,27.53,25.93,23.73,23.64,20.69
4852,27.53,27.53,25.93,23.73,23.64,20.69
4854,27.53,27.53,25.93,23.73,23.64,20.69
4856,27.53,27.53,25.93,23.73,23.64,20.69
4858,27.53,27.53,25.93,23.73,23.64,20.69
4860,27.53,27.53,25.93,23.73,23.64,20.69
4862,27.53,27.44,25.84,23.73,23.64,20.69
4865,27.53,27.44,25.84,23.73,23.64,20.69
4867,27.44,27.44,25.84,23.73,23.64,20.78
4869,27.53,27.44,25.84,23.73,23.64,20.69
4871,27.53,27.44,25.84,23.73,23.64,20.78
4873,27.44,27.44,25.84,23.73,23.64,20.69
4875,27.44,27.44,25.84,23.73,23.64,20.78
4877,27.44,27.44,25.84,23.64,23.64,20.78
4879,27.44,27.44,25.84,23.73,23.55,20.78
4881,27.44,27.44,25.84,23.73,23.55,20.69
4883,27.44,27.44,25.84,23.73,23.55,20.69
4885,27.44,27.44,25.84,23.73,23.55,20.78
4887,27.44,27.44,25.75,23.64,23.55,20.78
4889,27.44,27.35,25.84,23.64,23.55,20.78
4891,27.44,27.35,25.75,23.64,23.55,20.78
4893,27.44,27.35,25.75,23.64,23.55,20.78
4895,27.44,27.35,25.75,23.64,23.55,20.78
4897,27.44,27.35,25.75,23.64,23.55,20.78
4899,27.44,27.35,25.75,23.64,23.55,20.78
4901,27.35,27.35,25.75,23.64,23.55,20.78
4903,27.35,27.35,25.75,23.64,23.55,20.78
4905,27.35,27.35,25.75,23.64,23.55,20.78
4907,27.35,27.35,25.75,23.64,23.55,20.78
4909,27.35,27.35,25.75,23.64,23.55,20.78
4911,27.35,27.35,25.66,23.64,23.55,20.87
4913,27.35,27.26,25.75,23.64,23.55,20.78
4915,27.35,27.26,25.75,23.64,23.55,20.78
4917,27.35,27.26,25.75,23.64,23.55,20.78
4919,27.35,27.26,25.66,23.64,23.55,20.78
4922,27.26,27.26,25.66,23.64,23.55,20.78
4924,27.26,27.26,25.66,23.64,23.55,20.78
4926,27.26,27.26,25.66,23.64,23.55,20.78
4928,27.26,27.26,25.66,23.64,23.55,20.78
4930,27.26,27.26,25.66,23.64,23.55,20.78
4932,27.26,27.26,25.66,23.55,23.55,20.78
4934,27.26,27.26,25.66,23.55,23.55,20.78
4936,27.26,27.26,25.66,23.55,23.55,20.78
4938,27.26,27.17,25.66,23.55,23.55,20.69
4940,27.26,27.17,25.66,23.55,23.55,20.78
4942,27.26,27.17,25.66,23.55,23.55,20.78
4944,27.26,27.17,25.66,23.55,23.55,20.78
4946,27.26,27.17,25.66,23.55,23.55,20.69
4948,27.26,27.17,25.66,23.55,23.55,20.78
4950,27.17,27.17,25.57,23.55,23.55,20.69
4952,27.17,27.17,25.57,23.55,23.55,20.69
4954,27.17,27.17,25.57,23.55,23.55,20.69
4956,27.17,27.17,25.57,23.55,23.55,20.69
4958,27.17,27.17,25.57,23.55,23.47,20.69
4960,27.17,27.17,25.57,23.55,23.55,20.69
4962,27.17,27.08,25.57,23.55,23.55,20.78
4964,27.17,27.08,25.57,23.55,23.55,20.78
4966,27.17,27.08,25.57,23.55,23.47,20.78
4968,27.17,27.08,25.57,23.55,23.47,20.69
4970,27.17,27.08,25.57,23.55,23.47,20.78
4972,27.17,27.08,25.57,23.55,23.47,20.78
4974,27.17,27.08,25.57,23.55,23.47,20.78
4976,27.17,27.08,25.57,23.55,23.47,20.78
4979,27.08,27.08,25.57,23.55,23.47,20.78
4981,27.08,27.08,25.48,23.55,23.47,20.69
4983,27.08,27.08,25.48,23.47,23.47,20.69
4985,27.08,27.08,25.48,23.47,23.47,20.69
4987,27.08,27.08,25.48,23.47,23.47,20.78
4989,27.08,27.08,25.48,23.47,23.47,20.78
4991,27.08,27.08,25.48,23.55,23.47,20.78
4993,27.08,27.08,25.48,23.47,23.47,20.78
4995,27.08,27.08,25.48,23.47,23.47,20.78
4997,27.08,26.99,25.48,23.55,23.47,20.69
4999,27.08,26.99,25.48,23.47,23.47,20.78
5001,27.08,26.99,25.48,23.47,23.47,20.78
5003,27.08,26.99,25.48,23.47,23.47,20.69
5005,27.08,26.99,25.48,23.47,23.47,20.69
5007,26.99,26.99,25.48,23.47,23.47,20.69
5009,26.99,26.99,25.48,23.47,23.47,20.69
5011,26.99,26.99,25.48,23.47,23.47,20.69
5013,26.99,26.99,25.40,23.47,23.47,20.69
5015,26.99,26.99,25.40,23.47,23.47,20.69
5017,26.99,26.99,25.40,23.47,23.47,20.69
5019,26.99,26.91,25.40,23.47,23.47,20.69
5021,26.99,26.91,25.40,23.47,23.47,20.69
5023,26.99,26.91,25.40,23.47,23.47,20.69
5025,26.99,26.91,25.40,23.47,23.47,20.69
5027,26.91,26.91,25.40,23.47,23.47,20.69
5029,26.99,26.91,25.40,23.47,23.47,20.69
5031,26.91,26.91,25.40,23.47,23.47,20.69
5033,26.91,26.91,25.40,23.47,23.47,20.69
5036,26.91,26.91,25.40,23.47,23.47,20.69
5038,26.91,26.91,25.40,23.47,23.47,20.69
5040,26.91,26.91,25.40,23.47,23.38,20.69
5042,26.91,26.91,25.40,23.47,23.38,20.69
5044,26.91,26.91,25.40,23.47,23.38,20.69
5046,26.91,26.91,25.31,23.38,23.38,20.69
5048,26.91,26.82,25.31,23.38,23.38,20.69
5050,26.91,26.82,25.31,23.38,23.38,20.69
5052,26.91,26.82,25.31,23.38,23.38,20.69
5054,26.91,26.82,25.31,23.38,23.38,20.69
5056,26.91,26.82,25.31,23.38,23.38,20.69
5058,26.91,26.82,25.31,23.38,23.38,20.69
5060,26.91,26.82,25.31,23.38,23.38,20.69
5062,26.82,26.82,25.31,23.38,23.38,20.69
5064,26.82,26.82,25.31,23.38,23.38,20.69
5066,26.82,26.82,25.31,23.38,23.38,20.69
5068,26.82,26.82,25.31,23.38,23.38,20.69
5070,26.82,26.82,25.31,23.38,23.38,20.69
5072,26.82,26.82,25.31,23.38,23.38,20.69
5074,26.82,26.73,25.31,23.38,23.38,20.69
5076,26.82,26.73,25.31,23.38,23.38,20.69
5078,26.82,26.73,25.22,23.38,23.38,20.69
5080,26.82,26.73,25.22,23.38,23.38,20.69
5082,26.82,26.73,25.22,23.38,23.38,20.69
5084,26.82,26.73,25.22,23.38,23.38,20.69
5086,26.82,26.73,25.22,23.38,23.38,20.69
5088,26.73,26.73,25.22,23.38,23.38,20.69
5090,26.73,26.73,25.22,23.38,23.38,20.69
5092,26.73,26.73,25.22,23.29,23.38,20.69
5095,26.73,26.73,25.22,23.29,23.38,20.69
5097,26.73,26.73,25.22,23.29,23.38,20.69
5099,26.73,26.73,25.22,23.29,23.38,20.69
5101,26.73,26.73,25.22,23.29,23.38,20.69
5103,26.73,26.73,25.22,23.29,23.38,20.69
5105,26.73,26.64,25.22,23.29,23.38,20.69
5107,26.73,26.64,25.22,23.29,23.38,20.69
5109,26.73,26.64,25.13,23.29,23.38,20.69
5111,26.73,26.64,25.13,23.29,23.38,20.69
5113,26.73,26.64,25.13,23.29,23.38,20.69
5115,26.73,26.64,25.13,23.29,23.38,20.69
5117,26.73,26.64,25.13,23.29,23.38,20.69
5119,26.73,26.64,25.13,23.29,23.29,20.69
5121,26.73,26.64,25.13,23.29,23.38,20.69
5123,26.73,26.64,25.13,23.29,23.29,20.69
5125,26.64,26.64,25.13,23.29,23.29,20.69
5127,26.64,26.64,25.13,23.29,23.29,20.69
5129,26.64,26.64,25.13,23.29,23.38,20.69
5131,26.64,26.55,25.13,23.29,23.38,20.69
5133,26.64,26.64,25.13,23.29,23.38,20.69
5135,26.64,26.64,25.13,23.29,23.29,20.69
5137,26.64,26.55,25.13,23.29,23.29,20.69
5139,26.64,26.55,25.13,23.29,23.29,20.69
5141,26.64,26.55,25.13,23.29,23.29,20.69
5143,26.64,26.55,25.13,23.29,23.29,20.69
5145,26.64,26.55,25.04,23.29,23.29,20.69
5147,26.64,26.55,25.13,23.29,23.29,20.69
5149,26.55,26.55,25.04,23.29,23.29,20.69
5152,26.64,26.55,25.04,23.29,23.29,20.61
5154,26.64,26.55,25.04,23.29,23.29,20.69
5156,26.55,26.55,25.04,23.29,23.29,20.69
5158,26.55,26.55,25.04,23.29,23.29,20.61
5160,26.55,26.55,25.04,23.21,23.29,20.61
5162,26.55,26.55,25.04,23.29,23.29,20.69
5164,26.55,26.55,25.04,23.21,23.29,20.69
5166,26.55,26.55,25.04,23.21,23.29,20.61
5168,26.55,26.46,25.04,23.21,23.29,20.69
5170,26.55,26.46,25.04,23.21,23.21,20.69
5172,26.55,26.46,25.04,23.21,23.29,20.69
5174,26.55,26.46,25.04,23.21,23.29,20.69
5176,26.55,26.46,25.04,23.21,23.29,20.69
5178,26.55,26.46,25.04,23.21,23.29,20.69
5180,26.55,26.46,25.04,23.21,23.29,20.69
5182,26.55,26.46,24.96,23.21,23.29,20.69
5184,26.46,26.46,24.96,23.21,23.29,20.69
5186,26.46,26.46,24.96,23.21,23.21,20.69
5188,26.46,26.46,24.96,23.21,23.29,20.69
5190,26.46,26.46,24.96,23.21,23.21,20.69
5192,26.46,26.46,24.96,23.21,23.21,20.69
5194,26.46,26.46,24.96,23.21,23.21,20.69
5196,26.46,26.37,24.96,23.21,23.21,20.61
5198,26.46,26.46,24.96,23.21,23.21,20.61
5200,26.46,26.37,24.96,23.21,23.21,20.69
5202,26.46,26.37,24.96,23.21,23.21,20.69
5204,26.46,26.37,24.96,23.21,23.21,20.69
5206,26.46,26.37,24.96,23.21,23.29,20.69
5209,26.46,26.37,24.96,23.21,23.21,20.69
5211,26.46,26.37,24.96,23.21,23.21,20.61
5213,26.46,26.37,24.96,23.21,23.21,20.69
5215,26.46,26.37,24.96,23.21,23.21,20.69
5217,26.46,26.37,24.87,23.21,23.21,20.69
5219,26.46,26.37,24.87,23.21,23.21,20.69
5221,26.37,26.37,24.87,23.21,23.21,20.69
5223,26.37,26.37,24.87,23.12,23.21,20.69
5225,26.37,26.37,24.87,23.21,23.21,20.69
5227,26.37,26.28,24.87,23.12,23.21,20.69
5229,26.37,26.37,24.87,23.12,23.21,20.69
5231,26.37,26.37,24.87,23.12,23.21,20.69
5233,26.37,26.28,24.87,23.12,23.21,20.69
5235,26.37,26.37,24.87,23.12,23.21,20.69
5237,26.37,26.28,24.87,23.12,23.21,20.69
5239,26.37,26.28,24.87,23.12,23.21,20.69
5241,26.37,26.28,24.87,23.12,23.21,20.69
5243,26.37,26.28,24.87,23.12,23.21,20.61
5245,26.37,26.28,24.87,23.12,23.21,20.61
5247,26.37,26.28,24.87,23.12,23.21,20.61
5249,26.28,26.28,24.87,23.12,23.21,20.69
5251,26.28,26.28,24.87,23.12,23.21,20.61
5253,26.28,26.28,24.87,23.12,23.21,20.69
5255,26.28,26.28,24.87,23.12,23.21,20.69
5257,26.28,26.28,24.78,23.12,23.21,20.69
5259,26.28,26.28,24.78,23.12,23.21,20.69
5261,26.28,26.19,24.78,23.12,23.21,20.61
5263,26.28,26.28,24.78,23.12,23.21,20.69
5266,26.28,26.28,24.78,23.12,23.21,20.69
5268,26.28,26.19,24.78,23.12,23.21,20.69
5270,26.28,26.19,24.78,23.12,23.21,20.69
5272,26.28,26.19,24.78,23.12,23.21,20.69
5274,26.28,26.19,24.78,23.12,23.21,20.69
5276,26.28,26.19,24.78,23.12,23.21,20.69
5278,26.28,26.19,24.78,23.12,23.21,20.69
5280,26.28,26.19,24.78,23.12,23.12,20.69
5282,26.28,26.19,24.78,23.12,23.21,20.69
5284,26.28,26.19,24.78,23.12,23.21,20.69
5286,26.19,26.19,24.78,23.12,23.21,20.69
5288,26.19,26.19,24.78,23.12,23.12,20.61
5290,26.19,26.19,24.78,23.12,23.12,20.61
5292,26.19,26.19,24.78,23.12,23.12,20.61
5294,26.19,26.19,24.69,23.03,23.12,20.61
5296,26.19,26.19,24.69,23.03,23.12,20.61
5298,26.19,26.19,24.69,23.12,23.12,20.61
5300,26.19,26.10,24.69,23.03,23.12,20.61
5302,26.19,26.10,24.69,23.03,23.12,20.61
5304,26.19,26.10,24.69,23.03,23.12,20.61
5306,26.19,26.10,24.69,23.03,23.12,20.61
5308,26.19,26.10,24.69,23.03,23.12,20.61
5310,26.19,26.10,24.69,23.03,23.12,20.61
5312,26.19,26.10,24.69,23.03,23.12,20.61
5314,26.19,26.10,24.69,23.03,23.12,20.61
5316,26.10,26.10,24.69,23.03,23.12,20.61
5318,26.19,26.10,24.69,23.03,23.12,20.61
5320,26.19,26.10,24.69,23.03,23.12,20.61
5323,26.10,26.10,24.69,23.03,23.12,20.61
5325,26.10,26.10,24.69,23.03,23.12,20.61
5327,26.10,26.10,24.69,23.03,23.12,20.61
5329,26.10,26.10,24.69,23.03,23.12,20.61
5331,26.10,26.10,24.60,23.03,23.12,20.52
5333,26.10,26.02,24.69,23.03,23.12,20.52
5335,26.10,26.02,24.60,23.03,23.12,20.61
5337,26.10,26.02,24.60,23.03,23.12,20.61
5339,26.10,26.02,24.60,23.03,23.12,20.61
5341,26.10,26.02,24.60,23.03,23.12,20.61
5343,26.10,26.02,24.60,23.03,23.12,20.61
5345,26.10,26.02,24.60,22.94,23.12,20.61
5347,26.10,26.02,24.60,22.94,23.03,20.61
5349,26.10,26.02,24.60,23.03,23.12,20.61
5351,26.02,26.02,24.60,23.03,23.12,20.61
5353,26.02,26.02,24.60,22.94,23.03,20.61
5355,26.02,26.02,24.60,22.94,23.12,20.61
5357,26.02,26.02,24.60,22.94,23.12,20.61
5359,26.10,26.02,24.60,22.94,23.03,20.61
5361,26.02,26.02,24.60,22.94,23.03,20.61
5363,26.02,25.93,24.60,22.94,23.03,20.61
5365,26.02,25.93,24.60,22.94,23.03,20.61
5367,26.02,25.93,24.60,22.94,23.03,20.61
5369,26.02,25.93,24.60,22.94,23.03,20.61
5371,26.02,25.93,24.60,22.94,23.03,20.61
5373,26.02,25.93,24.60,22.94,23.03,20.61
5375,26.02,25.93,24.52,22.94,23.03,20.61
5377,26.02,25.93,24.52,22.94,23.03,20.61
5380,26.02,25.93,24.52,22.94,23.03,20.61
5382,26.02,25.93,24.52,22.94,23.03,20.61
5384,26.02,25.93,24.52,22.94,23.03,20.61
5386,26.02,25.93,24.52,22.94,23.03,20.52
5388,26.02,25.93,24.52,22.94,23.03,20.61
5390,25.93,25.93,24.52,22.94,23.03,20.52
5392,25.93,25.93,24.52,22.94,23.03,20.61
5394,25.93,25.84,24.52,22.94,23.03,20.61
5396,25.93,25.93,24.52,22.94,23.03,20.61
5398,25.93,25.93,24.52,22.94,23.03,20.52
5400,25.93,25.84,24.52,22.94,23.03,20.61
5402,25.93,25.84,24.52,22.94,23.03,20.61
5404,25.93,25.84,24.52,22.94,23.03,20.61
5406,25.93,25.84,24.52,22.94,23.03,20.61
5408,25.93,25.84,24.52,22.94,23.03,20.61
5410,25.93,25.84,24.52,22.86,22.94,20.61
5412,25.93,25.84,24.52,22.86,23.03,20.61
5414,25.93,25.84,24.43,22.86,23.03,20.61
5416,25.93,25.84,24.43,22.86,23.03,20.69
5418,25.93,25.84,24.43,22.86,23.03,20.69
5420,25.93,25.84,24.43,22.86,23.03,20.69
5422,25.93,25.84,24.43,22.86,23.03,20.69
5424,25.84,25.84,24.43,22.86,23.03,20.61
5426,25.84,25.84,24.43,22.86,22.94,20.61
5428,25.84,25.84,24.43,22.86,22.94,20.61
5430,25.84,25.75,24.43,22.86,22.94,20.61
5432,25.84,25.75,24.43,22.86,22.94,20.69
5434,25.84,25.75,24.43,22.86,22.94,20.69
5437,25.84,25.75,24.43,22.86,23.03,20.69
5439,25.84,25.75,24.43,22.86,22.94,20.69
5441,25.84,25.75,24.43,22.86,22.94,20.61
5443,25.84,25.75,24.43,22.86,22.94,20.69
5445,25.84,25.75,24.43,22.86,22.94,20.61
5447,25.84,25.75,24.43,22.86,22.94,20.61
5449,25.84,25.75,24.43,22.86,22.94,20.61
5451,25.84,25.75,24.43,22.86,22.94,20.61
5453,25.84,25.75,24.43,22.86,22.94,20.61
5455,25.84,25.75,24.43,22.86,22.94,20.61
5457,25.84,25.75,24.34,22.86,22.94,20.61
5459,25.75,25.75,24.34,22.86,22.94,20.61
5461,25.75,25.75,24.34,22.86,22.94,20.61
5463,25.75,25.75,24.34,22.86,22.94,20.61
5465,25.75,25.75,24.34,22.77,22.94,20.61
5467,25.75,25.66,24.34,22.86,22.94,20.61
5469,25.75,25.66,24.34,22.86,22.94,20.61
5471,25.75,25.66,24.34,22.86,22.94,20.61
5473,25.75,25.66,24.34,22.86,22.94,20.61
5475,25.75,25.66,24.34,22.77,22.94,20.61
5477,25.75,25.66,24.34,22.77,22.94,20.61
5479,25.75,25.66,24.34,22.77,22.94,20.61
5481,25.75,25.66,24.34,22.86,22.94,20.52
5483,25.75,25.66,24.34,22.77,22.94,20.61
5485,25.75,25.66,24.34,22.77,22.94,20.61
5487,25.75,25.66,24.34,22.77,22.94,20.61
5489,25.75,25.66,24.34,22.77,22.94,20.61
5491,25.75,25.66,24.34,22.77,22.94,20.61
5493,25.75,25.66,24.34,22.77,22.94,20.61
5496,25.66,25.66,24.34,22.77,22.94,20.61
5498,25.75,25.66,24.25,22.77,22.94,20.61
5500,25.75,25.66,24.25,22.77,22.94,20.52
5502,25.66,25.66,24.25,22.77,22.94,20.52
5504,25.66,25.66,24.25,22.77,22.94,20.52
5506,25.66,25.66,24.25,22.77,22.94,20.52
5508,25.66,25.57,24.25,22.77,22.94,20.52
5510,25.66,25.57,24.25,22.77,22.94,20.52
5512,25.66,25.57,24.25,22.77,22.94,20.52
5514,25.66,25.57,24.25,22.77,22.94,20.52
5516,25.66,25.57,24.25,22.77,22.94,20.52
5518,25.66,25.57,24.25,22.77,22.94,20.52
5520,25.66,25.57,24.25,22.77,22.94,20.52
5522,25.66,25.57,24.25,22.77,22.86,20.52
5524,25.66,25.57,24.25,22.77,22.86,20.52
5526,25.66,25.57,24.25,22.77,22.86,20.52
5528,25.66,25.57,24.25,22.77,22.86,20.52
5530,25.66,25.57,24.25,22.77,22.86,20.52
5532,25.66,25.57,24.25,22.77,22.86,20.61
5534,25.66,25.57,24.25,22.77,22.86,20.61
5536,25.66,25.57,24.25,22.68,22.86,20.61
5538,25.66,25.57,24.25,22.77,22.86,20.61
5540,25.57,25.57,24.25,22.77,22.86,20.61
5542,25.57,25.57,24.25,22.77,22.86,20.61
5544,25.57,25.57,24.17,22.68,22.86,20.61
5546,25.57,25.48,24.17,22.77,22.86,20.61
5548,25.57,25.48,24.17,22.68,22.86,20.61
5550,25.57,25.48,24.17,22.77,22.86,20.61
5553,25.57,25.48,24.17,22.77,22.86,20.61
5555,25.57,25.48,24.17,22.68,22.86,20.61
5557,25.57,25.48,24.17,22.68,22.86,20.61
5559,25.57,25.48,24.17,22.68,22.86,20.61
5561,25.57,25.48,24.17,22.68,22.86,20.61
5563,25.57,25.48,24.17,22.68,22.86,20.61
5565,25.57,25.48,24.17,22.68,22.86,20.61
5567,25.57,25.48,24.17,22.68,22.86,20.61
5569,25.57,25.48,24.17,22.68,22.86,20.52
5571,25.57,25.48,24.17,22.68,22.86,20.52
5573,25.57,25.48,24.17,22.68,22.86,20.61
5575,25.48,25.48,24.17,22.68,22.86,20.52
5577,25.57,25.48,24.17,22.68,22.86,20.52
5579,25.48,25.48,24.17,22.68,22.86,20.61
5581,25.48,25.48,24.17,22.68,22.86,20.52
5583,25.48,25.48,24.17,22.68,22.86,20.52
5585,25.48,25.40,24.17,22.68,22.86,20.52
5587,25.48,25.40,24.17,22.68,22.86,20.52
5589,25.48,25.40,24.08,22.68,22.86,20.52
5591,25.48,25.40,24.08,22.68,22.86,20.52
5593,25.48,25.40,24.08,22.68,22.86,20.52
5595,25.48,25.40,24.08,22.68,22.86,20.52
5597,25.48,25.40,24.08,22.68,22.86,20.52
5599,25.48,25.40,24.08,22.68,22.86,20.52
5601,25.48,25.40,24.08,22.68,22.86,20.52
5603,25.48,25.40,24.08,22.68,22.86,20.52
5605,25.48,25.40,24.08,22.68,22.86,20.52
5607,25.48,25.40,24.08,22.68,22.86,20.52
5610,25.48,25.40,24.08,22.68,22.77,20.52
5612,25.48,25.40,24.08,22.68,22.86,20.52
5614,25.48,25.40,24.08,22.68,22.86,20.52
5616,25.48,25.40,24.08,22.68,22.86,20.52
5618,25.48,25.40,24.08,22.68,22.86,20.52
5620,25.48,25.40,24.08,22.68,22.86,20.52
5622,25.48,25.40,24.08,22.68,22.77,20.52
5624,25.40,25.40,24.08,22.68,22.86,20.52
5626,25.40,25.31,24.08,22.68,22.86,20.52
5628,25.40,25.31,24.08,22.60,22.77,20.52
5630,25.40,25.31,24.08,22.68,22.77,20.61
5632,25.40,25.31,24.08,22.60,22.86,20.52
5634,25.40,25.31,24.08,22.68,22.86,20.61
5636,25.40,25.31,24.08,22.60,22.77,20.52
5638,25.40,25.31,24.08,22.60,22.77,20.61
5640,25.40,25.31,24.08,22.60,22.77,20.61
5642,25.40,25.31,23.99,22.60,22.77,20.61
5644,25.40,25.31,23.99,22.60,22.77,20.61
5646,25.40,25.31,23.99,22.60,22.77,20.52
5648,25.40,25.31,23.99,22.60,22.77,20.61
5650,25.40,25.31,23.99,22.60,22.77,20.52
5652,25.40,25.31,23.99,22.60,22.77,20.61
5654,25.40,25.31,23.99,22.60,22.77,20.61
5656,25.40,25.31,23.99,22.60,22.77,20.52
5658,25.40,25.31,23.99,22.60,22.77,20.61
5660,25.40,25.31,23.99,22.60,22.77,20.52
5662,25.40,25.31,23.99,22.60,22.77,20.61
5664,25.40,25.31,23.99,22.60,22.77,20.61
5667,25.31,25.31,23.99,22.60,22.77,20.61
5669,25.40,25.31,23.99,22.60,22.77,20.61
5671,25.31,25.22,23.99,22.60,22.77,20.61
5673,25.31,25.22,23.99,22.60,22.77,20.52
5675,25.31,25.22,23.99,22.60,22.77,20.61
5677,25.31,25.22,23.99,22.60,22.77,20.52
5679,25.31,25.22,23.99,22.60,22.77,20.52
5681,25.31,25.22,23.99,22.60,22.77,20.52
5683,25.31,25.22,23.99,22.60,22.77,20.52
5685,25.31,25.22,23.90,22.60,22.77,20.52
5687,25.31,25.22,23.90,22.60,22.77,20.52
5689,25.31,25.22,23.90,22.60,22.77,20.52
5691,25.31,25.22,23.90,22.60,22.77,20.52
5693,25.31,25.22,23.90,22.60,22.77,20.61
5695,25.31,25.22,23.90,22.60,22.77,20.61
5697,25.31,25.22,23.90,22.60,22.77,20.61
5699,25.31,25.22,23.90,22.60,22.77,20.61
5701,25.31,25.22,23.90,22.60,22.77,20.52
5703,25.31,25.22,23.90,22.60,22.77,20.61
5705,25.31,25.22,23.90,22.51,22.77,20.52
5707,25.22,25.13,23.90,22.60,22.77,20.52
5709,25.31,25.22,23.90,22.51,22.77,20.52
5711,25.22,25.13,23.90,22.51,22.77,20.52
5713,25.22,25.13,23.90,22.51,22.77,20.52
5715,25.22,25.13,23.90,22.51,22.68,20.52
5717,25.22,25.13,23.90,22.51,22.68,20.52
5719,25.22,25.13,23.90,22.51,22.68,20.52
5721,25.22,25.13,23.90,22.51,22.68,20.52
5724,25.22,25.13,23.90,22.51,22.68,20.52
5726,25.22,25.13,23.90,22.51,22.68,20.52
5728,25.22,25.13,23.82,22.51,22.68,20.61
5730,25.22,25.13,23.90,22.51,22.68,20.61
5732,25.22,25.13,23.90,22.51,22.68,20.52
5734,25.22,25.13,23.90,22.51,22.68,20.52
5736,25.22,25.13,23.90,22.51,22.68,20.52
5738,25.22,25.13,23.82,22.51,22.68,20.52
5740,25.22,25.13,23.82,22.51,22.68,20.52
5742,25.22,25.13,23.82,22.51,22.68,20.52
5744,25.22,25.13,23.82,22.51,22.68,20.43
5746,25.22,25.13,23.82,22.51,22.68,20.52
5748,25.22,25.13,23.82,22.51,22.68,20.52
5750,25.13,25.13,23.82,22.51,22.68,20.52
5752,25.13,25.13,23.82,22.51,22.68,20.52
5754,25.13,25.04,23.82,22.51,22.68,20.52
5756,25.13,25.04,23.82,22.51,22.68,20.52
5758,25.13,25.04,23.82,22.51,22.68,20.52
5760,25.13,25.04,23.82,22.51,22.68,20.52
5762,25.13,25.04,23.82,22.51,22.68,20.52
5764,25.13,25.04,23.82,22.51,22.68,20.52
5766,25.13,25.04,23.82,22.51,22.68,20.52
5768,25.13,25.04,23.82,22.51,22.68,20.52
5770,25.13,25.04,23.82,22.51,22.68,20.52
5772,25.13,25.04,23.82,22.51,22.68,20.52
5774,25.13,25.04,23.82,22.51,22.68,20.52
5776,25.13,25.04,23.82,22.51,22.68,20.52
5778,25.13,25.04,23.82,22.51,22.68,20.52
5781,25.13,25.04,23.82,22.51,22.68,20.52
5783,25.13,25.04,23.82,22.42,22.68,20.52
5785,25.13,25.04,23.82,22.51,22.68,20.52
5787,25.13,25.04,23.73,22.42,22.68,20.52
5789,25.13,25.04,23.82,22.42,22.68,20.52
5791,25.13,24.96,23.73,22.42,22.68,20.52
5793,25.13,25.04,23.73,22.51,22.68,20.52
5795,25.13,24.96,23.73,22.42,22.68,20.52
5797,25.13,25.04,23.73,22.42,22.68,20.52
5799,25.04,24.96,23.73,22.42,22.68,20.52
5801,25.13,24.96,23.73,22.42,22.68,20.52
5803,25.04,24.96,23.73,22.42,22.68,20.52
5805,25.04,24.96,23.73,22.42,22.68,20.52
5807,25.04,24.96,23.73,22.42,22.68,20.52
5809,25.04,24.96,23.73,22.42,22.68,20.52
5811,25.04,24.96,23.73,22.42,22.68,20.52
5813,25.04,24.96,23.73,22.42,22.68,20.52
5815,25.04,24.96,23.73,22.42,22.68,20.52
5817,25.04,24.96,23.73,22.42,22.68,20.52
5819,25.04,24.96,23.73,22.42,22.68,20.52
5821,25.04,24.96,23.73,22.42,22.68,20.52
5823,25.04,24.96,23.73,22.42,22.68,20.52
5825,25.04,24.96,23.73,22.42,22.68,20.52
5827,25.04,24.96,23.73,22.42,22.68,20.52
5829,25.04,24.96,23.73,22.42,22.68,20.52
5831,25.04,24.96,23.73,22.42,22.60,20.52
5833,25.04,24.96,23.73,22.42,22.60,20.52
5835,25.04,24.96,23.73,22.42,22.60,20.52
5838,25.04,24.96,23.73,22.42,22.60,20.52
5840,25.04,24.96,23.73,22.42,22.60,20.52
5842,25.04,24.96,23.73,22.42,22.60,20.43
5844,25.04,24.87,23.64,22.42,22.60,20.43
5846,25.04,24.96,23.73,22.42,22.60,20.52
5848,25.04,24.87,23.64,22.42,22.60,20.52
5850,24.96,24.87,23.64,22.42,22.60,20.52
5852,24.96,24.87,23.64,22.42,22.60,20.43
5854,24.96,24.87,23.64,22.42,22.60,20.52
5856,24.96,24.87,23.64,22.42,22.60,20.52
5858,24.96,24.87,23.64,22.42,22.60,20.52
5860,24.96,24.87,23.64,22.42,22.60,20.52
5862,24.96,24.87,23.64,22.42,22.60,20.52
5864,24.96,24.87,23.64,22.42,22.60,20.52
5866,24.96,24.87,23.64,22.42,22.60,20.52
5868,24.96,24.87,23.64,22.42,22.60,20.52
5870,24.96,24.87,23.64,22.42,22.60,20.52
5872,24.96,24.87,23.64,22.42,22.60,20.52
5874,24.96,24.87,23.64,22.34,22.60,20.52
5876,24.96,24.87,23.64,22.34,22.60,20.52
5878,24.96,24.87,23.64,22.34,22.60,20.52
5880,24.96,24.87,23.64,22.34,22.60,20.52
5882,24.96,24.87,23.64,22.34,22.60,20.52
5884,24.96,24.78,23.64,22.34,22.60,20.52
5886,24.96,24.87,23.64,22.34,22.60,20.52
5888,24.96,24.78,23.64,22.34,22.51,20.52
5890,24.96,24.78,23.64,22.34,22.60,20.52
5892,24.87,24.78,23.55,22.34,22.60,20.52
5894,24.96,24.78,23.64,22.34,22.60,20.43
5897,24.87,24.78,23.64,22.34,22.60,20.52
5899,24.87,24.78,23.64,22.34,22.60,20.52
5901,24.87,24.78,23.64,22.34,22.60,20.52
5903,24.87,24.78,23.64,22.34,22.60,20.52
5905,24.87,24.78,23.55,22.34,22.60,20.52
5907,24.87,24.78,23.64,22.34,22.60,20.52
5909,24.87,24.78,23.55,22.34,22.60,20.52
5911,24.87,24.78,23.55,22.34,22.60,20.52
5913,24.87,24.78,23.55,22.34,22.60,20.52
5915,24.87,24.78,23.55,22.34,22.60,20.52
5917,24.87,24.78,23.55,22.34,22.60,20.52
5919,24.87,24.78,23.55,22.34,22.60,20.52
5921,24.87,24.78,23.55,22.34,22.60,20.52
5923,24.87,24.78,23.55,22.34,22.60,20.52
5925,24.87,24.78,23.55,22.34,22.60,20.52
5927,24.87,24.69,23.55,22.34,22.60,20.52
5929,24.87,24.78,23.55,22.34,22.60,20.52
5931,24.87,24.78,23.55,22.34,22.60,20.52
5933,24.87,24.69,23.55,22.34,22.51,20.52
5935,24.87,24.69,23.55,22.34,22.51,20.52
5937,24.87,24.69,23.55,22.34,22.60,20.52
5939,24.78,24.69,23.55,22.34,22.60,20.52
5941,24.78,24.69,23.55,22.34,22.51,20.52
5943,24.78,24.69,23.55,22.34,22.51,20.52
5945,24.78,24.69,23.55,22.34,22.51,20.52
5947,24.78,24.69,23.55,22.34,22.51,20.52
5949,24.78,24.69,23.55,22.34,22.51,20.52
5951,24.78,24.69,23.55,22.34,22.51,20.52
5954,24.78,24.69,23.55,22.25,22.51,20.52
5956,24.78,24.69,23.55,22.25,22.51,20.52
5958,24.78,24.69,23.55,22.34,22.51,20.52
5960,24.78,24.69,23.55,22.34,22.51,20.52
5962,24.78,24.69,23.55,22.34,22.51,20.52
5964,24.78,24.69,23.47,22.34,22.51,20.52
5966,24.78,24.69,23.47,22.34,22.51,20.52
5968,24.78,24.69,23.47,22.25,22.51,20.52
5970,24.78,24.69,23.47,22.25,22.51,20.52
5972,24.78,24.69,23.47,22.25,22.51,20.52
5974,24.78,24.69,23.47,22.25,22.51,20.52
5976,24.78,24.69,23.47,22.25,22.51,20.52
5978,24.78,24.69,23.47,22.25,22.51,20.52
5980,24.78,24.69,23.47,22.25,22.51,20.52
5982,24.78,24.69,23.47,22.25,22.51,20.43
5984,24.78,24.60,23.47,22.25,22.51,20.52
5986,24.78,24.60,23.47,22.25,22.51,20.52
5988,24.78,24.60,23.47,22.25,22.51,20.52
5990,24.78,24.60,23.47,22.25,22.51,20.52
5992,24.78,24.60,23.47,22.25,22.51,20.43
5994,24.69,24.60,23.47,22.25,22.51,20.52
5996,24.69,24.60,23.47,22.25,22.51,20.43
5998,24.69,24.60,23.47,22.25,22.51,20.43
6000,24.69,24.60,23.47,22.25,22.51,20.43
6002,24.69,24.60,23.38,22.25,22.51,20.43
6004,24.69,24.60,23.47,22.25,22.51,20.43
6006,24.69,24.60,23.47,22.25,22.51,20.43
6008,24.69,24.60,23.47,22.25,22.51,20.52
6011,24.69,24.60,23.47,22.25,22.51,20.52
6013,24.69,24.60,23.47,22.25,22.51,20.52
6015,24.69,24.60,23.47,22.25,22.51,20.52
6017,24.69,24.60,23.47,22.25,22.51,20.52
6019,24.69,24.60,23.47,22.25,22.51,20.52
6021,24.69,24.60,23.47,22.25,22.51,20.52
6023,24.69,24.60,23.47,22.25,22.51,20.52
6025,24.69,24.52,23.38,22.25,22.51,20.52
6027,24.69,24.60,23.38,22.25,22.51,20.52
6029,24.69,24.60,23.38,22.25,22.51,20.52
6031,24.69,24.60,23.38,22.25,22.51,20.52
6033,24.60,24.52,23.38,22.25,22.51,20.52
6035,24.60,24.52,23.38,22.25,22.51,20.52
6037,24.69,24.52,23.38,22.25,22.51,20.43
6039,24.69,24.52,23.38,22.25,22.51,20.43
6041,24.69,24.60,23.38,22.25,22.51,20.43
6043,24.69,24.52,23.38,22.25,22.51,20.43
6045,24.69,24.52,23.38,22.25,22.51,20.52
6047,24.69,24.52,23.38,22.25,22.51,20.43
6049,24.69,24.52,23.38,22.25,22.42,20.43
6051,24.60,24.52,23.38,22.16,22.42,20.43
6053,24.60,24.52,23.38,22.25,22.42,20.43
6055,24.60,24.52,23.38,22.25,22.51,20.43
6057,24.60,24.52,23.38,22.25,22.51,20.43
6059,24.60,24.52,23.38,22.16,22.51,20.43
6061,24.60,24.52,23.38,22.16,22.42,20.43
6063,24.60,24.52,23.38,22.25,22.42,20.43
6065,24.60,24.52,23.38,22.16,22.42,20.43
6068,24.60,24.52,23.38,22.16,22.42,20.52
6070,24.60,24.52,23.38,22.25,22.42,20.43
6072,24.60,24.52,23.38,22.25,22.42,20.43
6074,24.60,24.52,23.38,22.16,22.42,20.43
6076,24.60,24.52,23.29,22.16,22.42,20.52
6078,24.60,24.52,23.38,22.16,22.42,20.52
6080,24.60,24.43,23.38,22.16,22.42,20.43
6082,24.60,24.52,23.38,22.16,22.42,20.52
6084,24.60,24.43,23.38,22.16,22.42,20.43
6086,24.60,24.52,23.38,22.16,22.42,20.43
6088,24.60,24.52,23.29,22.16,22.42,20.52
6090,24.60,24.43,23.29,22.16,22.42,20.43
6092,24.60,24.43,23.29,22.16,22.42,20.52
6094,24.60,24.43,23.29,22.16,22.42,20.52
6096,24.60,24.43,23.29,22.16,22.42,20.43
6098,24.60,24.43,23.29,22.16,22.42,20.52
6100,24.60,24.43,23.29,22.16,22.42,20.43
6102,24.60,24.43,23.29,22.16,22.42,20.52
6104,24.60,24.43,23.29,22.16,22.42,20.52
6106,24.52,24.43,23.29,22.16,22.42,20.43
6108,24.52,24.43,23.29,22.16,22.42,20.43
6110,24.52,24.43,23.29,22.16,22.42,20.43
6112,24.52,24.43,23.29,22.16,22.42,20.43
6114,24.52,24.43,23.29,22.16,22.42,20.52
6116,24.52,24.34,23.29,22.16,22.42,20.43
6118,24.52,24.43,23.29,22.16,22.42,20.52
6120,24.52,24.43,23.29,22.16,22.42,20.43
6122,24.52,24.43,23.29,22.16,22.42,20.52
6125,24.52,24.43,23.29,22.16,22.42,20.43
6127,24.52,24.43,23.29,22.16,22.42,20.43
6129,24.52,24.43,23.29,22.16,22.42,20.43
6131,24.52,24.43,23.29,22.16,22.42,20.43
6133,24.52,24.43,23.29,22.16,22.42,20.43
6135,24.52,24.43,23.29,22.16,22.42,20.43
6137,24.52,24.43,23.29,22.16,22.42,20.43
6139,24.52,24.43,23.29,22.08,22.42,20.43
6141,24.52,24.34,23.29,22.16,22.42,20.43
6143,24.43,24.34,23.29,22.16,22.42,20.43
6145,24.52,24.34,23.29,22.16,22.42,20.43
6147,24.52,24.34,23.29,22.16,22.34,20.43
6149,24.52,24.34,23.29,22.16,22.42,20.43
6151,24.52,24.34,23.29,22.16,22.42,20.43
6153,24.43,24.34,23.21,22.16,22.42,20.43
6155,24.52,24.34,23.21,22.16,22.42,20.43
6157,24.43,24.34,23.21,22.16,22.42,20.43
6159,24.43,24.34,23.21,22.16,22.42,20.43
6161,24.43,24.34,23.21,22.16,22.42,20.43
6163,24.43,24.34,23.21,22.16,22.42,20.43
6165,24.43,24.34,23.21,22.08,22.34,20.43
6167,24.43,24.34,23.21,22.16,22.42,20.43
6169,24.43,24.34,23.21,22.08,22.42,20.43
6171,24.43,24.34,23.21,22.08,22.42,20.43
6173,24.43,24.34,23.21,22.08,22.34,20.43
6175,24.43,24.34,23.21,22.08,22.34,20.43
6177,24.43,24.34,23.21,22.08,22.34,20.43
6179,24.43,24.34,23.21,22.08,22.34,20.43
6182,24.43,24.34,23.21,22.08,22.34,20.43
6184,24.43,24.34,23.21,22.08,22.34,20.43
6186,24.43,24.34,23.21,22.08,22.34,20.43
6188,24.43,24.34,23.21,22.08,22.34,20.52
6190,24.43,24.34,23.21,22.08,22.34,20.43
6192,24.43,24.34,23.21,22.08,22.34,20.43
6194,24.43,24.34,23.21,22.08,22.34,20.52
6196,24.43,24.25,23.21,22.08,22.34,20.43
6198,24.43,24.25,23.21,22.08,22.34,20.52
6200,24.43,24.25,23.21,22.08,22.34,20.52
6202,24.43,24.25,23.21,22.08,22.34,20.52
6204,24.43,24.25,23.21,22.08,22.34,20.52
6206,24.43,24.25,23.21,22.08,22.34,20.52
6208,24.43,24.25,23.21,22.08,22.34,20.52
6210,24.43,24.25,23.21,22.08,22.34,20.43
6212,24.43,24.25,23.21,22.08,22.34,20.43
6214,24.43,24.25,23.21,22.08,22.34,20.43
6216,24.34,24.25,23.21,22.08,22.34,20.43
6218,24.34,24.25,23.21,22.08,22.34,20.43
6220,24.34,24.25,23.21,22.08,22.34,20.43
6222,24.34,24.25,23.12,22.08,22.34,20.43
6224,24.34,24.25,23.12,22.08,22.34,20.52
6226,24.34,24.25,23.21,22.08,22.34,20.52
6228,24.34,24.25,23.12,22.08,22.34,20.52
6230,24.34,24.25,23.12,22.08,22.34,20.52
6232,24.34,24.25,23.12,22.08,22.34,20.43
6234,24.34,24.25,23.12,22.08,22.34,20.52
6236,24.34,24.25,23.12,22.08,22.34,20.52
6238,24.34,24.25,23.12,22.08,22.34,20.52
6241,24.34,24.17,23.12,22.08,22.34,20.43
6243,24.34,24.25,23.12,22.08,22.34,20.43
6245,24.34,24.25,23.12,22.08,22.34,20.52
6247,24.34,24.17,23.12,22.08,22.34,20.43
6249,24.34,24.25,23.12,22.08,22.34,20.43
6251,24.34,24.17,23.12,22.08,22.34,20.43
6253,24.34,24.17,23.12,22.08,22.34,20.43
6255,24.34,24.17,23.12,22.08,22.34,20.43
6257,24.34,24.17,23.12,22.08,22.34,20.43
6259,24.34,24.17,23.12,22.08,22.34,20.43
6261,24.34,24.17,23.12,22.08,22.34,20.43
6263,24.34,24.17,23.12,22.08,22.34,20.43
6265,24.34,24.17,23.12,21.99,22.34,20.43
6267,24.34,24.17,23.12,21.99,22.34,20.43
6269,24.34,24.17,23.12,21.99,22.34,20.43
6271,24.34,24.17,23.12,21.99,22.25,20.43
6273,24.34,24.17,23.12,21.99,22.34,20.43
6275,24.25,24.17,23.12,21.99,22.34,20.43
6277,24.25,24.17,23.12,21.99,22.34,20.43
6279,24.25,24.17,23.12,21.99,22.25,20.43
6281,24.25,24.17,23.12,21.99,22.34,20.43
6283,24.25,24.17,23.12,21.99,22.25,20.43
6285,24.25,24.17,23.03,21.99,22.34,20.43
6287,24.25,24.17,23.03,21.99,22.25,20.52
6289,24.25,24.17,23.03,21.99,22.34,20.43
6291,24.25,24.17,23.12,21.99,22.25,20.43
6293,24.25,24.17,23.03,21.99,22.25,20.43
6295,24.25,24.17,23.03,21.99,22.25,20.43
6298,24.25,24.17,23.03,21.99,22.25,20.43
6300,24.25,24.17,23.03,21.99,22.25,20.43
6302,24.25,24.08,23.03,21.99,22.25,20.43
6304,24.25,24.08,23.03,21.99,22.25,20.43
6306,24.25,24.17,23.03,21.99,22.25,20.43
6308,24.25,24.08,23.03,21.99,22.25,20.43
6310,24.25,24.08,23.03,21.99,22.25,20.43
6312,24.25,24.08,23.03,21.99,22.25,20.43
6314,24.25,24.08,23.03,21.99,22.25,20.43
6316,24.25,24.08,23.03,21.99,22.25,20.43
6318,24.25,24.08,23.03,21.99,22.25,20.43
6320,24.25,24.08,23.03,21.99,22.25,20.43
6322,24.25,24.08,23.03,21.99,22.25,20.43
6324,24.17,24.08,23.03,21.99,22.25,20.43
6326,24.25,24.08,23.03,21.99,22.25,20.43
6328,24.17,24.08,23.03,21.99,22.25,20.43
6330,24.25,24.08,23.03,21.99,22.25,20.43
6332,24.25,24.08,23.03,21.99,22.25,20.43
6334,24.25,24.08,23.03,21.99,22.25,20.43
6336,24.17,24.08,23.03,21.99,22.25,20.43
6338,24.17,24.08,23.03,21.99,22.25,20.43
6340,24.17,24.08,23.03,21.99,22.25,20.43
6342,24.17,24.08,23.03,21.99,22.25,20.43
6344,24.17,24.08,23.03,21.99,22.25,20.43
6346,24.17,24.08,23.03,21.99,22.25,20.43
6348,24.17,24.08,23.03,21.99,22.25,20.43
6350,24.17,24.08,23.03,21.99,22.25,20.43
6352,24.17,24.08,23.03,21.99,22.25,20.43
6355,24.17,24.08,23.03,21.99,22.25,20.43
6357,24.17,24.08,22.94,21.99,22.25,20.43
6359,24.17,24.08,23.03,21.99,22.25,20.43
6361,24.17,24.08,22.94,21.99,22.25,20.43
6363,24.17,24.08,22.94,21.99,22.25,20.43
6365,24.17,23.99,22.94,21.90,22.25,20.43
6367,24.17,23.99,22.94,21.90,22.25,20.52
6369,24.17,23.99,22.94,21.90,22.25,20.52
6371,24.17,23.99,22.94,21.90,22.25,20.52
6373,24.17,23.99,22.94,21.90,22.25,20.43
6375,24.17,23.99,22.94,21.90,22.25,20.43
6377,24.17,23.99,22.94,21.90,22.25,20.43
6379,24.17,23.99,22.94,21.90,22.25,20.52
6381,24.17,23.99,22.94,21.90,22.25,20.43
6383,24.17,23.99,22.94,21.90,22.25,20.52
6385,24.17,23.99,22.94,21.90,22.25,20.52
6387,24.17,23.99,22.94,21.90,22.16,20.52
6389,24.17,23.99,22.94,21.90,22.25,20.52
6391,24.17,23.99,22.94,21.90,22.25,20.52
6393,24.17,23.99,22.94,21.90,22.25,20.43
6395,24.17,23.99,22.94,21.90,22.25,20.43
6397,24.08,23.99,22.94,21.90,22.25,20.43
6399,24.17,23.99,22.94,21.90,22.25,20.43
6401,24.08,23.99,22.94,21.90,22.25,20.43
6403,24.08,23.99,22.94,21.90,22.25,20.43
6405,24.08,23.99,22.94,21.90,22.25,20.43
6407,24.08,23.99,22.94,21.90,22.25,20.43
6409,24.08,23.99,22.94,21.90,22.16,20.43
6412,24.08,23.99,22.94,21.90,22.25,20.43
6414,24.08,23.99,22.94,21.90,22.25,20.43
6416,24.08,23.99,22.94,21.90,22.25,20.43
6418,24.08,23.90,22.94,21.90,22.25,20.43
6420,24.08,23.99,22.94,21.90,22.25,20.43
6422,24.08,23.90,22.94,21.90,22.25,20.43
6424,24.08,23.99,22.94,21.90,22.16,20.52
6426,24.08,23.90,22.94,21.90,22.25,20.52
6428,24.08,23.90,22.94,21.90,22.16,20.52
6430,24.08,23.90,22.94,21.90,22.16,20.43
6432,24.08,23.90,22.94,21.90,22.16,20.43
6434,24.08,23.90,22.94,21.90,22.16,20.43
6436,24.08,23.90,22.94,21.90,22.16,20.43
6438,24.08,23.90,22.86,21.90,22.25,20.43
6440,24.08,23.90,22.86,21.90,22.25,20.43
6442,24.08,23.90,22.94,21.90,22.25,20.43
6444,24.08,23.90,22.86,21.90,22.16,20.43
6446,24.08,23.90,22.86,21.90,22.16,20.43
6448,24.08,23.90,22.86,21.90,22.16,20.43
6450,24.08,23.90,22.86,21.90,22.16,20.43
6452,24.08,23.90,22.86,21.90,22.16,20.43
6454,24.08,23.90,22.86,21.90,22.16,20.43
6456,24.08,23.90,22.86,21.82,22.16,20.43
6458,24.08,23.90,22.86,21.90,22.16,20.43
6460,24.08,23.90,22.86,21.82,22.16,20.43
6462,23.99,23.90,22.86,21.90,22.16,20.43
6464,24.08,23.90,22.86,21.90,22.16,20.43
6466,23.99,23.90,22.86,21.90,22.16,20.43
6469,23.99,23.90,22.86,21.90,22.16,20.43
6471,23.99,23.90,22.86,21.82,22.16,20.43
6473,23.99,23.90,22.86,21.82,22.16,20.43
6475,23.99,23.90,22.86,21.90,22.16,20.43
6477,23.99,23.90,22.86,21.82,22.16,20.43
6479,23.99,23.90,22.86,21.82,22.16,20.43
6481,23.99,23.90,22.86,21.90,22.16,20.43
6483,23.99,23.90,22.86,21.90,22.16,20.43
6485,23.99,23.90,22.86,21.82,22.16,20.43
6487,23.99,23.90,22.86,21.82,22.16,20.43
6489,23.99,23.90,22.86,21.90,22.16,20.43
6491,23.99,23.90,22.86,21.82,22.16,20.43
6493,23.99,23.82,22.86,21.82,22.16,20.43
6495,23.99,23.90,22.86,21.82,22.16,20.43
6497,23.99,23.82,22.86,21.82,22.16,20.43
6499,23.99,23.82,22.86,21.82,22.16,20.43
6501,23.99,23.82,22.86,21.82,22.16,20.43
6503,23.99,23.82,22.86,21.82,22.16,20.43
6505,23.99,23.82,22.86,21.82,22.16,20.43
6507,23.99,23.82,22.86,21.82,22.16,20.43
6509,23.99,23.82,22.86,21.82,22.16,20.43
6511,23.99,23.82,22.86,21.82,22.16,20.43
6513,23.99,23.82,22.77,21.82,22.16,20.43
6515,23.99,23.82,22.86,21.82,22.16,20.52
6517,23.99,23.82,22.77,21.82,22.16,20.52
6519,23.99,23.82,22.77,21.82,22.16,20.43
6521,23.99,23.82,22.77,21.82,22.16,20.52
6523,23.99,23.82,22.77,21.82,22.16,20.52
6526,23.99,23.82,22.77,21.82,22.16,20.52
6528,23.99,23.82,22.77,21.82,22.16,20.52
6530,23.99,23.82,22.77,21.82,22.16,20.52
6532,23.99,23.82,22.77,21.82,22.16,20.43
6534,23.99,23.82,22.77,21.82,22.16,20.43
6536,23.99,23.82,22.77,21.82,22.16,20.43
6538,23.90,23.82,22.77,21.82,22.16,20.43
6540,23.99,23.82,22.77,21.82,22.16,20.43
6542,23.90,23.82,22.77,21.82,22.16,20.52
6544,23.90,23.82,22.77,21.82,22.16,20.43
6546,23.90,23.82,22.77,21.82,22.16,20.43
6548,23.90,23.82,22.77,21.82,22.16,20.43
6550,23.90,23.82,22.77,21.82,22.16,20.43
6552,23.90,23.82,22.77,21.82,22.16,20.43
6554,23.90,23.82,22.77,21.82,22.16,20.43
6556,23.90,23.82,22.77,21.82,22.16,20.43
6558,23.90,23.82,22.77,21.82,22.16,20.43
6560,23.90,23.82,22.77,21.82,22.16,20.43
6562,23.90,23.73,22.77,21.82,22.16,20.43
6564,23.90,23.73,22.77,21.82,22.16,20.43
6566,23.90,23.73,22.77,21.82,22.16,20.43
6568,23.90,23.73,22.77,21.82,22.16,20.43
6570,23.90,23.73,22.77,21.82,22.16,20.43
6572,23.90,23.73,22.77,21.82,22.16,20.43
6574,23.90,23.73,22.77,21.82,22.16,20.43
6576,23.90,23.73,22.77,21.82,22.16,20.43
6578,23.90,23.73,22.77,21.82,22.16,20.43
6580,23.90,23.73,22.77,21.82,22.08,20.43
6583,23.90,23.73,22.77,21.82,22.08,20.43
6585,23.90,23.73,22.77,21.82,22.08,20.43
6587,23.90,23.73,22.77,21.82,22.16,20.43
6589,23.90,23.73,22.77,21.82,22.16,20.43
6591,23.90,23.73,22.77,21.82,22.16,20.43
6593,23.90,23.73,22.77,21.82,22.16,20.43
6595,23.90,23.73,22.77,21.82,22.16,20.43
6597,23.90,23.73,22.77,21.82,22.08,20.43
6599,23.90,23.73,22.68,21.82,22.08,20.43
6601,23.90,23.73,22.77,21.82,22.08,20.43
6603,23.90,23.73,22.68,21.73,22.08,20.43
6605,23.90,23.73,22.68,21.73,22.08,20.43
6607,23.90,23.73,22.68,21.82,22.08,20.43
6609,23.90,23.73,22.68,21.73,22.16,20.43
6611,23.90,23.73,22.68,21.82,22.08,20.43
6613,23.82,23.73,22.68,21.73,22.08,20.43
6615,23.90,23.73,22.68,21.73,22.08,20.43
6617,23.82,23.73,22.68,21.73,22.08,20.43
6619,23.82,23.73,22.68,21.82,22.08,20.43
6621,23.82,23.73,22.68,21.73,22.08,20.43
6623,23.82,23.73,22.68,21.73,22.08,20.43
6625,23.82,23.73,22.68,21.73,22.08,20.43
6627,23.82,23.64,22.68,21.73,22.08,20.43
6629,23.82,23.64,22.68,21.73,22.08,20.43
6631,23.82,23.64,22.68,21.73,22.08,20.43
6633,23.82,23.64,22.68,21.73,22.08,20.43
6635,23.82,23.73,22.68,21.73,22.08,20.43
6637,23.82,23.64,22.68,21.73,22.08,20.43
6639,23.82,23.64,22.68,21.73,22.08,20.43
6642,23.82,23.64,22.68,21.73,22.08,20.43
6644,23.82,23.64,22.68,21.73,22.08,20.43
6646,23.82,23.64,22.68,21.73,22.08,20.43
6648,23.82,23.64,22.68,21.73,22.08,20.43
6650,23.82,23.64,22.68,21.73,22.08,20.43
6652,23.82,23.64,22.68,21.73,22.08,20.43
6654,23.82,23.64,22.68,21.73,22.08,20.43
6656,23.82,23.64,22.68,21.73,22.08,20.43
6658,23.82,23.64,22.68,21.73,22.08,20.43
6660,23.82,23.64,22.68,21.73,22.08,20.43
6662,23.82,23.64,22.68,21.73,22.08,20.43
6664,23.82,23.64,22.68,21.73,22.08,20.43
6666,23.82,23.64,22.60,21.73,22.08,20.43
6668,23.82,23.64,22.68,21.73,22.08,20.43
6670,23.82,23.64,22.68,21.73,22.08,20.43
6672,23.82,23.64,22.68,21.73,22.08,20.43
6674,23.73,23.64,22.68,21.73,22.08,20.43
6676,23.82,23.64,22.68,21.73,22.08,20.43
6678,23.82,23.64,22.68,21.73,22.08,20.43
6680,23.82,23.64,22.60,21.73,22.08,20.43
6682,23.82,23.64,22.60,21.73,22.08,20.43
6684,23.82,23.64,22.60,21.73,22.08,20.43
6686,23.73,23.64,22.60,21.73,22.08,20.43
6688,23.73,23.64,22.60,21.73,22.08,20.43
6690,23.73,23.64,22.68,21.73,21.99,20.43
6692,23.73,23.64,22.60,21.73,22.08,20.43
6694,23.73,23.64,22.60,21.73,22.08,20.43
6696,23.73,23.64,22.60,21.73,22.08,20.43
6699,23.73,23.64,22.60,21.73,22.08,20.43
6701,23.73,23.55,22.60,21.73,22.08,20.43
6703,23.73,23.64,22.60,21.73,22.08,20.43
6705,23.73,23.55,22.60,21.73,22.08,20.43
6707,23.73,23.55,22.60,21.73,22.08,20.43
6709,23.73,23.55,22.60,21.73,22.08,20.43
6711,23.73,23.55,22.60,21.73,22.08,20.43
6713,23.73,23.55,22.60,21.73,22.08,20.43
6715,23.73,23.55,22.60,21.73,22.08,20.43
6717,23.73,23.55,22.60,21.64,22.08,20.43
6719,23.73,23.55,22.60,21.73,21.99,20.43
6721,23.73,23.55,22.60,21.64,21.99,20.43
6723,23.73,23.55,22.60,21.64,22.08,20.43
6725,23.73,23.55,22.60,21.73,22.08,20.43
6727,23.73,23.55,22.60,21.73,22.08,20.43
6729,23.73,23.55,22.60,21.64,22.08,20.43
6731,23.73,23.55,22.60,21.64,21.99,20.43
6733,23.73,23.55,22.60,21.64,21.99,20.35
6735,23.73,23.55,22.60,21.64,21.99,20.35
6737,23.73,23.55,22.60,21.64,21.99,20.43
6739,23.64,23.55,22.60,21.64,21.99,20.35
6741,23.73,23.55,22.60,21.64,21.99,20.43
6743,23.73,23.55,22.60,21.64,21.99,20.43
6745,23.73,23.55,22.60,21.64,21.99,20.43
6747,23.73,23.55,22.60,21.64,21.99,20.43
6749,23.73,23.55,22.60,21.64,21.99,20.35
6751,23.64,23.55,22.60,21.64,21.99,20.35
6753,23.73,23.55,22.60,21.64,21.99,20.43
6756,23.73,23.55,22.60,21.64,21.99,20.43
6758,23.73,23.55,22.60,21.64,22.08,20.43
6760,23.73,23.55,22.60,21.64,21.99,20.43
6762,23.64,23.55,22.51,21.64,21.99,20.43
6764,23.64,23.55,22.60,21.64,21.99,20.43
6766,23.64,23.55,22.60,21.64,21.99,20.43
6768,23.64,23.55,22.60,21.64,21.99,20.43
6770,23.64,23.55,22.60,21.64,21.99,20.43
6772,23.64,23.55,22.60,21.64,21.99,20.43
6774,23.64,23.55,22.51,21.64,21.99,20.43
6776,23.64,23.47,22.51,21.64,21.99,20.43
6778,23.64,23.47,22.51,21.64,21.99,20.43
6780,23.64,23.47,22.51,21.64,21.99,20.43
6782,23.64,23.47,22.51,21.64,21.99,20.43
6784,23.64,23.47,22.51,21.64,21.99,20.43
6786,23.64,23.47,22.51,21.64,21.99,20.43
6788,23.64,23.47,22.51,21.64,21.99,20.43
6790,23.64,23.47,22.51,21.64,21.99,20.43
6792,23.64,23.47,22.51,21.64,21.99,20.43
6794,23.64,23.47,22.51,21.64,21.99,20.43
6796,23.64,23.47,22.51,21.64,21.99,20.43
6798,23.64,23.47,22.51,21.64,21.99,20.43
6800,23.64,23.47,22.51,21.64,21.99,20.43
6802,23.64,23.47,22.51,21.64,21.99,20.43
6804,23.64,23.47,22.51,21.64,21.99,20.52
6806,23.64,23.47,22.51,21.64,22.08,20.78
