time_s,T1_C,T2_C,T3_C,T4_C,T5_C,T6_C
0,21.82,21.56,21.04,20.78,21.47,20.61
time_s,T1_C,T2_C,T3_C,T4_C,T5_C,T6_C
0,21.82,21.56,21.04,20.78,21.47,20.52
2,21.82,21.64,21.04,20.78,21.47,20.61
4,21.82,21.56,21.04,20.52,21.56,20.61
6,21.82,21.64,21.04,20.87,21.56,20.61
8,21.82,21.64,21.04,20.87,21.56,20.61
10,21.90,21.56,21.04,20.78,21.56,20.61
12,21.99,21.56,21.04,20.78,21.56,20.43
14,22.16,21.56,21.04,20.78,21.56,20.52
16,22.34,21.56,21.04,20.87,21.56,20.61
18,22.51,21.64,21.13,20.87,21.56,20.52
20,22.77,21.64,21.13,20.87,21.56,20.61
22,23.12,21.64,21.13,20.87,21.56,20.52
24,23.38,21.73,21.13,20.87,21.47,20.52
26,23.73,21.73,21.21,20.87,21.56,20.95
28,24.17,21.73,21.30,20.87,21.56,20.87
30,24.52,21.82,21.30,20.87,21.56,20.87
32,24.87,21.82,21.38,20.87,21.47,20.78
34,25.31,21.82,21.38,20.87,21.56,20.69
36,25.66,21.90,21.47,20.87,21.47,20.69
38,26.02,21.99,21.56,20.87,21.47,20.61
40,26.37,21.99,21.64,20.87,21.56,20.78
42,26.82,22.08,21.73,20.87,21.56,20.52
44,27.26,22.08,21.82,20.87,21.47,20.52
46,27.62,22.16,21.90,20.87,21.56,20.52
48,27.98,22.25,21.90,20.87,21.56,20.52
51,28.43,22.25,21.99,20.87,21.47,20.26
53,28.80,22.34,22.08,20.95,21.47,20.52
55,29.16,22.42,22.16,20.95,21.47,20.52
57,29.62,22.51,22.25,20.95,21.56,20.61
59,29.99,22.60,22.34,21.13,21.47,20.61
61,30.35,22.60,22.51,20.95,21.56,20.61
63,30.72,22.68,22.51,20.95,21.47,20.69
65,31.10,22.77,22.68,20.95,21.56,20.52
67,31.47,22.86,22.77,20.95,21.56,20.52
69,31.85,22.68,22.86,20.95,21.56,20.61
71,32.13,23.03,22.94,20.95,21.47,20.52
73,32.51,23.12,23.03,20.95,21.56,20.52
75,32.79,23.21,23.12,21.04,21.56,20.61
77,33.18,23.29,23.29,21.04,21.56,20.52
79,33.56,23.38,23.38,21.04,21.56,21.04
81,33.95,23.47,23.55,21.04,21.56,20.78
83,34.24,23.55,23.64,21.04,21.56,20.61
85,34.53,23.55,23.73,21.04,21.73,20.69
87,34.82,23.73,23.82,21.04,21.56,20.69
89,35.22,23.82,23.99,21.04,21.56,20.78
91,35.51,23.90,24.08,21.04,21.56,20.87
93,35.81,23.99,24.17,21.13,21.56,20.87
95,36.11,24.08,24.34,21.13,21.56,20.87
97,36.41,24.17,24.43,21.13,21.56,20.78
99,36.72,24.25,24.60,21.13,21.56,20.87
101,37.02,24.34,24.69,21.21,21.56,20.78
103,37.33,24.52,24.87,21.21,21.56,20.95
105,37.63,24.60,24.96,21.21,21.56,20.69
108,37.84,24.69,25.13,21.21,21.56,20.69
110,38.15,24.78,25.22,21.21,21.56,20.69
112,38.46,24.87,25.40,21.30,21.47,20.69
114,38.67,24.96,25.48,21.21,21.56,20.69
116,39.09,25.04,25.57,21.21,21.56,20.61
118,39.30,25.13,25.75,21.30,21.56,20.61
120,39.51,25.31,25.84,21.30,21.56,20.69
122,39.83,25.40,25.93,21.30,21.64,20.69
124,40.05,25.48,26.10,21.38,21.56,20.69
126,40.37,25.57,26.19,21.30,21.56,20.69
128,40.59,25.66,26.28,21.38,21.56,20.69
130,40.80,25.75,26.46,21.38,21.56,21.30
132,41.13,25.93,26.55,21.38,21.56,20.61
134,41.35,26.02,26.73,21.47,21.64,20.61
136,41.57,26.10,26.73,21.47,21.56,20.61
138,41.79,26.19,26.91,21.47,21.56,20.61
140,42.01,26.28,26.99,21.47,21.64,20.61
142,42.57,26.37,27.08,21.56,21.64,20.61
144,42.57,26.55,27.26,21.56,21.56,20.52
146,42.80,26.64,27.35,21.56,21.64,20.61
148,43.03,26.73,27.44,21.56,21.64,20.52
150,43.26,26.82,27.53,21.56,21.64,20.43
152,43.48,26.91,27.71,21.64,21.64,20.43
154,43.72,26.99,27.80,21.64,21.64,20.43
156,43.95,27.17,27.89,21.64,21.64,20.78
158,44.18,27.26,27.98,21.64,21.64,20.52
160,44.41,27.35,28.16,21.64,21.64,20.52
162,44.53,27.44,28.25,21.73,21.64,20.52
165,44.77,27.62,28.34,21.73,21.64,20.52
167,45.00,27.71,28.43,21.73,21.64,20.52
169,45.24,27.80,28.61,21.82,21.64,20.43
171,45.36,27.89,28.71,21.82,21.64,20.52
173,45.60,27.98,28.80,21.82,21.64,20.52
175,45.84,28.16,28.89,21.82,21.73,20.69
177,46.08,28.25,28.98,21.90,21.64,20.52
179,46.33,28.34,29.07,21.90,21.73,20.61
181,46.45,28.43,29.25,21.90,21.73,20.61
183,46.69,28.52,29.34,21.99,21.73,20.61
185,46.82,28.71,29.43,21.99,21.73,20.52
187,47.06,28.80,29.53,21.99,21.73,20.52
189,47.19,28.89,29.53,21.99,21.73,20.61
191,47.44,28.98,29.80,22.08,21.73,20.52
193,47.69,29.07,29.89,22.08,21.82,20.52
195,47.82,29.25,29.99,22.08,21.73,20.52
197,47.94,29.34,30.08,22.16,21.82,20.52
199,48.20,29.43,30.17,22.16,21.82,20.52
201,48.32,29.53,30.35,22.16,21.82,20.52
203,48.71,29.62,30.45,22.16,21.82,20.52
205,48.71,29.71,30.54,22.25,21.82,20.52
207,48.97,29.89,30.63,22.25,21.82,20.43
209,49.10,29.99,30.72,22.25,21.82,20.52
211,49.23,30.08,30.82,22.34,21.82,20.52
213,49.36,30.17,30.91,22.34,21.82,20.26
215,49.62,30.26,31.00,22.34,21.82,20.43
217,49.75,30.35,31.19,22.34,21.90,20.52
219,50.02,30.54,31.28,22.42,21.90,20.43
221,50.15,30.63,31.38,22.42,21.99,20.52
224,50.29,30.72,31.47,22.51,21.99,20.43
226,50.55,30.82,31.56,22.51,21.99,20.52
228,50.69,30.91,31.66,22.51,21.82,20.52
230,50.82,31.00,31.75,22.51,21.99,20.52
232,50.96,31.10,31.85,22.60,21.99,20.61
234,51.10,31.19,32.03,22.60,21.99,20.52
236,51.37,31.38,32.13,22.60,21.99,20.52
238,51.51,31.47,32.22,22.68,21.99,20.52
240,51.65,31.56,32.32,22.68,21.99,20.43
242,51.79,31.66,32.41,22.68,21.99,20.43
244,51.92,31.66,32.51,22.77,21.99,20.43
246,52.06,31.85,32.60,22.77,22.08,20.52
248,52.20,31.94,32.70,22.77,22.08,20.43
250,52.49,32.03,32.79,22.86,22.08,20.52
252,52.49,32.22,32.89,22.86,22.08,20.52
254,52.63,32.22,32.98,22.86,22.16,20.61
256,52.91,32.41,33.08,22.86,22.16,20.43
258,53.06,32.51,33.27,22.94,22.16,20.35
260,53.20,32.60,33.27,22.94,22.16,20.61
262,53.34,32.70,33.46,23.03,22.16,20.43
264,53.49,32.79,33.46,23.03,22.16,20.52
266,53.63,32.89,33.66,23.03,22.25,20.52
268,53.78,32.98,33.66,23.12,22.16,20.52
270,53.93,33.08,33.75,23.12,22.25,20.35
272,54.07,33.18,33.95,23.12,22.34,20.43
274,54.22,33.27,34.04,23.21,22.25,20.52
276,54.37,33.37,34.14,23.38,22.25,20.43
278,54.52,33.46,34.14,23.29,22.25,20.43
281,54.67,33.66,34.24,23.29,22.34,20.43
283,54.82,33.75,34.33,23.29,22.34,20.52
285,54.82,33.85,34.43,23.29,22.34,20.52
287,55.12,33.95,34.53,23.38,22.34,20.43
289,55.12,34.04,34.63,23.38,22.34,20.43
291,55.42,34.14,34.73,23.38,22.34,20.43
293,55.42,34.24,34.82,23.38,22.42,20.43
295,55.57,34.33,34.92,23.47,22.42,20.43
297,55.73,34.43,35.02,23.55,22.51,20.52
299,55.88,34.53,35.12,23.55,22.42,20.52
301,56.03,34.53,35.22,23.55,22.42,20.43
303,56.19,34.73,35.32,23.55,22.42,20.43
305,56.19,34.82,35.42,23.64,22.51,20.43
307,56.34,34.92,35.51,23.73,22.51,20.43
309,56.50,35.02,35.61,23.64,22.51,20.52
311,56.82,35.12,35.71,23.73,22.51,20.43
313,56.82,35.22,35.71,23.73,22.51,20.52
315,56.97,35.32,35.81,23.82,22.60,20.52
317,56.97,35.42,35.91,23.82,22.60,20.52
319,57.13,35.51,36.01,23.82,22.60,20.52
321,57.29,35.51,36.11,23.90,22.60,20.43
323,57.45,35.71,36.21,23.90,22.60,20.52
325,57.61,35.71,36.21,23.90,22.51,20.35
327,57.61,35.91,36.41,23.99,22.68,20.43
329,57.78,35.91,36.41,23.99,22.60,20.43
331,57.94,36.01,36.51,23.99,22.68,20.43
333,58.27,36.11,36.62,24.08,22.68,20.43
335,58.27,36.21,36.72,24.08,22.77,20.43
338,58.27,36.31,36.82,24.17,22.77,20.43
340,58.43,36.41,36.92,24.17,22.77,20.52
342,58.60,36.51,36.92,24.17,22.77,20.43
344,58.76,36.62,37.02,24.25,22.86,20.43
346,58.76,36.72,37.12,24.25,22.86,20.43
348,58.93,36.82,37.22,24.25,22.86,20.52
350,59.10,36.92,37.33,24.34,22.86,20.09
352,59.27,37.02,37.33,24.34,22.86,20.43
354,59.27,37.12,37.43,24.34,22.94,20.43
356,59.43,37.12,37.53,24.43,22.94,20.43
358,59.60,37.22,37.63,24.43,22.94,20.43
360,59.60,37.33,37.74,24.43,22.94,20.43
362,59.78,37.43,37.84,24.52,22.94,20.43
364,59.95,37.53,37.84,24.52,23.03,20.52
366,59.95,37.63,37.94,24.60,23.03,20.43
368,60.12,37.74,38.05,24.60,23.03,20.43
370,60.29,37.84,38.15,24.60,23.12,20.43
372,60.29,37.94,38.15,24.60,23.12,20.09
374,60.47,37.94,38.25,24.69,22.94,20.35
376,60.64,38.15,38.36,24.69,23.21,20.43
378,60.82,38.15,38.36,24.78,23.21,20.43
380,60.82,38.25,38.46,24.78,23.21,20.35
382,60.82,38.36,38.57,24.87,23.21,20.43
384,60.99,38.46,38.67,24.87,23.21,20.35
386,61.17,38.57,38.67,24.87,23.21,20.43
388,61.17,38.67,38.77,24.96,23.29,20.43
390,61.35,38.77,38.88,24.96,23.29,20.43
392,61.53,38.88,38.98,24.96,23.21,20.43
395,61.53,38.88,38.98,25.04,23.29,20.43
397,61.71,38.98,39.09,25.04,23.29,20.43
399,61.71,39.09,39.20,25.13,23.38,20.43
401,61.71,39.20,39.20,25.13,23.38,20.43
403,61.89,39.30,39.30,25.13,23.38,20.43
405,62.07,39.30,39.41,25.22,23.47,20.52
407,62.26,39.41,39.41,25.22,23.47,20.18
409,62.26,39.51,39.51,25.31,23.47,20.26
411,62.44,39.62,39.62,25.31,23.47,20.43
413,62.44,39.73,39.73,25.31,23.55,20.43
415,62.62,39.83,39.73,25.40,23.47,20.43
417,62.62,39.83,39.83,25.40,23.55,20.43
419,62.81,39.94,39.83,25.40,23.55,20.43
421,63.00,40.05,39.94,25.48,23.64,20.43
423,63.00,40.15,40.05,25.48,23.55,20.43
425,63.18,40.26,40.15,25.57,23.64,20.43
427,63.18,40.37,40.15,25.57,23.64,20.43
429,63.37,40.37,40.26,25.57,23.73,20.43
431,63.37,40.48,40.37,25.66,23.73,20.43
433,63.56,40.59,40.48,25.66,23.73,20.35
435,63.56,40.69,40.48,25.66,23.73,20.35
437,63.75,40.69,40.59,25.75,23.73,20.35
439,63.94,40.80,40.59,25.75,23.82,20.43
441,63.94,40.91,40.69,25.75,23.82,20.43
443,64.14,41.02,40.80,25.84,23.82,20.43
445,64.14,41.13,40.80,25.84,23.82,20.43
447,64.33,41.24,40.91,25.93,23.82,20.43
449,64.33,41.24,41.02,25.93,23.90,20.43
452,64.33,41.35,41.02,25.93,23.90,20.35
454,64.53,41.46,41.13,26.02,23.90,20.43
456,64.53,41.57,41.13,26.02,23.90,20.43
458,64.72,41.57,41.24,26.10,23.90,20.35
460,64.72,41.68,41.35,26.10,23.99,20.43
462,64.92,41.79,41.46,26.10,23.99,20.35
464,64.92,41.79,41.46,26.19,23.99,20.35
466,65.12,41.90,41.57,26.19,23.99,20.43
468,65.12,42.01,41.57,26.19,24.08,20.35
470,65.32,42.13,41.68,26.28,24.08,20.35
472,65.52,42.13,41.68,26.28,24.08,20.26
474,65.52,42.24,41.79,26.28,24.08,20.43
476,65.52,42.35,41.90,26.37,24.17,20.35
478,65.72,42.46,42.01,26.46,24.17,20.43
480,65.92,42.46,42.01,26.37,24.17,20.35
482,65.92,42.57,42.01,26.37,24.17,20.43
484,65.92,42.69,42.13,26.46,24.25,20.43
486,66.13,42.80,42.24,26.46,24.25,20.35
488,66.13,42.91,42.24,26.55,24.25,20.52
490,66.33,42.91,42.35,26.55,24.25,20.26
492,66.33,43.03,42.35,26.64,24.34,20.43
494,66.54,43.03,42.46,26.64,24.34,20.43
496,66.54,43.14,42.57,26.64,24.34,20.43
498,66.54,43.26,42.57,26.73,24.34,20.52
500,66.75,43.26,42.69,26.73,24.34,20.43
502,66.95,43.37,42.69,26.73,24.43,20.43
504,66.75,43.48,42.80,26.82,24.43,20.43
506,66.95,43.48,42.91,26.82,24.52,20.43
509,66.95,43.60,42.91,26.82,24.52,20.35
511,67.16,43.72,43.03,26.91,24.52,20.43
513,67.38,43.72,43.03,26.91,24.52,20.43
515,67.16,43.83,43.14,26.91,24.52,20.35
517,67.38,43.95,43.26,26.99,24.52,20.35
519,67.38,43.95,43.26,26.99,24.60,20.43
521,67.59,44.06,43.37,27.08,24.60,20.35
523,67.59,44.18,43.37,27.08,24.60,20.35
525,67.80,44.18,43.48,27.17,24.69,20.35
527,67.80,44.30,43.48,27.17,24.69,20.35
529,67.80,44.41,43.60,27.17,24.69,20.35
531,67.80,44.53,43.72,27.17,24.69,20.35
533,68.02,44.53,43.72,27.26,24.69,20.35
535,68.23,44.65,43.72,27.26,24.78,20.43
537,68.23,44.77,43.83,27.26,24.78,20.43
539,68.23,44.77,43.95,27.35,24.78,20.52
541,68.45,44.77,43.95,27.35,24.78,20.35
543,68.45,44.88,44.06,27.35,24.87,20.43
545,68.67,45.00,44.06,27.44,24.87,20.43
547,68.67,45.12,44.18,27.44,24.87,20.35
549,68.67,45.12,44.18,27.53,24.87,20.35
551,68.89,45.24,44.30,27.53,24.87,20.35
553,68.89,45.24,44.41,27.53,24.96,20.35
555,68.89,45.36,44.41,27.62,24.96,20.69
557,69.12,45.48,44.41,27.62,24.96,20.43
559,69.12,45.48,44.53,27.62,24.96,20.43
561,69.12,45.72,44.65,27.71,24.96,20.35
563,69.34,45.72,44.65,27.71,25.04,20.35
565,69.34,45.72,44.77,27.71,25.04,20.35
568,69.57,45.84,44.77,27.80,25.04,20.43
570,69.57,45.84,44.77,27.80,25.04,20.35
572,69.57,45.96,44.88,27.80,25.04,20.35
574,69.79,46.08,45.00,27.89,25.04,20.52
576,69.79,46.08,45.00,27.89,25.13,19.75
578,69.79,46.20,45.12,27.89,25.13,20.00
580,70.02,46.20,45.12,27.98,25.13,20.35
582,70.02,46.33,45.24,27.98,25.13,20.35
584,70.02,46.45,45.24,27.98,25.13,20.35
586,70.02,46.45,45.24,28.07,25.22,20.43
588,70.25,46.57,45.36,28.07,25.22,20.35
590,70.25,46.57,45.48,28.07,25.22,20.35
592,70.48,46.69,45.48,28.16,25.31,20.35
594,70.48,46.69,45.60,28.16,25.31,20.52
596,70.72,46.82,45.60,28.16,25.31,20.35
598,70.72,46.94,45.60,28.25,25.75,20.52
600,70.72,46.94,45.72,28.25,25.40,20.35
602,70.95,46.94,45.84,28.25,25.40,20.35
604,70.95,47.06,45.84,28.34,25.40,20.35
606,70.95,47.06,45.96,28.34,25.40,20.35
608,70.95,47.19,45.96,28.43,25.40,20.26
610,71.19,47.31,46.08,28.34,25.40,20.26
612,71.19,47.44,46.08,28.43,25.48,20.35
614,71.19,47.44,46.20,28.43,25.40,20.43
616,71.19,47.56,46.20,28.52,25.48,20.43
618,71.42,47.56,46.20,28.52,25.57,20.43
620,71.66,47.56,46.33,28.61,25.48,20.35
622,71.66,47.69,46.33,28.61,25.57,20.35
625,71.66,47.82,46.45,28.61,25.57,20.35
627,71.66,47.82,46.45,28.61,25.57,20.35
629,71.90,47.82,46.57,28.71,25.66,20.35
631,71.90,47.94,46.57,28.71,25.66,20.26
633,71.90,48.07,46.69,28.80,25.66,20.35
635,71.90,48.07,46.69,28.80,25.66,20.43
637,72.15,48.20,46.69,28.80,25.75,20.26
639,72.15,48.20,46.82,28.80,25.75,20.35
641,72.15,48.32,46.82,28.89,25.75,20.26
643,72.39,48.45,46.94,28.89,25.75,20.35
645,72.39,48.45,46.94,29.16,25.84,20.35
647,72.39,48.58,47.06,28.98,25.84,20.35
649,72.39,48.58,47.19,28.98,25.84,20.35
651,72.64,48.71,47.19,28.98,25.84,20.35
653,72.64,48.71,47.31,29.07,25.84,20.35
655,72.64,48.71,47.31,29.07,25.93,20.43
657,72.64,48.84,47.31,29.07,25.93,20.35
659,72.89,48.97,47.31,29.16,25.93,20.35
661,72.89,48.97,47.44,29.16,25.93,20.35
663,72.89,49.10,47.56,29.16,25.93,20.26
665,73.14,49.10,47.56,29.16,26.02,20.43
667,73.14,49.23,47.69,29.25,26.02,20.35
669,73.14,49.23,47.69,29.25,26.02,20.35
671,73.14,49.23,47.69,29.25,26.10,20.35
673,73.39,49.36,47.82,29.34,26.10,20.35
675,73.39,49.36,47.82,29.34,26.10,20.35
677,73.39,49.49,47.94,29.34,26.19,20.35
679,73.64,49.62,47.94,29.43,26.19,20.35
682,73.64,49.62,47.94,29.43,26.19,20.35
684,73.64,49.62,48.07,29.53,26.19,20.26
686,73.64,49.75,48.20,29.53,26.19,20.26
688,73.90,49.89,48.20,29.53,26.19,20.26
690,73.90,49.89,48.20,29.53,26.28,20.09
692,73.90,49.89,48.32,29.62,26.19,20.35
694,73.90,50.02,48.32,29.62,26.28,20.35
696,74.16,50.02,48.45,29.62,26.46,20.35
698,74.16,50.15,48.45,29.71,26.28,20.35
700,74.16,50.15,48.45,29.71,26.37,20.26
702,74.42,50.29,48.58,29.71,26.37,20.35
704,74.42,50.29,48.58,29.80,26.37,20.35
706,74.42,50.42,48.58,29.80,26.37,20.35
708,74.68,50.29,48.71,29.80,26.46,20.35
710,74.68,50.42,48.71,29.89,26.46,20.35
712,74.68,50.55,48.84,29.89,26.46,20.35
714,74.68,50.69,48.84,29.89,26.46,20.35
716,74.68,50.69,48.97,29.99,26.46,20.35
718,74.94,50.82,48.97,29.99,26.55,20.26
720,74.94,50.82,49.10,29.99,26.55,20.35
722,75.21,50.82,49.10,29.99,26.55,20.35
724,75.21,50.96,49.23,30.08,26.55,20.43
726,74.94,50.96,49.23,30.08,26.55,20.43
728,75.21,51.10,49.23,30.08,26.64,20.43
730,75.21,51.10,49.36,30.17,26.64,20.26
732,75.48,51.23,49.36,30.17,26.64,20.43
734,75.48,51.23,49.49,30.26,26.64,20.35
736,75.75,51.37,49.49,30.26,26.73,20.43
739,75.48,51.37,49.49,30.26,26.73,20.43
741,75.48,51.37,49.62,30.35,26.73,20.35
743,75.75,51.51,49.62,30.35,26.82,20.35
745,75.75,51.51,49.62,30.35,26.73,20.35
747,75.75,51.65,49.75,30.35,26.64,20.35
749,75.75,51.65,49.75,30.45,26.82,20.35
751,75.75,51.79,49.75,30.45,26.82,20.35
753,75.75,51.79,49.89,30.45,26.82,20.35
755,76.02,51.92,49.89,30.45,26.82,20.35
757,76.02,51.92,50.02,30.54,26.82,20.18
759,76.02,51.92,50.02,30.54,26.91,20.35
761,76.30,51.92,50.02,30.54,26.91,20.43
763,76.02,52.06,50.15,30.63,26.91,20.43
765,76.30,52.20,50.15,30.63,26.91,20.35
767,76.30,52.20,50.29,30.63,26.99,20.43
769,76.30,52.20,50.29,30.63,26.99,20.35
771,76.57,52.34,50.29,30.72,26.99,20.35
773,76.57,52.34,50.42,30.72,26.99,20.35
775,76.57,52.49,50.42,30.72,26.99,20.35
777,76.57,52.49,50.55,30.72,27.08,20.43
779,76.85,52.49,50.55,30.82,27.08,20.35
781,76.85,52.63,50.55,30.82,27.08,20.43
783,76.57,52.63,50.69,30.82,27.17,20.43
785,77.14,52.77,50.69,30.91,27.08,20.35
787,76.85,52.77,50.82,30.91,27.17,20.43
789,77.14,52.77,50.82,30.91,27.17,20.43
791,77.14,52.91,50.82,31.00,27.26,20.35
793,77.14,52.91,50.96,31.00,27.08,20.35
796,77.14,53.06,50.96,31.00,27.26,20.52
798,77.42,53.06,50.96,31.10,27.26,20.35
800,77.42,53.06,50.96,31.10,27.26,20.35
802,77.14,53.20,51.10,31.10,27.26,20.35
804,77.42,53.20,51.10,31.10,27.35,20.35
806,77.42,53.20,51.23,31.19,27.35,20.26
808,77.42,53.34,51.23,31.19,27.35,20.26
810,77.71,53.34,51.23,31.19,27.35,20.26
812,77.71,53.34,51.37,31.28,27.35,20.43
814,77.71,53.49,51.37,31.28,27.44,20.35
816,78.00,53.49,51.37,31.28,27.44,20.35
818,78.00,53.63,51.51,31.28,27.44,20.35
820,78.00,53.63,51.51,31.38,27.44,20.35
822,78.00,53.63,51.65,31.38,27.53,20.35
824,78.00,53.78,51.65,31.38,27.53,20.35
826,78.00,53.78,51.65,31.38,27.44,20.35
828,78.29,53.78,51.79,31.47,27.53,20.35
830,78.29,53.93,51.79,31.47,27.53,20.35
832,78.29,53.93,51.92,31.47,27.53,20.35
834,78.58,54.07,51.92,31.47,27.53,20.35
836,78.29,54.07,51.92,31.47,27.62,20.35
838,78.29,54.22,51.92,31.56,27.62,20.35
840,78.29,54.22,52.06,31.56,27.62,20.35
842,78.58,54.22,52.06,31.66,27.62,20.35
844,78.58,54.22,52.06,31.66,27.62,20.35
846,78.58,54.37,52.20,31.66,27.62,20.18
848,78.88,54.37,52.20,31.66,27.71,19.66
850,78.88,54.37,52.20,31.75,27.71,20.18
852,78.88,54.52,52.34,31.75,27.71,20.35
855,78.88,54.52,52.49,31.75,27.71,20.43
857,78.88,54.67,52.34,31.85,27.71,20.35
859,79.18,54.67,52.49,31.85,27.80,20.35
861,79.18,54.67,52.63,31.94,27.80,20.35
863,79.18,54.82,52.49,31.94,27.80,20.35
865,79.48,54.82,52.63,31.94,27.80,20.35
867,79.18,54.97,52.63,31.94,27.80,20.26
869,79.48,54.97,52.77,32.03,27.89,20.35
871,79.48,54.97,52.77,32.03,27.89,20.26
873,79.18,55.12,52.77,32.03,27.98,20.35
875,79.48,55.12,52.77,32.03,27.89,20.35
877,79.48,55.12,52.91,32.13,27.98,20.26
879,79.48,55.12,52.91,32.13,27.98,20.26
881,79.48,55.12,52.91,32.13,27.98,20.26
883,79.79,55.27,52.91,32.13,27.98,20.26
885,79.79,55.27,53.06,32.22,27.98,20.26
887,79.79,55.42,53.06,32.22,27.98,20.26
889,79.79,55.42,53.20,32.22,27.98,20.52
891,80.09,55.57,53.20,32.32,28.07,20.35
893,80.09,55.57,53.20,32.32,28.07,20.18
895,79.79,55.57,53.34,32.32,28.16,20.35
897,80.09,55.57,53.34,32.32,28.16,20.26
899,80.09,55.73,53.34,32.41,28.07,20.26
901,80.09,55.73,53.34,32.41,28.16,20.26
903,80.41,55.88,53.49,32.41,28.16,20.26
905,80.41,55.88,53.49,32.51,28.16,20.26
907,80.41,55.88,53.49,32.51,28.16,20.26
909,80.09,56.03,53.63,32.51,28.16,20.35
912,80.41,55.88,53.63,32.51,28.25,20.26
914,80.41,56.03,53.63,32.51,28.25,20.26
916,80.72,56.19,53.63,32.51,28.34,20.35
918,80.72,56.03,53.78,32.60,28.34,20.26
920,80.72,56.19,53.78,32.60,28.25,20.26
922,80.72,56.19,53.78,32.60,28.34,20.26
924,80.72,56.34,53.93,32.70,28.34,20.26
926,81.04,56.34,53.93,32.70,28.34,20.26
928,80.72,56.34,53.93,32.70,28.34,20.26
930,81.04,56.34,53.93,32.70,28.34,20.35
932,81.04,56.19,54.07,32.79,28.34,20.26
934,81.04,56.50,54.07,32.79,28.34,20.26
936,81.04,56.50,54.22,32.79,28.43,20.26
938,81.04,56.66,54.22,32.89,28.43,20.26
940,81.04,56.66,54.22,32.79,28.43,20.26
942,81.04,56.66,54.22,32.89,28.43,20.26
944,81.04,56.82,54.37,32.89,28.52,20.26
946,81.36,56.82,54.37,32.98,28.43,20.26
948,81.36,56.82,54.37,32.89,28.52,20.26
950,81.36,56.82,54.37,32.98,28.43,20.35
952,81.36,56.97,54.37,32.98,28.52,20.26
954,81.68,56.97,54.52,32.98,28.52,20.35
956,81.68,56.97,54.52,32.98,28.52,20.26
958,81.68,57.13,54.52,33.08,28.61,20.18
960,81.68,57.13,54.67,33.08,28.61,20.35
962,81.68,57.13,54.67,33.08,28.61,20.35
964,81.68,57.29,54.67,33.08,28.61,20.35
966,82.01,57.29,54.67,33.18,28.61,20.35
969,82.01,57.29,54.67,33.18,28.61,20.26
971,82.01,57.45,54.82,33.18,28.71,20.35
973,82.01,57.45,54.82,33.18,28.71,20.26
975,82.01,57.45,54.82,33.18,28.71,20.35
977,82.01,57.45,54.97,33.27,28.89,20.35
979,81.68,57.45,54.97,33.27,28.80,20.35
981,82.01,57.61,54.97,33.37,28.80,20.35
983,82.34,57.61,54.97,33.37,28.80,20.35
985,82.01,57.61,55.12,33.37,28.80,20.26
987,82.34,57.78,55.12,33.37,28.80,20.35
989,82.34,57.78,55.12,33.37,28.80,20.35
991,82.34,57.78,55.27,33.46,28.89,20.35
993,82.01,57.78,55.27,33.46,28.89,20.26
995,82.34,57.94,55.27,33.46,28.80,20.35
997,82.67,57.94,55.27,33.46,28.89,20.26
999,82.34,57.94,55.42,33.46,28.89,20.26
1001,82.67,58.10,55.42,33.56,28.98,20.35
1003,82.67,58.10,55.42,33.56,28.89,20.35
1005,82.67,58.10,55.57,33.56,28.89,20.35
1007,83.00,58.10,55.57,33.66,28.98,20.18
1009,82.67,58.27,55.57,33.66,28.98,20.35
1011,82.67,58.27,55.57,33.66,29.07,20.35
1013,83.00,58.27,55.57,33.66,28.98,20.35
1015,83.00,58.27,55.73,33.66,29.07,20.35
1017,83.00,58.27,55.73,33.66,29.07,20.18
1019,83.00,58.43,55.88,33.75,29.07,20.35
1021,83.00,58.43,55.88,33.75,29.07,20.26
1023,83.00,58.43,55.88,33.75,29.07,20.43
1026,83.34,58.60,55.88,33.75,29.07,20.26
1028,83.34,58.60,55.88,33.75,29.16,20.18
1030,83.00,58.60,56.03,33.85,28.98,20.35
1032,83.00,58.76,56.03,33.85,29.16,20.43
1034,83.34,58.76,56.03,33.85,29.16,20.43
1036,83.34,58.76,56.03,33.85,29.16,20.26
1038,83.69,58.76,56.03,33.85,29.16,19.92
1040,83.69,58.93,56.19,33.95,29.16,20.26
1042,83.69,58.93,56.34,33.95,29.25,20.35
1044,83.69,58.93,56.19,33.95,29.25,20.35
1046,83.69,58.93,56.19,33.95,29.25,20.35
1048,83.69,58.93,56.34,34.04,29.25,20.35
1050,83.69,59.10,56.34,34.04,29.25,20.35
1052,83.69,59.10,56.34,34.04,29.25,20.35
1054,83.69,59.10,56.50,34.04,29.25,20.26
1056,83.69,59.27,56.50,34.14,29.34,20.35
1058,83.69,59.10,56.50,34.14,29.34,20.35
1060,84.03,59.27,56.50,34.14,29.34,20.35
1062,84.03,59.27,56.50,34.14,29.34,20.35
1064,84.03,59.43,56.50,34.14,29.43,20.35
1066,84.03,59.43,56.66,34.24,29.43,20.35
1068,84.38,59.43,56.66,34.24,29.43,20.35
1070,84.38,59.60,56.82,34.24,29.43,20.26
1072,84.38,59.60,56.66,34.33,29.43,20.18
1074,84.38,59.60,56.82,34.33,29.43,20.43
1076,84.38,59.60,56.82,34.33,29.53,20.26
1078,84.38,59.60,56.82,34.33,29.53,20.35
1080,84.38,59.60,56.97,34.43,29.53,20.35
1083,84.74,59.78,56.97,34.33,29.53,20.00
1085,84.38,59.78,56.97,34.43,29.62,20.26
1087,84.38,59.78,56.97,34.43,29.53,20.26
1089,84.38,59.78,57.13,34.43,29.62,20.26
1091,84.74,59.95,57.13,34.53,29.62,20.26
1093,84.74,59.95,57.13,34.53,29.62,20.26
1095,84.74,59.95,57.13,34.53,29.62,20.18
1097,84.74,59.95,57.29,34.53,29.62,20.26
1099,84.74,60.12,57.29,34.53,29.62,20.26
1101,84.74,59.95,57.29,34.53,29.62,20.26
1103,84.74,60.12,57.29,34.63,29.71,20.26
1105,84.74,60.29,57.29,34.63,29.71,20.26
1107,85.10,60.12,57.29,34.63,29.71,20.35
1109,85.10,60.29,57.45,34.73,29.71,20.26
1111,85.10,60.12,57.45,34.63,29.71,20.35
1113,85.10,60.29,57.45,34.73,29.71,20.26
1115,85.10,60.47,57.45,34.73,29.80,20.26
1117,85.10,60.47,57.61,34.82,29.80,20.43
1119,85.10,60.47,57.61,34.82,29.80,20.26
1121,85.10,60.47,57.61,34.82,29.80,20.26
1123,85.10,60.64,57.61,34.82,29.80,20.26
1125,85.10,60.64,57.61,34.82,29.89,20.35
1127,85.46,60.64,57.61,34.82,29.80,20.26
1129,85.46,60.64,57.78,34.92,29.89,20.26
1131,85.46,60.64,57.78,35.02,29.89,20.35
1133,85.46,60.82,57.78,34.92,29.89,20.26
1135,85.46,60.64,57.94,35.22,29.89,20.26
1137,85.46,60.82,57.94,35.02,29.89,20.26
1140,85.83,60.82,57.94,35.02,29.89,20.09
1142,85.83,60.82,57.94,35.02,29.99,20.35
1144,85.83,60.99,57.94,35.02,29.99,20.00
1146,85.83,60.99,58.10,35.02,29.99,20.00
1148,86.20,60.99,58.10,35.12,29.80,20.35
1150,85.83,60.99,58.10,35.12,29.99,20.09
1152,85.83,61.17,58.10,35.12,29.99,20.35
1154,85.83,61.17,58.10,35.12,29.99,20.35
1156,85.83,61.17,58.10,35.12,30.08,20.35
1158,86.20,61.17,58.27,35.22,30.08,20.35
1160,86.20,61.17,58.27,35.22,30.08,20.35
1162,85.83,61.35,58.27,35.22,30.08,20.18
1164,86.20,61.35,58.43,35.22,30.08,20.26
1166,86.20,61.35,58.43,35.22,30.17,20.26
1168,86.20,61.35,58.43,35.32,29.99,20.35
1170,86.20,61.53,58.43,35.32,30.17,20.26
1172,86.20,61.35,58.43,35.32,30.08,20.35
1174,86.20,61.53,58.43,35.32,30.17,20.35
1176,86.57,61.53,58.60,35.32,30.17,20.35
1178,86.57,61.53,58.60,35.42,30.17,20.35
1180,86.57,61.53,58.60,35.42,30.17,20.35
1182,86.20,61.71,58.60,35.42,30.17,20.35
1184,86.57,61.71,58.60,35.42,30.17,20.26
1186,86.57,61.71,58.60,35.42,30.26,20.09
1188,86.57,61.71,58.76,35.42,30.26,20.35
1190,86.57,61.71,58.76,35.51,30.26,20.26
1192,86.57,61.71,58.76,35.51,30.26,20.26
1194,86.57,61.89,58.76,35.51,30.26,20.35
1196,86.95,61.89,58.76,35.51,30.26,20.18
1199,86.57,61.89,58.93,35.51,30.35,20.35
1201,86.57,61.89,58.93,35.51,30.26,20.26
1203,86.95,62.07,58.93,35.61,30.35,20.26
1205,86.57,62.07,58.93,35.61,30.45,20.26
1207,86.95,62.07,58.93,35.61,30.35,20.18
1209,86.95,62.07,58.93,35.61,30.35,20.26
1211,86.95,62.07,59.10,35.61,30.45,20.18
1213,86.95,62.26,59.10,35.61,30.45,20.26
1215,86.95,62.26,59.10,35.61,30.54,20.26
1217,86.95,62.26,59.10,35.71,30.26,20.26
1219,86.95,62.26,59.10,35.71,30.45,20.26
1221,87.33,62.26,59.27,35.71,30.45,20.26
1223,87.33,62.26,59.27,35.71,30.54,20.26
1225,87.33,62.44,59.27,35.71,30.45,20.26
1227,87.33,62.44,59.27,35.71,30.45,20.26
1229,87.33,62.26,59.27,35.81,30.45,20.26
1231,86.95,62.44,59.43,35.81,30.54,20.26
1233,87.33,62.62,59.43,35.81,30.54,20.26
1235,87.33,62.44,59.43,35.81,30.54,20.26
1237,87.72,62.62,59.43,35.91,30.63,20.35
1239,87.33,62.62,59.43,35.91,30.63,20.35
1241,87.72,62.62,59.60,35.91,30.82,20.26
1243,87.72,62.62,59.60,35.91,30.63,20.26
1245,87.72,62.81,59.60,36.01,30.63,20.26
1247,87.72,62.81,59.60,36.01,30.54,20.26
1249,87.72,62.81,59.60,36.01,30.72,20.43
1251,87.72,62.81,59.60,36.01,30.72,20.35
1253,87.72,63.00,59.78,36.01,30.72,20.26
1256,87.72,62.81,59.78,36.11,30.63,20.26
1258,87.72,63.00,59.78,36.11,30.72,20.35
1260,87.72,63.00,59.78,36.11,30.72,20.35
1262,88.11,63.00,59.78,36.11,30.72,20.35
1264,87.72,63.00,59.95,36.11,30.72,20.35
1266,87.72,63.18,59.95,36.11,30.72,20.35
1268,88.11,63.18,59.95,36.21,30.72,20.35
1270,88.11,63.00,59.95,36.21,30.72,20.52
1272,88.11,63.18,60.12,36.21,30.72,20.43
1274,88.11,63.18,60.12,36.21,30.72,20.69
1276,88.11,63.18,59.95,36.21,30.82,20.35
1278,88.11,63.18,59.95,36.31,30.82,20.26
1280,88.11,63.18,60.12,36.31,30.82,20.35
1282,88.11,63.37,60.12,36.31,30.82,20.26
1284,88.51,63.37,60.12,36.31,30.82,20.26
1286,88.11,63.37,60.12,36.31,30.82,20.26
1288,88.51,63.37,60.29,36.41,30.82,20.18
1290,88.11,63.56,60.12,36.41,30.91,20.35
1292,88.51,63.56,60.29,36.41,30.91,20.35
1294,88.11,63.56,60.47,36.41,30.91,20.78
1296,88.11,63.56,60.29,36.41,30.91,20.35
1298,88.51,63.56,60.29,36.41,30.91,20.26
1300,88.51,63.56,60.29,36.51,31.00,20.18
1302,88.51,63.75,60.47,36.51,31.00,20.35
1304,88.51,63.75,60.47,36.41,31.00,20.61
1306,88.51,63.75,60.47,36.51,31.00,20.18
1308,88.51,63.75,60.47,36.51,31.00,20.09
1310,88.51,63.75,60.47,36.51,31.00,20.35
1313,88.51,63.75,60.47,36.62,31.00,20.35
1315,88.51,63.94,60.64,36.62,31.10,20.26
1317,88.91,63.75,60.64,36.62,31.10,20.09
1319,88.51,63.94,60.64,36.62,31.10,20.35
1321,88.51,63.94,60.64,36.62,31.10,20.35
1323,88.91,63.94,60.64,36.62,31.10,20.26
1325,88.91,63.94,60.82,36.62,31.10,20.26
1327,88.91,64.14,60.82,36.62,31.10,20.26
1329,88.91,63.94,60.82,36.72,31.10,20.26
1331,88.91,64.14,60.82,36.72,31.10,20.26
1333,88.91,64.14,60.82,36.72,31.10,20.26
1335,89.32,64.14,60.82,36.72,31.10,20.26
1337,89.32,64.14,60.82,36.72,31.19,20.18
1339,88.91,64.33,60.82,36.72,31.19,20.26
1341,88.91,64.14,60.82,36.72,31.19,20.18
1343,89.32,64.33,60.99,36.72,31.19,20.18
1345,89.32,64.14,60.99,36.82,31.19,20.26
1347,89.32,64.33,60.99,36.72,31.19,20.26
1349,89.32,64.33,60.99,36.82,31.19,20.26
1351,88.91,64.33,61.17,36.82,31.19,20.18
1353,89.32,64.53,60.99,36.82,31.19,20.26
1355,89.32,64.33,61.17,36.72,31.19,20.26
1357,89.32,64.53,61.17,36.82,31.19,20.26
1359,89.32,64.33,61.17,36.82,31.28,20.26
1361,89.32,64.53,61.17,36.92,31.28,20.18
1363,89.32,64.53,61.17,37.02,31.28,20.26
1365,89.32,64.53,61.17,36.92,31.28,20.26
1367,89.73,64.53,61.17,36.92,31.38,20.26
1370,89.73,64.72,61.35,36.92,31.38,20.26
1372,89.32,64.72,61.35,36.92,31.38,20.26
1374,89.73,64.72,61.35,36.92,31.19,20.26
1376,89.73,64.72,61.35,37.02,31.38,20.26
1378,89.73,64.92,61.35,37.02,31.38,20.35
1380,89.73,64.72,61.35,37.02,31.47,20.26
1382,89.73,64.92,61.35,37.02,31.47,20.26
1384,89.73,64.92,61.35,37.02,31.47,20.18
1386,89.73,64.92,61.35,37.12,31.47,20.26
1388,90.15,64.92,61.53,37.02,31.47,20.35
1390,89.73,64.92,61.53,37.12,31.47,20.09
1392,90.15,64.92,61.53,37.12,31.47,20.18
1394,89.73,64.92,61.53,37.12,31.47,20.26
1396,90.15,65.12,61.71,37.12,31.56,20.26
1398,90.15,65.12,61.71,37.22,31.56,20.26
1400,89.73,65.12,61.71,37.22,31.56,20.26
1402,90.15,65.12,61.71,37.22,31.56,20.26
1404,90.15,65.12,61.71,37.22,31.47,20.26
1406,90.15,65.12,61.71,37.22,31.66,20.26
1408,89.73,65.32,61.71,37.22,31.66,20.18
1410,90.15,65.32,61.89,37.33,31.56,20.18
1412,90.57,65.32,61.89,37.33,31.56,20.18
1414,90.15,65.32,61.89,37.33,31.56,20.26
1416,90.15,65.32,61.89,37.33,31.66,20.26
1418,90.15,65.52,61.89,37.33,31.10,20.26
1420,90.57,65.52,61.89,37.43,31.66,20.26
1422,90.57,65.52,62.07,37.43,31.56,20.35
1424,90.57,65.52,61.89,37.43,31.56,20.26
1427,90.15,65.52,62.07,37.43,31.56,20.26
1429,90.57,65.52,62.07,37.43,31.66,20.26
1431,90.57,65.52,62.07,37.43,31.66,20.35
1433,90.57,65.52,62.07,37.43,31.66,20.26
1435,90.57,65.52,62.07,37.43,31.66,20.18
1437,90.57,65.52,62.07,37.53,31.66,20.35
1439,90.57,65.72,62.07,37.53,31.75,20.43
1441,90.57,65.72,62.26,37.53,31.75,20.26
1443,91.00,65.72,62.26,37.53,31.75,20.26
1445,90.57,65.72,62.26,37.53,31.75,20.26
1447,90.57,65.72,62.26,37.63,31.75,20.26
1449,90.57,65.72,62.26,37.63,31.75,20.26
1451,91.00,65.72,62.26,37.63,31.75,20.26
1453,91.00,65.92,62.26,37.63,31.75,20.26
1455,91.00,65.92,62.26,37.63,31.75,20.26
1457,91.00,65.92,62.44,37.63,31.75,20.26
1459,91.00,65.92,62.44,37.63,31.75,20.26
1461,90.57,65.92,62.44,37.74,31.75,20.26
1463,91.00,65.92,62.44,37.63,31.75,20.26
1465,91.00,66.13,62.44,37.74,31.75,20.26
1467,91.00,66.13,62.44,37.74,31.75,20.26
1469,91.00,66.13,62.62,37.74,31.75,20.35
1471,91.43,66.13,62.62,37.74,31.75,20.26
1473,91.00,66.13,62.62,37.74,31.85,20.26
1475,91.00,66.13,62.62,37.84,31.85,20.35
1477,91.43,66.33,62.62,37.84,31.85,20.18
1479,91.43,66.13,62.81,37.84,31.94,20.26
1481,91.43,66.33,62.81,37.84,31.85,20.26
1484,91.00,66.33,62.81,37.84,31.85,20.26
1486,91.43,66.33,62.81,37.84,31.94,20.26
1488,91.43,66.33,62.81,37.94,31.85,20.35
1490,91.43,66.33,62.81,37.94,31.85,20.26
1492,91.43,66.33,62.81,37.94,31.85,20.26
1494,91.43,66.54,62.81,37.94,31.94,20.26
1496,91.43,66.33,62.81,37.94,31.94,20.26
1498,91.43,66.54,62.81,37.94,32.03,20.26
1500,91.43,66.54,62.81,37.94,32.03,20.26
1502,91.43,66.54,63.00,38.05,31.94,20.52
1504,91.43,66.54,63.00,38.05,32.03,20.26
1506,91.87,66.54,63.00,38.05,32.03,20.26
1508,91.87,66.75,63.00,38.05,32.03,20.26
1510,91.87,66.75,63.00,38.05,32.03,20.26
1512,91.87,66.75,63.00,38.15,32.03,20.26
1514,91.87,66.75,63.00,38.15,32.13,20.26
1516,91.87,66.75,63.00,38.15,32.03,20.35
1518,91.43,66.75,63.00,38.15,32.13,20.35
1520,91.43,66.75,63.18,38.15,32.13,20.26
1522,91.87,66.75,63.18,38.15,32.13,19.23
1524,91.87,66.95,63.18,38.15,32.13,20.35
1526,91.87,66.95,63.18,38.15,32.13,20.18
1528,91.87,66.95,63.18,38.15,32.22,20.35
1530,91.87,66.95,63.18,38.25,32.13,20.35
1532,91.87,66.95,63.37,38.15,32.22,20.09
1534,91.87,66.95,63.18,38.25,32.22,20.26
1536,91.87,66.95,63.18,38.25,32.22,20.26
1538,92.32,66.95,63.37,38.25,32.22,20.26
1541,91.87,66.95,63.37,38.25,32.22,20.26
1543,91.87,66.95,63.37,38.25,32.22,20.26
1545,91.87,67.16,63.37,38.25,32.22,20.26
1547,91.87,67.16,63.37,38.25,32.22,20.26
1549,92.32,67.16,63.56,38.46,32.22,20.26
1551,91.87,67.16,63.37,38.36,32.32,20.26
1553,92.32,67.16,63.37,38.36,32.22,20.35
1555,92.32,67.16,63.56,38.36,32.32,20.26
1557,92.32,67.16,63.56,38.36,32.22,20.26
1559,92.32,67.16,63.56,38.46,32.32,20.26
1561,92.32,67.38,63.56,38.36,32.13,20.18
1563,92.32,67.38,63.56,38.36,32.32,20.26
1565,92.32,67.38,63.56,38.36,32.32,20.26
1567,92.32,67.38,63.56,38.36,32.32,20.26
1569,92.32,67.38,63.56,38.46,32.32,20.26
1571,92.32,67.38,63.75,38.46,32.32,20.26
1573,92.77,67.38,63.75,38.46,32.32,20.26
1575,92.77,67.59,63.75,38.46,32.32,20.26
1577,92.32,67.59,63.75,38.46,32.32,20.18
1579,92.32,67.38,63.75,38.46,32.32,20.26
1581,92.77,67.59,63.94,38.46,32.41,20.35
1583,92.32,67.59,63.75,38.57,32.41,20.52
1585,92.77,67.59,63.94,38.57,32.32,20.26
1587,92.77,67.59,63.94,38.46,32.41,20.26
1589,92.77,67.59,63.94,38.57,32.41,20.26
1591,92.77,67.80,63.94,38.57,32.51,20.26
1593,92.77,67.80,63.94,38.57,32.41,20.26
1595,92.77,67.80,63.94,38.57,32.41,20.26
1597,92.77,67.80,63.94,38.57,32.41,20.26
1600,93.22,67.59,63.94,38.57,32.51,20.26
1602,92.77,67.80,63.94,38.67,32.41,20.26
1604,92.77,67.80,64.14,38.67,32.51,20.18
1606,92.77,67.80,64.14,38.67,32.51,20.00
1608,92.77,67.80,63.94,38.67,32.51,20.35
1610,92.77,67.80,64.14,38.67,32.51,20.26
1612,93.22,67.80,64.14,38.67,32.51,20.18
1614,93.22,68.02,64.14,38.67,32.51,20.26
1616,92.77,68.02,64.14,38.77,32.51,20.43
1618,93.22,67.80,64.14,38.77,32.60,20.26
1620,92.77,68.02,64.14,38.77,32.60,20.26
1622,92.77,68.02,64.33,38.77,32.60,20.35
1624,93.22,68.02,64.14,38.77,32.60,20.26
1626,92.77,68.02,64.33,38.77,32.51,20.35
1628,93.22,68.23,64.33,38.77,32.60,20.26
1630,93.22,68.23,64.33,38.77,32.60,20.35
1632,93.22,68.02,64.33,38.88,32.60,20.26
1634,93.22,68.23,64.33,38.88,32.70,20.26
1636,93.22,68.23,64.33,38.88,32.60,20.26
1638,92.77,68.23,64.33,38.88,32.60,20.26
1640,93.22,68.23,64.53,38.88,32.60,20.26
1642,93.22,68.23,64.33,38.88,32.60,20.18
1644,93.22,68.23,64.53,38.88,32.60,20.18
1646,93.22,68.23,64.53,38.98,32.60,20.26
1648,93.22,68.23,64.53,38.98,32.60,20.26
1650,93.69,68.23,64.53,38.88,32.60,20.26
1652,93.22,68.23,64.72,38.98,32.60,20.26
1654,93.69,68.45,64.53,38.98,32.70,20.26
1657,93.69,68.45,64.53,38.98,32.70,20.26
1659,93.69,68.45,64.53,38.98,32.79,20.26
1661,93.69,68.45,64.53,38.98,32.79,20.26
1663,93.69,68.67,64.53,38.98,32.70,20.26
1665,93.22,68.45,64.72,39.09,32.79,20.26
1667,93.22,68.67,64.53,39.09,32.79,20.26
1669,93.69,68.45,64.72,38.98,32.79,20.26
1671,93.69,68.67,64.72,39.09,32.79,20.26
1673,93.69,68.67,64.72,39.09,32.79,20.26
1675,93.69,68.67,64.92,39.09,32.79,20.26
1677,93.69,68.67,64.72,38.98,32.79,20.35
1679,94.16,68.67,64.72,39.09,32.60,20.26
1681,93.69,68.67,64.72,39.09,32.79,20.26
1683,93.69,68.67,64.72,39.09,32.89,20.26
1685,93.69,68.67,64.72,39.09,32.89,20.18
1687,93.69,68.67,64.92,39.09,32.89,20.18
1689,93.69,68.67,64.92,39.09,32.70,20.35
1691,93.69,68.67,64.92,39.09,32.89,20.26
1693,93.69,68.67,64.92,39.09,32.89,20.26
1695,93.69,68.89,64.92,39.20,32.89,20.26
1697,94.16,68.67,64.92,39.20,32.79,20.26
1699,93.69,68.67,64.92,39.20,32.89,20.26
1701,94.16,68.89,65.12,39.20,32.89,20.26
1703,94.16,68.89,65.12,39.20,32.89,20.26
1705,94.16,68.89,65.12,39.20,32.89,20.26
1707,94.16,68.89,65.12,39.09,32.89,20.26
1709,94.16,68.89,65.12,39.20,32.89,20.26
1711,93.69,68.89,65.12,39.20,32.89,20.26
1714,94.16,69.12,65.12,39.20,32.89,20.26
1716,94.16,69.12,65.12,39.30,32.98,20.26
1718,94.16,68.89,65.12,39.20,32.98,20.26
1720,94.16,68.89,65.12,39.30,32.98,20.26
1722,94.16,69.12,65.12,39.20,32.98,20.26
1724,94.16,69.12,65.32,39.30,32.98,20.35
1726,94.16,69.12,65.12,39.30,32.98,20.26
1728,94.16,69.12,65.12,39.30,33.08,20.26
1730,94.16,69.12,65.32,39.41,33.08,20.26
1732,94.16,69.34,65.32,39.30,32.98,20.18
1734,94.16,69.12,65.32,39.41,33.08,20.26
1736,94.16,69.12,65.32,39.41,33.08,20.26
1738,94.64,69.34,65.32,39.41,33.08,20.26
1740,94.16,69.34,65.32,39.41,33.08,20.26
1742,94.64,69.34,65.52,39.41,32.98,20.35
1744,94.16,69.34,65.32,39.41,33.08,20.35
1746,94.64,69.34,65.52,39.51,33.08,20.26
1748,94.16,69.34,65.52,39.41,33.08,20.26
1750,94.64,69.34,65.52,39.41,33.08,20.26
1752,94.64,69.34,65.52,39.51,33.18,20.26
1754,94.64,69.34,65.52,39.51,33.18,20.18
1756,94.64,69.57,65.52,39.51,33.18,20.26
1758,94.64,69.34,65.52,39.51,33.18,20.35
1760,95.12,69.57,65.52,39.62,33.18,20.26
1762,94.64,69.57,65.52,39.51,33.18,20.61
1764,94.64,69.34,65.52,39.51,33.18,20.43
1766,94.64,69.57,65.52,39.51,33.18,20.26
1768,94.64,69.57,65.52,39.51,33.18,20.26
1771,94.64,69.57,65.52,39.62,33.18,20.35
1773,94.64,69.57,65.52,39.62,33.18,20.18
1775,94.64,69.79,65.52,39.62,33.18,20.26
1777,94.64,69.57,65.52,39.62,33.27,20.18
1779,94.64,69.79,65.52,39.62,33.27,20.26
1781,94.64,69.79,65.72,39.62,33.27,20.26
1783,94.64,69.57,65.72,39.51,33.27,20.26
1785,94.64,69.79,65.72,39.73,33.27,20.26
1787,95.12,69.79,65.72,39.62,33.27,20.26
1789,95.12,69.79,65.72,39.62,33.27,20.18
1791,95.12,69.79,65.72,39.73,33.27,20.26
1793,95.12,69.79,65.72,39.73,33.27,20.26
1795,95.12,69.79,65.72,39.73,33.27,20.26
1797,95.12,70.02,65.72,39.73,33.27,20.26
1799,95.12,69.79,65.92,39.73,33.27,20.26
1801,94.64,69.79,65.72,39.73,33.37,20.35
1803,95.12,69.79,65.92,39.73,33.27,20.35
1805,95.12,70.02,65.92,39.73,33.27,20.26
1807,95.12,70.02,65.92,39.73,33.27,20.26
1809,95.12,70.02,65.92,39.73,33.37,20.26
1811,95.12,70.02,65.92,39.73,33.37,20.18
1813,95.12,70.02,65.92,39.73,33.37,20.26
1815,95.12,70.02,65.92,39.73,33.37,20.26
1817,95.12,70.02,66.13,39.94,33.37,20.26
1819,95.12,70.02,65.92,39.83,33.37,20.35
1821,95.12,70.02,65.92,39.83,33.37,20.26
1823,95.61,70.25,65.92,39.83,33.37,20.26
1825,95.12,70.02,65.92,39.83,33.46,20.18
1828,95.12,70.02,65.92,39.83,33.37,20.26
1830,95.61,70.25,65.92,39.83,33.37,20.09
1832,95.61,70.02,65.92,39.83,33.37,20.26
1834,95.12,70.25,65.92,39.83,33.37,20.26
1836,95.12,70.25,66.13,39.83,33.37,20.26
1838,95.12,70.25,66.13,39.94,33.37,20.26
1840,95.61,70.25,65.92,39.94,33.37,20.26
1842,95.12,70.25,66.13,39.94,33.37,20.26
1844,95.61,70.25,66.13,39.83,33.46,20.26
1846,95.12,70.25,66.13,39.94,33.46,20.26
1848,95.61,70.48,66.13,39.94,33.46,20.26
1850,95.61,70.25,66.33,39.94,33.46,20.18
1852,95.12,70.25,66.13,39.94,33.46,20.26
1854,95.61,70.25,66.13,39.94,33.46,20.26
1856,95.61,70.25,66.33,39.94,33.46,20.26
1858,96.11,70.48,66.33,39.83,33.46,20.26
1860,95.61,70.48,66.33,40.05,33.56,20.26
1862,95.61,70.48,66.33,40.05,33.56,20.26
1864,95.61,70.48,66.33,40.05,33.56,20.26
1866,95.61,70.48,66.33,40.05,33.56,20.26
1868,95.61,70.48,66.33,40.05,33.56,20.26
1870,95.61,70.72,66.33,40.05,33.56,20.26
1872,95.61,70.72,66.33,40.05,33.56,20.26
1874,95.61,70.72,66.33,40.05,33.56,20.26
1876,95.61,70.72,66.33,40.05,33.66,20.26
1878,95.61,70.48,66.54,40.15,33.66,20.26
1880,96.11,70.72,66.54,40.05,33.66,20.26
1882,95.61,70.72,66.33,40.05,33.66,20.26
1885,95.61,70.72,66.54,40.15,33.66,20.26
1887,96.11,70.72,66.54,40.05,33.66,20.18
1889,95.61,70.72,66.54,40.05,33.66,20.18
1891,95.61,70.72,66.54,40.15,33.66,20.26
1893,95.61,70.72,66.54,40.15,33.66,20.26
1895,95.61,70.72,66.54,40.15,33.75,20.26
1897,95.61,70.72,66.54,40.15,33.66,20.18
1899,96.11,70.95,66.54,39.83,33.66,20.26
1901,96.11,70.72,66.54,40.15,33.66,20.18
1903,96.11,70.72,66.75,40.15,33.66,20.18
1905,95.61,70.95,66.75,40.15,33.75,20.18
1907,96.11,70.95,66.54,40.15,33.75,20.18
1909,96.11,70.95,66.54,40.15,33.75,20.26
1911,96.11,70.72,66.75,40.26,33.75,20.18
1913,96.11,70.95,66.75,40.26,33.75,20.18
1915,96.11,70.95,66.75,40.26,33.75,20.26
1917,96.11,70.95,66.75,40.26,33.66,20.18
1919,96.62,70.95,66.75,40.26,33.95,20.26
1921,96.11,70.95,66.75,40.26,33.75,20.26
1923,96.11,71.19,66.75,40.26,33.75,20.26
1925,96.11,70.95,66.75,40.37,33.75,20.35
1927,96.11,70.95,66.95,40.37,33.75,20.69
1929,96.11,70.95,66.75,40.37,33.75,20.26
1931,96.11,71.19,66.95,40.37,33.75,20.35
1933,96.11,71.19,66.95,40.37,33.75,20.26
1935,96.11,70.95,66.95,40.37,33.75,20.18
1937,96.11,71.19,66.75,40.48,33.75,20.26
1939,96.11,71.19,66.75,40.37,33.75,20.26
1941,96.11,70.95,66.95,40.48,33.75,20.26
1944,96.62,71.19,66.75,40.48,33.85,20.26
1946,96.11,71.19,66.95,40.37,33.75,20.26
1948,96.11,71.19,66.95,40.48,33.75,20.26
1950,96.62,71.19,66.95,40.48,33.75,20.26
1952,96.11,71.42,66.95,40.59,33.85,20.18
1954,96.11,71.19,67.16,40.48,33.85,20.26
1956,96.62,71.42,66.95,40.48,33.85,20.26
1958,96.62,71.42,66.95,40.48,33.85,20.26
1960,96.62,71.42,67.16,40.59,33.85,20.26
1962,96.62,71.42,67.16,40.48,33.85,20.26
1964,96.62,71.42,66.95,40.59,33.85,20.26
1966,96.62,71.42,67.16,40.59,33.95,20.18
1968,96.11,71.42,66.95,40.59,33.85,20.26
1970,96.62,71.19,67.16,40.59,33.85,20.18
1972,96.62,71.66,67.16,40.59,33.95,20.26
1974,96.62,71.42,67.16,40.59,33.85,20.26
1976,96.62,71.66,67.16,40.59,33.95,20.18
1978,96.62,71.66,67.16,40.59,33.95,20.35
1980,96.62,71.66,67.38,40.59,33.95,20.26
1982,96.62,71.42,67.16,40.69,34.04,20.26
1984,97.13,71.66,67.16,40.59,34.04,20.26
1986,96.62,71.66,67.16,40.59,34.04,20.26
1988,96.62,71.66,67.38,40.48,34.04,20.18
1990,96.62,71.66,67.16,40.69,34.04,20.26
1992,96.62,71.66,67.38,40.59,34.04,20.18
1994,97.13,71.66,67.38,40.59,34.04,20.18
1996,96.62,71.66,67.38,40.59,34.04,20.26
1998,96.62,71.66,67.38,40.69,34.04,20.26
2001,97.13,71.66,67.38,40.69,34.04,20.18
2003,96.62,71.66,67.38,40.69,33.95,20.26
2005,96.62,71.66,67.38,40.69,33.95,19.75
2007,96.62,71.66,67.38,40.69,33.95,20.26
2009,97.13,71.66,67.38,40.69,33.95,20.26
2011,96.62,71.90,67.38,40.69,33.95,20.26
2013,96.62,71.90,67.38,40.69,34.04,20.26
2015,97.13,71.90,67.38,40.69,33.95,20.18
2017,97.13,71.66,67.38,40.69,34.04,20.18
2019,97.13,71.90,67.59,40.69,33.95,20.26
2021,97.13,71.66,67.59,40.80,34.04,20.18
2023,97.13,71.90,67.59,40.80,34.04,20.26
2025,97.13,71.90,67.59,40.80,34.04,20.18
2027,97.13,71.90,67.59,40.80,34.04,20.26
2029,97.13,71.90,67.59,40.80,34.04,20.26
2031,97.13,71.90,67.59,40.80,34.04,20.18
2033,97.13,72.15,67.38,40.80,34.14,20.26
2035,97.13,72.15,67.59,40.91,34.14,20.26
2037,97.13,72.15,67.59,40.91,34.14,20.26
2039,97.13,71.90,67.59,40.91,34.14,20.26
2041,97.13,72.15,67.59,40.91,34.14,20.35
2043,97.13,71.90,67.59,40.91,34.14,20.18
2045,97.13,72.15,67.80,40.91,34.14,20.43
2047,97.13,72.15,67.80,40.91,34.14,20.18
2049,97.13,72.15,67.59,40.91,34.14,20.26
2051,97.13,72.15,67.80,41.02,34.14,20.26
2053,97.13,72.15,67.80,40.91,34.14,20.35
2055,97.13,72.15,67.80,41.02,34.14,20.26
2058,97.13,72.15,67.80,41.02,34.14,20.18
2060,97.66,72.15,67.80,41.02,34.24,20.35
2062,97.13,72.15,67.80,41.02,34.14,20.18
2064,97.13,72.15,67.80,41.02,34.14,20.26
2066,97.66,72.15,67.80,41.02,34.24,20.18
2068,97.13,72.15,67.80,41.02,34.24,20.00
2070,97.13,72.39,67.80,41.02,34.14,20.35
2072,97.13,72.39,67.80,41.02,34.24,20.18
2074,97.66,72.15,67.80,41.02,34.24,20.18
2076,97.66,72.39,68.02,41.02,34.24,20.18
2078,97.66,72.39,67.80,41.02,34.24,20.18
2080,97.66,72.39,67.80,41.02,34.24,20.18
2082,97.66,72.39,67.80,41.13,34.24,20.18
2084,97.13,72.39,67.80,41.02,34.24,20.18
2086,97.13,72.39,68.02,41.13,34.24,20.18
2088,97.66,72.39,67.80,41.13,34.24,20.09
2090,97.66,72.39,68.02,41.13,34.24,20.18
2092,97.66,72.39,68.02,41.13,34.33,20.18
2094,97.66,72.39,68.02,41.13,34.24,20.18
2096,97.66,72.39,68.02,41.02,34.24,20.09
2098,97.66,72.39,68.02,41.13,34.24,20.00
2100,98.19,72.39,68.02,41.13,34.24,20.26
2102,97.66,72.64,68.02,41.13,34.24,20.26
2104,97.66,72.64,68.02,41.13,34.24,20.18
2106,97.66,72.64,68.02,41.13,34.33,20.18
2108,98.19,72.64,68.02,41.13,34.33,20.18
2110,97.66,72.64,68.23,41.24,34.33,20.18
2112,97.66,72.64,68.02,41.13,34.33,20.26
2115,97.66,72.64,68.02,41.24,34.33,20.26
2117,97.66,72.64,68.23,41.13,34.43,20.18
2119,97.66,72.64,68.23,41.13,34.33,20.18
2121,98.19,72.64,68.02,41.24,34.33,20.18
2123,97.66,72.64,68.23,41.24,34.33,20.18
2125,98.19,72.64,68.02,41.24,34.43,20.18
2127,97.66,72.64,68.23,41.24,34.43,20.18
2129,98.19,72.64,68.23,41.24,34.33,20.18
2131,98.19,72.64,68.23,41.24,34.43,20.18
2133,98.19,72.89,68.23,41.24,34.53,20.18
2135,98.19,72.64,68.23,41.24,34.63,20.18
2137,97.66,72.89,68.23,41.24,34.43,20.26
2139,98.19,72.89,68.45,41.24,34.53,20.18
2141,98.19,72.89,68.23,41.24,34.43,20.26
2143,98.19,72.64,68.23,41.24,34.53,20.26
2145,98.19,72.89,68.23,41.24,34.43,20.26
2147,98.19,72.89,68.45,41.24,34.43,20.35
2149,98.19,72.89,68.45,41.24,34.43,20.09
2151,98.19,72.89,68.45,41.24,34.43,20.26
2153,98.19,72.89,68.45,41.24,34.53,20.26
2155,97.66,72.89,68.45,41.35,34.53,20.18
2157,98.19,72.89,68.45,41.24,34.53,20.18
2159,97.66,72.89,68.45,41.35,34.43,20.18
2161,98.19,72.89,68.45,41.35,34.43,20.18
2163,98.19,72.89,68.45,41.35,34.43,20.18
2165,98.19,72.89,68.45,41.35,34.53,20.26
2167,98.19,72.89,68.45,41.35,34.53,20.26
2169,98.19,72.89,68.45,41.35,34.53,20.26
2172,98.73,72.89,68.45,41.35,34.53,20.18
2174,98.19,72.89,68.45,41.35,34.53,20.26
2176,98.19,73.14,68.45,41.35,34.53,20.26
2178,98.73,73.14,68.67,41.35,34.53,20.18
2180,98.19,73.14,68.45,41.46,34.53,20.18
2182,98.19,72.89,68.45,41.35,34.53,20.18
2184,98.19,73.14,68.45,41.46,34.53,20.18
2186,98.19,73.14,68.45,41.35,34.53,20.26
2188,98.19,73.14,68.67,41.46,34.53,20.18
2190,98.19,73.14,68.45,41.35,34.53,20.18
2192,98.19,73.14,68.67,41.46,34.53,20.18
2194,98.73,73.14,68.67,41.46,34.53,20.18
2196,98.19,73.14,68.67,41.46,34.53,20.18
2198,98.19,73.14,68.67,41.46,34.53,20.18
2200,98.19,73.14,68.67,41.46,34.53,20.26
2202,98.73,73.14,68.67,41.46,34.53,20.18
2204,98.73,73.14,68.67,41.46,34.53,20.18
2206,98.73,73.39,68.89,41.46,34.53,20.26
2208,98.73,73.14,68.67,41.57,34.53,20.18
2210,98.73,73.39,68.89,41.57,34.63,20.26
2212,98.73,73.39,68.67,41.57,34.63,20.26
2214,98.73,73.39,68.67,41.57,34.63,20.18
2216,98.73,73.39,68.89,41.57,34.63,20.26
2218,98.73,73.39,68.67,41.57,34.63,20.18
2220,98.73,73.39,68.89,41.57,34.63,20.26
2222,98.73,73.39,68.89,41.57,34.63,20.35
2224,98.19,73.39,68.67,41.57,34.63,20.43
2226,98.73,73.39,68.67,41.57,34.73,20.18
2229,98.73,73.39,68.89,41.57,34.73,20.18
2231,98.73,73.39,68.67,41.57,34.73,20.18
2233,98.73,73.39,68.67,41.57,34.92,20.18
2235,98.73,73.39,68.67,41.57,35.02,20.18
2237,98.73,73.39,68.89,41.57,34.73,20.18
2239,98.73,73.39,68.67,41.46,34.73,20.18
2241,98.73,73.39,68.89,41.57,34.63,20.18
2243,98.73,73.39,68.89,41.57,34.73,20.26
2245,98.73,73.64,68.89,41.57,34.73,20.18
2247,98.73,73.64,68.89,41.68,34.73,20.18
2249,98.73,73.39,68.89,41.57,34.73,20.26
2251,98.73,73.64,68.89,41.68,34.73,20.35
2253,98.73,73.39,68.89,41.68,34.82,20.26
2255,98.73,73.64,68.89,41.68,34.73,20.26
2257,98.73,73.64,68.89,41.68,34.82,20.09
2259,98.73,73.64,68.89,41.68,34.73,20.18
2261,98.73,73.64,69.12,41.68,34.73,20.35
2263,98.73,73.64,68.89,41.79,34.82,20.18
2265,98.73,73.64,69.12,41.68,34.73,20.18
2267,98.73,73.64,68.89,41.79,34.73,20.26
2269,98.73,73.64,68.89,41.79,34.73,20.26
2271,99.28,73.64,69.12,41.57,34.73,20.26
2273,99.28,73.64,68.89,41.79,34.73,20.26
2275,98.73,73.64,69.12,41.79,34.73,20.18
2277,98.73,73.64,69.12,41.79,34.82,20.18
2279,98.73,73.64,69.12,41.79,34.82,20.18
2281,98.73,73.39,69.12,41.68,34.82,20.18
2283,99.28,73.90,69.12,41.79,34.82,20.18
2286,99.28,73.90,69.12,41.79,34.82,20.18
2288,98.73,73.64,69.12,41.90,34.82,20.18
2290,98.73,73.64,69.12,41.79,34.82,20.18
2292,99.83,73.90,69.12,41.90,34.82,20.18
2294,98.73,73.90,69.12,41.79,34.82,20.18
2296,98.73,73.90,69.34,41.90,34.82,20.18
2298,98.73,73.90,69.34,41.79,34.82,20.26
2300,99.28,73.90,69.34,41.90,34.82,20.35
2302,99.28,73.90,69.12,41.90,34.82,20.18
2304,98.73,73.90,69.34,41.90,34.82,20.18
2306,99.28,73.90,69.34,41.90,34.92,20.18
2308,99.28,73.90,69.12,41.90,34.92,20.18
2310,98.73,73.90,69.12,41.90,34.92,20.26
2312,98.73,73.90,69.12,41.90,34.92,20.18
2314,99.28,73.90,69.34,41.90,35.02,20.18
2316,99.28,73.90,69.12,41.90,34.92,20.18
2318,99.28,73.90,69.34,42.01,35.02,20.18
2320,99.28,73.90,69.34,41.90,34.92,20.18
2322,99.28,73.90,69.34,41.90,34.92,20.26
2324,99.28,74.16,69.34,41.90,34.92,20.18
2326,99.28,73.90,69.34,41.90,34.92,20.18
2328,99.28,74.16,69.34,41.90,34.92,20.26
2330,99.28,74.16,69.34,41.90,34.92,20.26
2332,99.83,74.16,69.34,41.90,34.92,20.18
2334,99.28,74.16,69.34,41.90,34.92,20.26
2336,99.28,74.16,69.57,42.01,34.92,20.26
2338,99.28,74.16,69.34,42.01,34.92,20.18
2340,99.28,74.16,69.34,42.01,34.92,20.18
2342,99.28,74.16,69.34,42.01,34.92,20.18
2345,99.83,74.16,69.57,42.01,34.92,20.18
2347,99.28,74.16,69.34,42.01,35.02,20.26
2349,99.83,74.16,69.34,42.01,35.02,20.18
2351,99.83,74.16,69.57,42.01,35.02,20.43
2353,99.83,74.16,69.57,42.01,35.02,20.26
2355,99.83,74.16,69.34,42.01,35.02,20.35
2357,99.83,74.16,69.57,42.01,35.02,20.26
2359,99.28,74.16,69.57,42.01,35.02,20.18
2361,99.83,74.16,69.57,42.13,35.02,20.18
2363,99.83,74.42,69.34,42.13,35.02,20.18
2365,99.28,74.16,69.57,42.13,35.02,20.18
2367,99.28,74.16,69.57,42.13,35.02,20.26
2369,99.83,74.42,69.57,42.13,35.02,19.32
2371,99.83,74.42,69.79,42.13,35.02,20.18
2373,99.83,74.42,69.57,42.13,35.02,20.18
2375,99.83,74.42,69.79,42.13,35.02,20.26
2377,99.83,74.42,69.79,42.24,35.02,20.26
2379,99.83,74.42,69.57,42.13,34.92,20.18
2381,99.83,74.42,69.79,42.24,35.02,20.18
2383,99.83,74.42,69.57,42.24,35.02,20.09
2385,99.28,74.42,69.79,42.24,35.02,19.83
2387,99.83,74.42,69.79,42.24,35.02,20.18
2389,99.28,74.42,69.79,42.24,35.02,20.18
2391,99.28,74.42,69.79,42.24,35.02,20.18
2393,99.83,74.42,69.79,42.35,35.12,20.09
2395,99.28,74.42,69.79,42.24,35.02,20.18
2397,99.83,74.42,69.79,42.24,35.12,20.18
2399,99.28,74.42,69.79,42.35,35.02,20.26
2402,99.83,74.42,69.79,42.24,35.12,20.18
2404,99.83,74.42,69.79,42.24,35.02,20.09
2406,99.83,74.42,69.79,42.24,35.12,20.18
2408,99.28,74.68,69.79,42.24,35.32,20.26
2410,99.83,74.68,69.57,42.35,35.02,20.09
2412,99.83,74.42,69.79,42.35,35.12,20.09
2414,99.83,74.42,69.79,42.24,35.12,20.18
2416,99.28,74.68,69.79,42.35,35.12,20.18
2418,99.83,74.68,69.79,42.24,35.12,20.18
2420,99.83,74.68,69.79,42.35,35.12,20.18
2422,99.83,74.68,69.79,42.35,35.12,20.18
2424,99.83,74.68,69.79,42.35,35.12,20.18
2426,99.83,74.68,69.79,42.35,35.12,20.26
2428,99.83,74.68,70.02,42.35,35.12,20.18
2430,99.83,74.68,70.02,42.35,35.12,20.18
2432,100.40,74.68,70.02,42.35,35.12,20.18
2434,99.83,74.94,70.02,42.35,35.12,20.18
2436,100.40,74.68,69.79,42.35,35.12,20.35
2438,99.83,74.68,70.02,42.35,35.22,20.26
2440,99.83,74.68,69.79,42.35,35.22,20.18
2442,99.83,74.68,70.02,42.35,35.22,20.18
2444,99.83,74.68,70.02,42.35,35.22,20.18
2446,99.83,74.68,70.02,42.35,35.22,20.09
2448,99.83,74.68,69.79,42.35,35.22,20.18
2450,99.83,74.68,69.79,42.35,35.22,20.18
2452,99.83,74.68,70.02,42.35,35.22,20.18
2454,99.83,74.94,70.02,42.35,35.22,20.26
2456,99.83,74.94,70.02,42.35,35.22,20.18
2459,99.83,74.68,69.79,42.46,35.22,20.35
2461,100.40,74.94,70.02,42.46,35.22,20.18
2463,100.40,74.68,70.02,42.24,35.22,20.18
2465,99.83,74.94,70.02,42.46,35.22,20.18
2467,100.40,74.94,70.02,42.35,35.12,20.18
2469,100.40,74.94,70.02,42.46,35.22,20.18
2471,100.40,74.94,70.25,42.46,35.22,20.18
2473,100.40,74.94,70.02,42.46,35.22,20.18
2475,99.83,74.94,70.02,42.46,35.22,20.09
2477,99.83,74.94,70.25,42.46,35.32,20.09
2479,100.40,74.94,70.25,42.46,35.22,20.26
2481,100.40,74.94,70.25,42.46,35.22,20.18
2483,100.40,74.94,70.02,42.46,35.22,20.09
2485,100.40,74.94,70.02,42.46,35.32,20.87
2487,100.40,74.94,70.25,42.57,35.32,20.18
2489,100.40,74.94,70.25,42.46,35.32,20.09
2491,100.40,74.94,70.02,42.46,35.32,20.18
2493,100.40,74.94,70.25,42.57,35.32,20.35
2495,100.40,74.94,70.25,42.57,35.32,20.09
2497,100.40,75.21,70.02,42.46,35.32,20.18
2499,99.83,75.21,70.25,42.46,35.32,20.18
2501,99.83,75.21,70.25,42.57,35.32,20.18
2503,99.83,75.21,70.25,42.46,35.32,20.26
2505,100.40,74.94,70.25,42.46,35.32,20.18
2507,100.40,74.94,70.25,42.46,35.32,20.18
2509,100.40,75.21,70.02,42.57,35.32,20.18
2511,100.40,75.21,70.25,42.57,35.12,20.18
2513,100.40,74.94,70.25,42.57,35.42,20.18
2516,100.40,75.21,70.25,42.57,35.32,20.18
2518,100.40,75.21,70.25,42.57,35.32,20.09
2520,100.40,75.21,70.48,42.57,35.42,20.18
2522,100.40,75.21,70.25,42.57,35.42,20.00
2524,100.40,75.21,70.25,42.57,35.42,20.18
2526,100.40,75.21,70.25,42.57,35.42,20.09
2528,100.40,75.21,70.25,42.57,35.42,20.18
2530,100.98,75.21,70.25,42.57,35.42,20.09
2532,100.98,75.21,70.25,42.57,35.42,20.09
2534,100.40,75.21,70.25,42.57,35.42,20.09
2536,100.40,75.21,70.25,42.57,35.32,20.09
2538,100.40,75.21,70.25,42.57,35.32,20.18
2540,100.40,75.21,70.48,42.57,35.32,20.09
2542,100.40,75.21,70.48,42.57,35.42,20.09
2544,100.40,75.21,70.25,42.57,35.42,20.09
2546,100.98,75.21,70.48,42.57,35.42,20.18
2548,100.98,75.48,70.48,42.57,35.42,20.18
2550,100.98,75.21,70.48,42.57,35.42,20.18
2552,100.98,75.21,70.48,42.57,35.42,20.09
2554,100.40,75.21,70.48,42.57,35.42,20.18
2556,100.98,75.21,70.25,42.57,35.42,20.18
2558,100.40,75.21,70.48,42.69,35.51,20.18
2560,100.40,75.21,70.25,42.69,35.51,20.18
2562,100.40,75.21,70.48,42.69,35.42,20.18
2564,100.98,75.48,70.48,42.69,35.51,20.18
2566,100.98,75.21,70.25,42.69,35.51,20.18
2568,100.40,75.21,70.48,42.57,35.61,20.00
2570,100.40,75.21,70.48,42.69,35.51,20.18
2573,100.98,75.48,70.48,42.69,35.51,20.18
2575,100.98,75.48,70.48,42.69,35.51,20.18
2577,100.40,75.48,70.48,42.69,35.51,20.18
2579,100.98,75.21,70.48,42.69,35.51,20.18
2581,100.40,75.48,70.48,42.57,35.51,20.18
2583,100.98,75.48,70.48,42.57,35.51,20.18
2585,100.98,75.48,70.48,42.69,35.51,20.18
2587,100.98,75.48,70.48,42.69,35.51,20.18
2589,100.40,75.48,70.48,42.69,35.51,20.18
2591,100.98,75.48,70.48,42.69,35.51,20.00
2593,100.98,75.48,70.48,42.57,35.51,20.18
2595,100.98,75.48,70.48,42.69,35.51,20.09
2597,100.98,75.48,70.48,42.69,35.51,20.26
2599,100.98,75.48,70.48,42.69,35.51,20.18
2601,100.98,75.48,70.48,42.69,35.51,20.18
2603,100.98,75.75,70.48,42.69,35.61,20.18
2605,100.98,75.75,70.72,42.69,35.51,20.09
2607,100.98,75.48,70.48,42.69,35.61,20.26
2609,100.98,75.48,70.72,42.69,35.61,20.18
2611,100.98,75.75,70.72,42.69,35.51,20.26
2613,100.98,75.75,70.48,42.69,35.61,20.18
2615,100.98,75.48,70.72,42.80,35.51,20.26
2617,100.98,75.75,70.48,42.80,35.51,20.09
2619,100.98,75.48,70.72,42.80,35.51,20.18
2621,100.98,75.48,70.72,42.80,35.51,20.26
2623,100.98,75.75,70.48,42.80,35.51,20.18
2625,100.98,75.48,70.48,42.80,35.51,20.18
2627,100.98,75.75,70.72,42.80,35.51,20.18
2630,100.98,75.75,70.72,42.80,35.71,20.18
2632,100.98,75.75,70.72,42.80,35.61,20.18
2634,100.98,75.75,70.72,42.80,35.61,20.26
2636,100.98,76.02,70.72,42.80,35.61,20.09
2638,100.98,75.75,70.72,42.80,35.61,20.18
2640,100.98,75.75,70.72,42.80,35.51,20.26
2642,100.98,75.75,70.72,42.80,35.61,20.18
2644,100.98,76.02,70.95,42.80,35.61,20.18
2646,100.98,75.75,70.72,42.57,35.51,20.18
2648,100.98,75.75,70.72,42.80,35.61,20.18
2650,100.98,75.75,70.72,42.91,35.61,20.35
2652,101.56,75.75,70.72,42.91,35.61,20.18
2654,100.98,75.75,70.95,42.80,35.61,20.26
2656,100.98,75.75,70.72,42.91,35.61,19.66
2658,100.98,76.02,70.95,42.91,35.61,20.00
2660,100.98,76.02,70.72,42.91,35.61,20.00
2662,101.56,76.02,70.72,42.91,35.61,20.09
2664,100.98,75.75,70.72,42.91,35.61,20.52
2666,100.98,75.75,70.95,42.91,35.61,20.26
2668,100.98,75.75,70.95,42.91,35.61,20.35
2670,100.98,75.75,70.95,42.91,35.61,20.69
2672,100.98,75.75,70.72,42.91,35.61,20.26
2674,101.56,75.75,70.72,42.91,35.61,20.18
2676,101.56,75.75,70.95,42.91,35.61,20.09
2678,101.56,75.75,70.95,42.91,35.61,20.18
2680,101.56,76.02,70.95,42.91,35.61,20.00
2682,100.98,76.02,70.95,43.03,35.61,20.18
2684,101.56,76.02,70.95,43.03,35.61,20.09
2687,100.98,76.02,70.95,43.03,35.71,20.09
2689,101.56,76.02,70.95,43.03,35.61,20.09
2691,101.56,75.75,70.95,43.03,35.61,20.09
2693,101.56,76.02,70.95,43.03,35.61,20.09
2695,101.56,76.02,70.95,43.03,35.71,20.18
2697,101.56,76.02,70.95,43.03,35.61,20.09
2699,101.56,76.30,70.95,43.03,36.11,20.09
2701,101.56,76.02,70.95,43.03,35.61,20.09
2703,101.56,76.02,70.95,43.03,35.61,20.09
2705,101.56,76.02,70.95,43.14,35.71,20.18
2707,101.56,76.02,70.95,43.03,35.71,20.09
2709,101.56,76.30,71.19,43.03,35.81,20.18
2711,101.56,76.02,70.95,43.03,35.81,20.18
2713,101.56,76.30,70.95,43.14,35.71,20.00
2715,101.56,76.02,70.95,43.03,35.81,20.26
2717,101.56,76.30,71.19,43.14,35.71,19.92
2719,101.56,76.02,70.95,43.14,35.81,20.09
2721,101.56,76.30,70.95,43.14,35.71,20.09
2723,101.56,76.30,70.95,43.14,35.81,20.09
2725,101.56,76.02,70.95,43.14,35.71,20.18
2727,101.56,76.02,71.19,43.14,35.81,20.18
2729,101.56,76.30,70.95,43.14,35.81,20.09
2731,100.98,76.30,71.19,43.14,35.81,20.09
2733,101.56,76.30,70.95,43.14,35.81,20.09
2735,101.56,76.30,71.19,43.14,36.01,20.18
2737,101.56,76.30,70.95,43.14,35.81,20.18
2739,101.56,76.30,71.19,43.14,35.81,20.18
2741,100.98,76.30,71.19,43.14,35.81,20.18
2744,100.98,76.30,71.19,43.14,35.81,20.26
2746,101.56,76.02,71.19,43.14,35.81,20.18
2748,101.56,76.30,71.19,43.14,35.81,20.09
2750,101.56,76.30,71.19,43.14,35.71,20.09
2752,101.56,76.30,71.19,43.14,35.81,20.18
2754,101.56,76.57,71.19,43.14,35.81,20.18
2756,101.56,76.30,71.19,43.14,35.81,20.18
2758,101.56,76.30,71.19,43.14,35.81,20.26
2760,101.56,76.30,71.19,43.26,35.71,20.18
2762,101.56,76.30,71.19,43.26,35.81,20.18
2764,101.56,76.30,71.19,43.26,35.81,20.18
2766,101.56,76.30,71.19,42.91,35.71,20.18
2768,102.16,76.30,71.19,43.26,35.81,20.18
2770,101.56,76.30,71.19,43.26,35.81,20.18
2772,101.56,76.30,71.19,43.26,35.81,20.18
2774,101.56,76.30,71.19,43.26,35.81,20.18
2776,101.56,76.30,71.19,43.26,35.81,20.18
2778,101.56,76.30,71.19,43.26,35.81,20.18
2780,101.56,76.30,71.19,43.26,35.81,20.18
2782,101.56,76.57,71.19,43.26,35.81,20.18
2784,101.56,76.57,71.19,43.26,35.81,20.18
2786,101.56,76.30,71.42,43.26,35.81,20.18
2788,101.56,76.57,71.42,43.26,35.81,20.18
2790,101.56,76.57,71.42,43.26,35.81,20.18
2792,101.56,76.30,71.42,43.26,35.91,20.18
2794,101.56,76.57,71.42,43.26,35.81,20.18
2796,101.56,76.57,71.19,43.26,35.81,20.18
2798,102.16,76.57,71.19,43.26,35.91,20.09
2801,102.16,76.57,71.19,43.26,35.81,20.09
2803,101.56,76.57,71.42,43.26,35.81,20.09
2805,102.16,76.57,71.42,43.37,35.91,20.00
2807,102.16,76.57,71.42,43.37,35.91,20.18
2809,101.56,76.57,71.42,43.37,35.81,19.92
2811,101.56,76.30,71.42,43.37,35.81,20.26
2813,102.16,76.57,71.42,43.37,35.91,20.18
2815,101.56,76.57,71.42,43.26,35.91,20.18
2817,101.56,76.57,71.19,43.37,35.81,20.18
2819,102.16,76.57,71.42,43.37,35.81,20.18
2821,101.56,76.57,71.42,43.37,35.81,20.26
2823,102.16,76.57,71.42,43.37,35.91,20.18
2825,101.56,76.57,71.42,43.37,35.91,20.18
2827,102.16,76.57,71.42,43.48,35.91,20.18
2829,101.56,76.57,71.42,43.37,35.91,20.18
2831,101.56,76.85,71.42,43.37,35.91,20.18
2833,101.56,76.57,71.42,43.37,35.91,20.18
2835,102.16,76.57,71.42,43.37,35.91,20.18
2837,102.16,76.57,71.42,43.37,35.91,20.18
2839,102.16,76.57,71.66,43.37,35.91,20.18
2841,102.16,76.57,71.42,43.37,35.91,20.26
2843,102.16,76.57,71.42,43.37,35.91,20.18
2845,102.16,76.85,71.66,43.37,35.91,20.18
2847,102.16,76.57,71.42,43.48,35.81,20.09
2849,102.16,76.85,71.66,43.37,35.91,20.18
2851,102.16,76.57,71.42,43.48,35.91,20.26
2853,102.16,76.85,71.42,43.37,35.81,20.18
2855,102.16,76.85,71.42,43.48,35.42,20.00
2857,102.16,76.85,71.66,43.48,35.91,20.26
2860,102.16,76.85,71.42,43.48,35.91,20.18
2862,102.16,76.85,71.66,43.37,35.91,20.18
2864,102.16,76.85,71.66,43.48,35.91,20.18
2866,101.56,76.85,71.66,43.48,35.91,19.92
2868,102.16,76.57,71.66,43.48,35.91,20.26
2870,102.16,76.85,71.66,43.48,35.91,20.69
2872,102.16,76.85,71.42,43.48,36.01,20.18
2874,102.16,76.85,71.42,43.48,36.01,20.18
2876,102.16,76.85,71.66,43.48,36.01,20.18
2878,102.16,76.85,71.66,43.48,36.01,20.18
2880,101.56,76.85,71.42,43.48,36.01,20.18
2882,102.16,76.85,71.66,43.48,36.01,20.18
2884,102.16,76.85,71.66,43.48,36.01,20.18
2886,102.16,76.85,71.66,43.48,36.01,20.18
2888,101.56,76.85,71.66,43.48,36.01,20.18
2890,102.16,76.85,71.66,43.48,36.01,20.18
2892,102.16,76.85,71.66,43.48,36.01,20.09
2894,102.16,76.85,71.66,43.48,36.01,20.18
2896,102.77,76.85,71.66,43.48,36.01,20.18
2898,102.16,76.85,71.66,43.48,36.01,20.18
2900,102.16,76.85,71.66,43.48,36.01,20.00
2902,102.16,77.14,71.66,43.48,36.01,20.26
2904,102.16,76.85,71.66,43.48,36.01,20.18
2906,102.16,76.85,71.66,43.48,36.01,20.09
2908,102.16,77.14,71.66,43.60,36.11,20.18
2910,102.16,76.85,71.66,43.60,36.11,20.09
2912,102.16,76.85,71.66,43.60,36.01,20.18
2914,102.16,76.85,71.66,43.60,36.01,20.18
2917,102.16,77.14,71.66,43.48,36.01,20.09
2919,102.16,76.85,71.90,43.60,36.11,20.09
2921,102.16,77.14,71.66,43.60,36.11,20.26
2923,102.16,76.85,71.90,43.60,36.11,20.18
2925,102.16,77.14,71.90,43.60,36.11,20.09
2927,102.16,76.85,71.66,43.60,36.11,20.18
2929,102.16,77.14,71.90,43.60,36.11,20.18
2931,102.16,77.14,71.66,43.60,36.11,20.09
2933,102.16,77.14,71.90,43.60,35.71,20.09
2935,102.16,77.14,71.90,43.60,36.11,20.18
2937,102.16,77.14,71.90,43.60,36.11,20.18
2939,102.16,77.14,71.90,43.60,36.11,20.18
2941,102.16,77.14,71.90,43.60,36.11,20.09
2943,102.16,77.14,71.90,43.72,36.21,20.18
2945,102.77,77.14,71.90,43.60,36.11,20.18
2947,102.77,77.14,71.90,43.72,36.11,20.18
2949,102.16,77.14,71.90,43.60,36.11,20.09
2951,102.16,77.14,71.90,43.72,36.11,20.09
2953,102.16,77.14,71.66,43.72,36.11,20.00
2955,102.77,77.14,71.90,43.72,36.11,20.18
2957,102.16,77.14,71.90,43.60,36.11,20.18
2959,102.16,77.14,71.90,43.72,36.11,20.18
2961,102.16,77.14,71.90,43.72,36.11,20.18
2963,102.16,77.42,71.90,43.72,36.11,20.09
2965,102.77,77.14,71.90,43.72,36.11,20.18
2967,102.16,77.14,71.90,43.72,36.11,20.18
2969,102.77,77.14,71.90,43.48,36.11,20.18
2971,102.16,77.14,71.90,43.72,36.11,20.26
2974,102.16,77.14,71.90,43.72,36.11,20.26
2976,102.77,77.14,71.90,43.72,36.11,20.09
2978,102.16,77.42,71.90,43.72,36.11,20.18
2980,102.16,77.14,71.90,43.72,36.11,20.18
2982,102.77,77.14,71.90,43.72,36.11,20.18
2984,102.77,77.42,71.90,43.72,36.11,20.18
2986,102.77,77.14,71.90,43.72,36.11,20.18
2988,102.77,77.42,71.90,43.72,36.11,20.18
2990,102.77,77.14,71.90,43.72,36.21,20.18
2992,102.16,77.42,71.90,43.72,36.21,20.18
2994,102.77,77.42,71.90,43.72,36.21,20.18
2996,102.77,77.42,71.90,43.72,36.21,20.18
2998,102.77,77.42,71.90,43.72,36.21,20.09
3000,102.77,77.42,71.90,43.72,36.21,20.95
3002,102.77,77.42,71.90,43.72,36.21,20.18
3004,102.16,77.42,71.90,43.72,36.21,20.18
3006,102.77,77.14,71.90,43.72,36.21,20.18
3008,102.77,77.42,72.15,43.72,36.21,20.18
3010,102.77,77.42,71.90,43.72,36.21,20.43
3012,102.77,77.42,71.90,43.72,36.31,20.18
3014,102.77,77.14,72.15,43.72,36.21,20.18
3016,102.77,77.42,72.15,43.72,36.31,20.18
3018,102.16,77.14,71.90,43.72,36.11,20.18
3020,102.77,77.42,72.15,43.72,36.21,20.18
3022,102.77,77.42,72.15,43.72,36.31,20.18
3024,102.77,77.14,71.90,43.72,36.21,20.09
3026,102.77,77.42,72.15,43.83,36.31,20.18
3028,102.77,77.42,72.15,43.72,36.21,20.18
3031,102.77,77.42,72.15,43.72,36.21,20.18
3033,102.77,77.42,72.15,43.72,36.21,20.18
3035,102.77,77.42,72.15,43.83,36.21,20.26
3037,102.77,77.42,72.15,43.83,36.21,20.18
3039,102.77,77.42,72.15,43.72,36.21,20.52
3041,102.77,77.71,72.15,43.83,36.21,20.35
3043,102.77,77.42,72.15,43.83,36.21,20.18
3045,102.16,77.42,72.15,43.83,36.21,20.09
3047,102.77,77.42,72.39,43.83,36.11,20.18
3049,102.77,77.42,72.15,43.83,36.21,20.18
3051,102.77,77.71,72.15,43.83,36.21,20.18
3053,102.77,77.42,72.15,43.83,36.21,20.09
3055,102.77,77.71,72.39,43.83,36.31,20.18
3057,102.77,77.42,72.15,43.83,36.31,20.26
3059,102.77,77.71,72.39,43.83,36.31,20.26
3061,102.77,77.71,72.15,43.83,36.21,20.26
3063,102.77,77.71,72.15,43.83,36.31,20.09
3065,102.77,77.42,72.15,43.83,36.31,20.09
3067,102.77,77.71,72.15,43.83,36.31,19.75
3069,102.77,77.71,72.15,43.95,36.31,20.18
3071,102.77,77.71,72.15,43.83,36.31,20.18
3073,102.77,77.42,72.15,43.83,36.21,20.18
3075,103.39,77.71,72.15,43.95,36.41,20.18
3077,102.77,77.71,72.39,43.95,36.31,20.26
3079,102.77,77.71,72.39,43.95,36.31,20.35
3081,103.39,77.71,72.39,43.83,36.31,20.35
3083,103.39,77.42,72.39,43.95,36.21,20.35
3085,102.77,77.71,72.39,43.83,36.21,20.00
3088,102.77,77.71,72.39,43.83,36.11,20.26
3090,103.39,77.71,72.39,43.83,36.11,20.26
3092,102.77,77.71,72.39,43.95,36.01,20.26
3094,102.77,77.71,72.39,43.95,36.01,20.26
3096,102.77,77.71,72.39,43.83,36.01,20.35
3098,102.77,77.71,72.64,43.95,36.01,20.26
3100,102.77,77.71,72.64,43.83,36.01,20.35
3102,102.77,77.71,72.64,43.95,35.91,20.35
3104,102.77,77.71,72.64,43.95,35.91,20.35
3106,102.77,77.71,72.64,43.83,35.91,20.35
3108,102.77,77.71,72.39,43.95,35.91,20.35
3110,102.77,77.71,72.39,43.95,35.81,20.43
3112,102.77,77.71,72.39,43.95,36.21,20.35
3114,102.77,77.42,72.39,43.95,36.01,20.35
3116,102.77,77.71,72.39,43.95,35.91,20.26
3118,102.77,77.71,72.39,43.95,35.91,20.43
3120,102.77,77.71,72.64,43.95,35.91,20.09
3122,102.77,77.71,72.64,43.95,35.91,20.35
3124,102.77,77.71,72.39,43.95,35.91,20.35
3126,102.77,77.71,72.64,43.95,36.01,20.26
3128,102.77,77.71,72.64,43.95,35.81,20.35
3130,102.77,77.71,72.39,43.95,35.81,20.35
3132,103.39,77.71,72.39,43.95,35.81,20.35
3134,102.77,77.71,72.39,43.95,35.71,20.26
3136,102.77,77.71,72.64,43.95,35.71,20.35
3138,102.77,77.71,72.64,43.95,35.71,20.35
3140,102.77,77.71,72.64,43.83,35.71,20.52
3142,103.39,77.71,72.64,43.83,35.71,20.52
3145,102.77,77.71,72.64,43.83,35.71,20.52
3147,102.77,77.71,72.39,43.83,35.71,20.43
3149,103.39,77.71,72.64,43.83,35.51,20.43
3151,102.77,77.71,72.39,43.83,35.71,20.52
3153,102.77,77.71,72.64,43.83,35.81,20.52
3155,102.77,77.71,72.64,43.83,35.71,20.52
3157,102.77,77.71,72.64,43.83,35.81,20.52
3159,102.77,77.71,72.64,43.83,35.71,20.52
3161,102.77,77.71,72.64,43.83,35.91,20.61
3163,102.77,77.71,72.64,43.83,35.91,20.69
3165,102.77,77.71,72.64,43.72,35.91,20.69
3167,103.39,77.71,72.64,43.83,36.01,20.69
3169,102.77,77.71,72.89,43.72,35.81,20.69
3171,103.39,78.00,72.64,43.72,35.71,20.61
3173,102.77,77.71,72.64,43.72,35.71,20.78
3175,103.39,77.71,72.64,43.72,35.71,20.69
3177,102.77,77.71,72.39,43.72,35.61,20.69
3179,102.77,77.71,72.39,43.72,35.71,20.61
3181,102.16,77.71,72.39,43.72,35.71,20.52
3183,102.77,77.71,72.64,43.72,35.81,20.43
3185,102.77,77.71,72.64,43.72,35.91,20.43
3187,102.77,77.71,72.64,43.72,35.81,20.43
3189,102.77,77.71,72.64,43.60,35.81,20.43
3191,102.77,77.71,72.64,43.60,35.81,20.43
3193,102.77,77.71,72.64,43.72,35.81,20.43
3195,102.77,77.71,72.64,43.72,35.81,20.52
3197,102.77,77.71,72.64,43.72,35.81,20.43
3199,102.77,77.71,72.64,43.72,35.81,20.43
3202,102.77,77.71,72.64,43.72,35.81,20.43
3204,102.77,77.71,72.64,43.72,35.81,20.43
3206,102.77,77.71,72.64,43.72,35.81,20.43
3208,102.77,77.71,72.64,43.72,35.81,20.43
3210,103.39,77.71,72.64,43.72,35.81,20.52
3212,102.77,77.71,72.64,43.72,35.81,20.35
3214,102.77,77.71,72.39,43.72,36.01,20.43
3216,103.39,77.71,72.39,43.72,35.91,20.35
3218,103.39,77.71,72.39,43.72,35.91,20.61
3220,102.77,77.71,72.64,43.72,35.91,20.52
3222,102.77,77.71,72.39,43.72,35.81,20.52
3224,102.77,77.71,72.64,43.72,35.81,20.52
3226,102.77,77.71,72.64,43.72,35.81,20.52
3228,102.77,77.71,72.64,43.72,35.81,20.43
3230,102.77,77.71,72.64,43.83,35.81,20.43
3232,102.77,77.71,72.64,43.72,35.81,20.43
3234,102.77,77.71,72.89,43.83,35.81,20.52
3236,102.77,77.71,72.64,43.72,35.91,20.52
3238,103.39,77.71,72.64,43.83,35.91,20.18
3240,102.77,77.71,72.64,43.83,35.91,20.52
3242,103.39,78.00,72.64,43.83,35.91,20.52
3244,102.77,77.71,72.64,43.83,36.01,20.43
3246,102.77,77.71,72.64,43.83,36.01,20.43
3248,103.39,77.71,72.64,43.83,36.01,20.61
3250,103.39,77.71,72.64,43.72,36.01,20.52
3252,102.77,77.71,72.64,43.72,36.01,20.52
3254,103.39,78.00,72.64,43.83,36.01,20.52
3256,102.77,77.71,72.64,43.83,36.01,20.52
3259,103.39,77.71,72.64,43.83,36.01,20.43
3261,102.77,78.00,72.64,43.83,36.01,20.52
3263,102.77,78.00,72.64,43.83,35.91,20.52
3265,103.39,77.71,72.64,43.83,35.91,20.52
3267,103.39,77.71,72.89,43.83,35.91,20.52
3269,103.39,77.71,72.64,43.83,35.91,20.52
3271,103.39,77.71,72.89,43.83,35.91,20.43
3273,103.39,78.00,72.89,43.83,35.91,20.52
3275,103.39,78.00,72.89,43.83,35.91,20.43
3277,103.39,78.00,72.64,43.83,35.91,20.43
3279,103.39,78.00,72.89,43.83,35.91,20.43
3281,102.77,78.00,72.89,43.83,35.91,20.52
3283,102.77,78.00,72.89,43.83,35.91,20.52
3285,103.39,78.00,73.14,43.83,35.91,20.43
3287,103.39,78.00,72.89,43.83,35.91,20.69
3289,103.39,78.00,72.89,43.83,35.91,20.61
3291,103.39,78.29,73.14,43.83,35.81,20.52
3293,102.77,78.00,73.14,43.95,35.81,20.52
3295,102.77,78.00,73.14,43.83,35.81,20.61
3297,102.77,78.00,73.14,43.83,35.81,20.52
3299,103.39,78.00,73.14,43.83,35.81,20.52
3301,103.39,78.00,73.14,43.83,35.81,20.52
3303,103.39,78.00,73.14,43.83,35.81,20.43
3305,103.39,78.00,73.14,43.83,35.71,20.61
3307,102.77,78.00,72.89,43.72,35.71,20.61
3309,103.39,78.00,73.14,43.83,35.71,20.52
3311,103.39,78.00,73.14,43.83,35.71,20.52
3313,103.39,78.29,72.89,43.83,35.71,20.52
3316,103.39,78.29,72.89,43.83,35.71,20.43
3318,103.39,78.29,73.14,43.83,35.71,20.61
3320,102.77,78.00,72.89,43.83,35.71,20.61
3322,103.39,78.29,73.14,43.83,35.71,20.78
3324,103.39,78.00,72.89,43.83,35.71,20.52
3326,103.39,78.00,72.89,43.83,35.71,20.52
3328,103.39,78.29,73.14,43.83,35.71,20.43
3330,103.39,78.00,72.89,43.83,35.71,21.47
3332,103.39,78.00,72.89,43.83,35.71,20.69
3334,103.39,78.29,72.89,43.83,35.71,20.43
3336,103.39,78.29,72.89,43.83,35.71,20.61
3338,103.39,78.29,73.14,43.83,35.71,20.61
3340,103.39,78.00,72.89,43.83,35.71,20.61
3342,102.77,78.29,73.14,43.83,35.81,20.52
3344,103.39,78.29,73.14,43.83,35.81,20.61
3346,103.39,78.29,73.14,43.83,35.91,20.61
3348,103.39,78.29,73.14,43.83,35.91,20.61
3350,103.39,78.29,73.14,43.83,36.01,20.43
3352,103.39,78.29,72.89,43.83,36.01,20.69
3354,103.39,78.29,73.14,43.83,35.91,20.69
3356,103.39,78.00,73.14,43.83,35.91,20.69
3358,103.39,78.29,73.14,43.83,35.91,20.61
3360,103.39,78.29,73.14,43.83,35.81,20.61
3362,103.39,78.29,73.14,43.95,35.81,20.69
3364,103.39,78.29,73.14,43.83,35.81,20.26
3366,104.02,78.29,73.14,43.83,35.81,20.69
3368,103.39,78.29,73.39,43.83,35.91,20.61
3370,103.39,78.29,73.14,43.83,35.91,20.69
3373,103.39,78.29,73.14,43.83,36.11,20.35
3375,103.39,78.29,73.14,43.83,35.91,20.69
3377,103.39,78.29,73.14,43.83,36.01,20.61
3379,103.39,78.29,73.39,43.83,36.11,20.69
3381,103.39,78.29,73.14,43.83,36.01,20.61
3383,103.39,78.29,73.14,43.83,36.01,20.69
3385,103.39,78.29,73.14,43.83,36.01,20.69
3387,103.39,78.29,73.14,43.83,36.01,20.69
3389,103.39,78.29,73.14,43.95,36.01,20.69
3391,103.39,78.29,73.14,43.83,36.11,20.78
3393,103.39,78.29,73.39,43.83,36.21,20.69
3395,103.39,78.29,73.14,43.83,36.11,20.78
3397,103.39,78.29,73.14,43.83,36.01,20.69
3399,103.39,78.29,73.14,43.72,36.01,20.69
3401,104.02,78.29,73.14,43.83,36.01,20.69
3403,104.02,78.58,73.39,43.83,36.01,20.69
3405,103.39,78.29,73.14,43.83,36.01,20.61
3407,103.39,78.29,73.39,43.83,35.91,20.61
3409,104.02,78.29,73.14,43.95,36.11,20.69
3411,103.39,78.58,73.14,43.95,36.11,20.69
3413,104.02,78.58,73.39,43.95,36.11,20.69
3415,103.39,78.58,73.14,43.95,35.91,20.61
3417,104.02,78.29,73.14,43.95,36.11,20.69
3419,103.39,78.29,73.39,43.95,36.11,20.69
3421,103.39,78.58,73.39,43.95,36.11,20.43
3423,104.02,78.58,73.39,44.06,36.21,20.78
3425,103.39,78.58,73.14,43.95,36.21,20.69
3427,103.39,78.58,73.39,43.95,36.31,20.69
3430,104.02,78.58,73.14,44.06,36.31,20.78
3432,104.02,78.58,73.39,44.06,36.31,20.78
3434,104.02,78.58,73.14,43.95,36.21,20.87
3436,103.39,78.58,73.39,43.95,36.21,20.61
3438,104.02,78.29,73.14,43.95,36.21,20.69
3440,103.39,78.58,73.39,43.95,36.21,20.69
3442,104.02,78.58,73.14,44.06,36.21,20.87
3444,104.02,78.29,73.39,44.06,36.21,20.78
3446,103.39,78.58,73.39,44.06,36.21,20.78
3448,104.02,78.58,73.64,44.06,36.21,20.87
3450,104.02,78.58,73.39,44.06,36.31,20.95
3452,104.02,78.58,73.39,44.06,36.31,20.95
3454,103.39,78.58,73.64,44.06,36.21,20.95
3456,104.02,78.58,73.39,44.06,36.21,20.78
3458,104.02,78.58,73.39,44.06,36.21,20.95
3460,103.39,78.58,73.39,44.06,36.11,20.87
3462,104.02,78.58,73.39,44.06,36.21,20.87
3464,104.02,78.58,73.39,44.06,36.11,20.87
3466,104.02,78.58,73.39,44.06,36.11,20.78
3468,103.39,78.58,73.39,44.06,36.11,20.87
3470,104.02,78.58,73.39,44.18,36.21,20.78
3472,104.02,78.58,73.39,44.18,36.21,20.87
3474,104.02,78.88,73.39,44.18,36.11,20.87
3476,104.02,78.58,73.39,44.18,36.21,20.87
3478,104.02,78.58,73.39,44.18,36.21,20.87
3480,104.02,78.58,73.39,44.18,36.21,20.87
3482,104.02,78.58,73.39,44.18,36.21,20.87
3484,104.02,78.58,73.39,44.18,36.21,20.78
3486,104.02,78.58,73.39,44.18,36.21,20.87
3489,103.39,78.58,73.64,44.18,36.21,20.87
3491,104.02,78.58,73.64,44.18,36.21,20.87
3493,104.02,78.58,73.64,44.41,36.11,20.87
3495,104.02,78.58,73.64,44.18,36.11,20.87
3497,104.02,78.58,73.64,44.18,36.11,20.87
3499,104.02,78.58,73.64,44.18,36.11,20.87
3501,104.02,78.58,73.64,44.18,36.01,20.95
3503,104.02,78.58,73.39,44.18,36.11,20.95
3505,104.02,78.88,73.64,44.18,36.11,20.95
3507,104.02,78.88,73.39,44.18,36.31,20.95
3509,104.02,78.58,73.64,44.30,36.11,20.87
3511,104.02,78.58,73.64,44.30,36.11,20.52
3513,104.02,78.58,73.64,44.30,36.11,20.87
3515,104.02,78.58,73.64,44.30,36.11,21.04
3517,104.02,78.58,73.64,44.30,36.11,20.95
3519,104.02,78.88,73.64,44.30,36.21,20.95
3521,104.02,78.58,73.39,44.18,36.21,20.87
3523,104.02,78.58,73.39,44.30,36.31,20.78
3525,104.02,78.58,73.14,44.30,36.31,20.69
3527,104.02,78.88,73.64,44.30,36.31,20.69
3529,104.02,78.58,73.64,44.30,36.31,20.78
3531,104.02,78.88,73.64,44.30,36.21,20.78
3533,104.02,78.58,73.64,44.30,36.21,20.78
3535,104.02,78.88,73.64,44.30,36.31,20.87
3537,104.02,78.88,73.64,44.30,36.31,20.95
3539,103.39,78.58,73.64,44.30,36.41,20.95
3541,104.02,78.58,73.90,44.30,36.41,20.78
3543,104.02,78.88,73.64,44.30,36.41,20.87
3546,104.02,78.88,73.64,44.30,36.31,20.95
3548,104.02,78.88,73.90,44.30,36.31,20.78
3550,104.02,78.88,73.90,44.30,36.41,20.95
3552,104.02,78.58,73.90,44.30,36.31,20.87
3554,103.39,79.18,73.90,44.30,36.31,20.87
3556,104.67,78.58,73.90,44.30,36.21,20.87
3558,104.02,78.88,73.64,44.30,36.31,20.78
3560,104.02,78.58,73.90,44.30,36.41,20.78
3562,103.39,78.88,73.90,44.30,36.51,20.78
3564,104.02,78.88,73.64,44.30,36.62,20.78
3566,104.02,78.88,73.64,44.30,36.62,20.78
3568,104.02,78.88,73.90,44.30,36.51,20.61
3570,104.02,78.88,73.64,44.30,36.51,20.69
3572,104.02,78.88,73.90,44.30,36.51,20.61
3574,104.02,78.88,73.90,44.30,36.51,20.95
3576,104.02,78.88,73.90,44.30,36.51,20.69
3578,104.67,78.88,73.90,44.30,36.51,20.78
3580,104.67,78.88,73.90,44.30,36.41,20.69
3582,104.02,78.88,73.64,44.30,36.51,20.78
3584,104.02,78.88,73.64,44.30,36.51,20.69
3586,104.02,78.88,73.64,44.30,36.51,20.78
3588,104.02,78.88,73.64,44.30,36.51,20.69
3590,104.02,78.88,73.64,44.30,36.51,20.78
3592,104.02,78.88,73.64,44.30,36.51,20.78
3594,104.02,78.88,73.64,44.30,36.62,20.78
3596,104.67,78.88,73.64,44.18,36.62,20.78
3598,104.67,78.88,73.64,44.30,36.72,20.78
3600,104.02,78.88,73.64,44.30,36.82,20.78
3603,104.02,78.58,73.64,44.30,36.92,20.78
3605,104.02,78.88,73.64,44.30,37.02,20.78
3607,104.67,78.88,73.64,44.30,37.12,20.78
3609,104.67,78.88,73.64,44.30,37.22,20.87
3611,104.02,78.88,73.64,44.41,37.22,20.87
3613,104.67,78.88,73.64,44.30,37.33,20.87
3615,104.02,78.88,73.64,44.30,37.33,20.78
3617,104.67,78.88,73.64,44.30,37.43,20.87
3619,104.67,78.88,73.64,44.30,37.43,20.78
3621,104.02,78.88,73.64,44.30,37.43,20.87
3623,104.67,78.88,73.64,44.30,37.43,20.78
3625,104.67,78.88,73.64,44.30,37.33,20.78
3627,104.02,78.88,73.39,44.30,37.43,20.69
3629,104.02,78.88,73.64,44.41,37.33,20.78
3631,104.67,78.88,73.64,44.30,37.33,20.78
3633,104.02,78.88,73.64,44.30,37.22,20.78
3635,104.67,78.88,73.64,44.30,37.22,20.78
3637,104.67,78.88,73.90,44.30,37.12,20.78
3639,104.67,78.88,73.90,44.41,37.12,20.78
3641,104.67,78.58,73.90,44.30,37.22,20.87
3643,104.02,78.88,73.64,44.41,37.22,20.78
3645,104.02,78.88,73.64,44.41,37.22,20.78
3647,104.02,78.88,73.64,44.41,37.33,20.00
3649,104.02,78.88,73.90,44.41,37.33,20.69
3651,104.67,78.88,73.90,44.41,37.43,20.78
3653,104.67,78.88,73.64,44.41,37.43,20.87
3655,104.67,78.88,73.64,44.41,37.53,20.87
3657,104.02,78.88,73.64,44.41,37.53,20.78
3660,104.67,78.88,73.64,44.53,37.43,20.78
3662,104.67,78.88,73.64,44.41,37.33,20.78
3664,104.67,78.88,73.64,44.41,37.33,20.78
3666,104.67,78.88,73.90,44.41,37.33,20.78
3668,104.67,78.88,73.64,44.41,37.33,20.69
3670,104.67,78.88,73.90,44.41,37.22,20.78
3672,104.67,78.88,73.90,44.41,37.22,20.87
3674,104.67,78.88,73.64,44.41,37.22,20.78
3676,104.02,78.88,73.64,44.41,37.22,20.78
3678,104.02,78.88,73.64,44.53,37.22,20.61
3680,104.67,78.88,73.64,44.41,37.22,20.61
3682,104.67,79.18,73.64,44.41,37.22,20.87
3684,104.67,79.18,73.90,44.53,37.22,20.78
3686,104.67,78.88,73.90,44.53,37.22,20.78
3688,104.67,79.18,73.90,44.77,37.12,20.78
3690,104.67,79.18,73.90,44.53,37.22,20.78
3692,104.67,79.18,73.90,44.53,37.22,20.69
3694,104.67,79.18,73.90,44.53,37.22,20.78
3696,104.67,79.18,73.90,44.53,37.12,20.69
3698,104.67,79.18,73.90,44.53,37.12,20.95
3700,104.02,78.88,73.90,44.53,37.22,20.69
3702,104.67,78.88,73.90,44.53,37.22,20.69
3704,104.67,79.18,73.90,44.53,37.33,20.78
3706,104.67,79.18,73.90,44.53,37.22,20.78
3708,104.67,79.18,73.90,44.53,37.22,20.78
3710,104.67,79.18,73.90,44.53,37.12,20.87
3712,104.67,79.18,74.16,44.53,37.22,20.78
3714,104.67,79.18,74.16,44.53,37.12,20.87
3717,104.67,79.18,73.90,44.53,37.12,20.87
3719,104.67,79.18,73.90,44.65,37.22,20.78
3721,104.67,79.18,73.90,44.53,37.22,20.69
3723,104.67,79.18,73.90,44.53,37.22,20.78
3725,104.67,79.48,73.90,44.65,37.22,20.87
3727,104.67,79.18,73.90,44.53,37.33,20.78
3729,104.67,79.18,73.90,44.65,37.43,20.78
3731,104.02,79.18,73.90,44.65,37.33,20.78
3733,104.67,79.18,73.90,44.65,37.33,20.78
3735,104.67,79.18,74.16,44.65,37.33,20.78
3737,104.67,79.18,73.90,44.65,37.43,20.78
3739,104.67,79.18,73.90,44.65,37.43,20.78
3741,104.67,79.48,73.90,44.77,37.53,20.69
3743,104.67,79.18,74.16,44.65,37.53,20.78
3745,104.67,79.18,74.16,44.65,37.53,20.78
3747,104.67,79.18,73.90,44.65,37.53,20.69
3749,104.67,79.18,74.16,44.65,37.63,20.78
3751,104.67,79.18,73.90,44.77,37.63,20.78
3753,104.02,79.48,73.90,44.77,37.74,20.69
3755,104.67,79.18,73.90,44.65,37.74,20.69
3757,104.67,79.18,73.90,44.77,37.63,20.69
3759,104.67,79.18,73.90,44.77,37.74,20.69
3761,104.67,79.48,73.90,44.77,37.74,20.78
3763,104.67,79.18,73.90,44.77,37.74,20.69
3765,104.67,79.18,73.90,44.77,37.84,20.78
3767,104.67,79.18,74.16,44.77,37.53,20.69
3769,104.67,79.48,73.90,44.77,37.53,20.78
3771,104.67,79.48,73.90,44.77,37.63,20.78
3774,104.67,79.18,73.90,44.77,37.63,20.78
3776,104.67,79.18,73.90,44.77,37.74,20.87
3778,104.67,79.18,73.90,44.77,37.84,20.87
3780,104.67,79.18,73.90,44.77,37.84,20.87
3782,104.67,79.18,73.90,44.77,37.84,20.87
3784,104.67,79.18,73.90,44.77,37.84,20.78
3786,104.67,79.48,73.90,44.53,37.84,20.87
3788,104.67,79.18,73.90,44.88,37.84,20.78
3790,104.67,79.18,73.90,44.77,37.84,20.78
3792,104.67,79.18,74.16,44.88,37.84,20.69
3794,104.67,79.18,74.16,44.88,37.84,20.69
3796,104.67,79.18,73.90,44.88,37.84,20.69
3798,105.32,79.48,74.16,44.88,37.84,20.78
3800,104.67,79.18,74.16,44.88,37.84,20.78
3802,104.67,79.18,74.16,44.88,37.84,20.69
3804,105.32,79.48,74.16,44.77,37.84,20.78
3806,104.67,79.48,74.16,44.88,37.74,20.78
3808,105.32,79.48,74.16,44.88,37.63,20.69
3810,105.32,79.48,74.16,44.88,37.63,20.69
3812,104.67,79.48,74.16,44.88,37.63,20.78
3814,104.67,79.18,74.16,44.88,37.63,20.69
3816,104.67,79.18,73.90,44.88,37.63,20.69
3818,104.67,79.18,73.90,44.88,37.63,20.69
3820,105.32,79.48,73.90,44.88,37.63,20.69
3822,104.67,79.48,74.16,44.88,37.63,20.78
3824,105.32,79.48,74.16,44.88,37.63,20.78
3826,105.32,79.18,74.16,44.88,37.63,20.78
3828,104.67,79.48,74.16,44.88,37.63,20.78
3831,105.32,79.48,74.16,45.00,37.63,20.78
3833,105.32,79.48,74.16,45.00,37.74,20.78
3835,104.67,79.48,74.16,45.00,37.74,20.78
3837,104.67,79.48,74.16,44.88,37.74,20.78
3839,104.67,79.48,74.16,45.00,37.74,20.78
3841,104.67,79.48,74.16,45.00,37.63,20.78
3843,104.67,79.48,74.16,45.00,37.63,20.78
3845,104.67,79.48,74.16,45.00,37.63,20.78
3847,104.67,79.18,74.16,45.00,37.53,20.69
3849,104.67,79.48,74.16,45.00,37.53,20.69
3851,105.32,79.48,73.90,44.88,37.53,20.78
3853,105.32,79.48,74.16,45.00,37.53,20.78
3855,104.67,79.48,74.16,44.88,37.53,20.09
3857,105.32,79.48,74.16,45.00,37.53,20.78
3859,105.32,79.48,74.16,45.00,37.43,20.95
3861,104.67,79.48,74.16,45.00,37.43,20.87
3863,105.32,79.48,74.16,45.00,37.43,20.78
3865,105.32,79.48,74.16,44.88,37.53,20.69
3867,105.32,79.48,74.16,45.00,37.53,20.78
3869,105.32,79.48,74.16,45.00,37.53,20.69
3871,104.67,79.48,74.16,45.00,37.53,20.78
3873,104.67,79.48,74.42,45.00,37.53,20.78
3875,104.67,79.48,74.16,44.88,37.53,20.78
3877,105.32,79.48,74.42,45.00,37.53,20.78
3879,105.32,79.79,74.16,45.00,37.43,20.69
3881,105.32,79.79,74.42,45.00,37.12,20.69
3883,105.32,79.48,74.42,45.12,37.43,20.78
3885,105.32,79.79,74.42,45.12,37.43,20.69
3888,105.32,79.79,74.42,45.00,37.43,20.78
3890,105.32,79.79,74.42,45.12,37.53,20.78
3892,104.67,79.79,74.42,45.12,37.63,20.61
3894,105.32,79.79,74.16,45.12,37.63,20.69
3896,105.32,79.79,74.16,45.12,37.74,20.87
3898,104.67,79.79,74.42,45.12,37.74,20.61
3900,105.32,79.48,74.42,45.12,37.74,20.69
3902,105.32,79.79,74.16,45.12,37.74,20.69
3904,105.32,79.48,74.42,45.12,37.63,21.13
3906,105.32,80.09,74.42,45.12,37.74,20.69
3908,105.32,79.79,74.42,45.12,37.74,20.78
3910,105.32,79.79,74.16,45.12,37.63,20.78
3912,105.32,79.48,74.42,45.12,37.63,20.78
3914,105.32,79.79,74.42,45.12,37.63,20.78
3916,104.67,79.79,74.42,45.12,37.63,20.69
3918,105.32,79.79,74.42,45.12,37.53,20.69
3920,105.32,79.79,74.42,45.12,37.63,20.78
3922,104.67,79.48,74.42,45.12,37.63,20.87
3924,105.32,79.79,74.42,45.12,37.74,20.69
3926,105.32,79.79,74.42,45.12,37.94,20.52
3928,104.67,79.79,74.16,45.12,37.53,20.87
3930,105.32,79.79,74.42,45.12,37.74,20.95
3932,105.32,79.79,74.42,45.12,37.63,20.78
3934,105.32,79.79,74.42,45.12,37.63,20.78
3936,105.32,79.79,74.42,45.12,37.63,20.78
3938,105.32,79.79,74.42,45.12,37.63,20.78
3940,104.67,79.79,74.68,45.12,37.63,20.69
3942,105.32,79.79,74.42,45.12,37.63,20.69
3945,105.32,79.79,74.16,45.12,37.74,20.69
3947,104.67,79.79,74.16,45.12,37.84,20.69
3949,105.32,79.48,74.42,45.12,37.74,20.78
3951,105.32,79.79,74.42,45.24,37.74,20.69
3953,105.32,79.79,74.42,45.12,37.74,20.69
3955,105.32,79.79,74.42,45.12,37.84,20.69
3957,105.32,79.79,74.42,45.12,37.63,20.69
3959,105.32,79.79,74.42,45.12,37.63,20.61
3961,105.32,79.79,74.42,45.24,37.63,20.78
3963,105.32,79.79,74.42,45.12,37.94,20.78
3965,105.32,80.09,74.42,45.24,37.63,20.78
3967,105.32,80.09,74.42,45.24,37.63,20.78
3969,104.67,79.79,74.42,45.24,37.63,20.78
3971,105.32,79.79,74.42,45.24,37.63,20.78
3973,105.32,79.79,74.16,45.24,37.63,20.78
3975,105.32,80.09,74.42,45.24,37.63,20.61
3977,105.32,79.79,74.42,45.24,37.63,20.78
3979,105.32,79.79,74.42,45.24,37.63,20.78
3981,105.99,80.09,74.42,45.24,37.63,20.78
3983,105.32,79.79,74.42,45.24,37.74,20.78
3985,105.32,79.79,74.42,45.24,38.05,20.87
3987,105.32,79.79,74.42,45.24,37.63,20.78
3989,104.67,79.79,74.42,45.24,37.63,20.78
3991,105.32,79.79,74.42,45.24,37.63,20.78
3993,105.32,79.79,74.42,45.12,37.63,20.69
3995,105.32,79.79,74.42,45.24,37.63,20.69
3997,105.32,79.79,74.68,45.24,37.63,20.78
3999,105.32,79.79,74.42,45.24,37.63,20.69
4002,105.32,80.09,74.42,45.24,37.63,21.04
4004,105.32,80.09,74.42,45.24,37.63,20.69
4006,105.32,80.09,74.42,45.24,37.63,20.69
4008,105.32,80.09,74.68,45.24,37.53,20.69
4010,105.32,80.09,74.42,45.24,37.53,20.69
4012,105.32,79.79,74.68,45.24,37.53,20.69
4014,105.32,80.09,74.68,45.24,37.53,20.69
4016,105.32,79.79,74.42,45.24,37.63,20.69
4018,105.32,79.79,74.68,45.24,37.63,20.69
4020,105.32,80.09,74.68,45.24,37.63,20.69
4022,105.32,80.09,74.42,45.24,37.63,20.61
4024,105.32,80.09,74.42,45.24,37.63,20.69
4026,105.32,80.09,74.42,45.36,37.63,20.69
4028,104.67,79.79,74.42,45.24,37.63,20.52
4030,105.32,80.09,74.42,45.24,37.74,20.61
4032,105.99,80.09,74.42,45.24,37.74,20.61
4034,105.32,80.09,74.42,45.24,37.84,20.61
4036,105.32,80.09,74.42,45.24,37.74,20.61
4038,105.32,80.09,74.42,45.24,37.74,20.61
4040,105.32,80.09,74.42,45.24,37.84,20.61
4042,105.99,80.09,74.42,45.24,37.74,20.61
4044,105.99,79.79,74.68,45.24,37.74,20.61
4046,105.32,80.09,74.42,45.24,37.74,20.61
4048,105.99,80.09,74.42,45.24,37.74,20.69
4050,105.32,80.09,74.68,45.24,37.74,20.78
4052,105.32,80.09,74.68,45.24,37.74,20.69
4054,105.32,79.79,74.68,45.24,37.74,20.69
4056,105.32,80.09,74.68,45.24,37.74,20.61
4058,105.32,80.09,74.68,45.24,37.84,20.61
4061,105.32,80.09,74.68,45.24,37.84,20.61
4063,105.99,80.09,74.68,45.36,37.84,20.61
4065,105.32,80.09,74.68,45.24,37.84,20.52
4067,105.32,80.09,74.68,45.24,37.84,20.52
4069,105.32,80.09,74.42,45.24,37.74,20.52
4071,105.32,80.09,74.42,45.24,37.74,20.43
4073,105.32,80.09,74.68,45.36,37.74,20.52
4075,105.32,80.09,74.42,45.24,37.74,20.43
4077,105.32,80.09,74.68,45.36,37.63,20.52
4079,105.32,79.79,74.42,45.36,37.63,20.52
4081,105.32,80.09,74.68,45.24,37.74,20.52
4083,105.32,80.09,74.42,45.24,37.63,20.61
4085,105.32,80.09,74.68,45.36,37.74,20.69
4087,105.99,80.09,74.68,45.36,37.74,20.61
4089,105.32,80.09,74.68,45.36,37.74,20.61
4091,105.99,80.09,74.68,45.36,37.74,20.52
4093,105.99,80.09,74.68,45.36,37.74,20.78
4095,105.32,80.09,74.68,45.36,37.74,20.61
4097,105.99,80.09,74.68,45.36,37.74,20.61
4099,105.32,80.09,74.68,45.36,37.74,20.61
4101,105.32,80.09,74.68,45.36,37.63,20.61
4103,105.32,80.09,74.42,45.36,37.63,20.61
4105,105.32,80.09,74.68,45.36,37.63,21.04
4107,105.32,80.09,74.68,45.36,37.74,20.43
4109,105.99,80.09,74.68,45.36,37.63,20.00
4111,105.32,80.09,74.68,45.36,37.74,20.52
4113,105.32,80.09,74.68,45.36,37.63,20.52
4115,105.32,80.09,74.68,45.36,37.74,20.52
4118,105.32,80.09,74.68,45.36,37.74,20.52
4120,105.32,80.09,74.68,45.36,37.84,20.52
4122,105.32,80.09,74.68,45.36,37.74,20.52
4124,105.32,80.09,74.42,45.36,37.84,20.52
4126,105.32,80.09,74.68,45.36,37.84,20.61
4128,105.32,80.09,74.68,45.36,37.84,20.52
4130,105.32,80.09,74.68,45.36,37.84,20.52
4132,105.99,80.41,74.68,45.36,37.74,20.43
4134,105.32,80.09,74.68,45.36,37.74,20.52
4136,105.99,80.09,74.68,45.36,37.74,20.52
4138,105.32,80.09,74.42,45.36,37.74,20.52
4140,105.32,80.09,74.68,45.36,37.74,20.61
4142,105.32,80.09,74.68,45.36,37.74,20.52
4144,105.99,80.09,74.68,45.48,37.74,20.69
4146,105.99,80.41,74.68,45.36,37.74,20.61
4148,105.32,80.09,74.68,45.36,37.74,20.52
4150,105.32,80.09,74.42,45.36,37.74,20.52
4152,105.99,80.09,74.68,45.36,37.74,20.61
4154,105.99,80.09,74.68,45.36,37.74,20.61
4156,105.99,80.09,74.68,45.36,37.74,20.61
4158,105.99,80.09,74.94,45.36,37.84,20.52
4160,105.99,80.41,74.68,45.36,37.84,20.69
4162,105.32,80.09,74.68,45.36,37.84,20.52
4164,105.32,80.09,74.68,45.36,37.84,20.61
4166,105.99,80.09,74.68,45.36,37.84,20.52
4168,105.32,80.09,74.68,45.36,37.84,20.61
4170,105.32,80.09,74.68,45.36,37.94,20.61
4172,105.99,80.09,74.68,45.36,37.94,20.61
4175,105.32,80.09,74.68,45.36,37.94,20.61
4177,105.32,80.09,74.68,45.36,38.05,20.52
4179,105.99,80.41,74.42,45.36,37.94,20.52
4181,105.99,80.09,74.68,45.36,37.94,20.61
4183,105.32,80.09,74.68,45.36,37.94,21.38
4185,105.32,80.41,74.68,45.36,37.94,20.52
4187,105.99,80.41,74.68,45.36,37.94,20.52
4189,105.99,80.09,74.68,45.48,38.05,20.43
4191,105.99,80.09,74.94,45.48,37.84,20.52
4193,105.32,80.09,74.68,45.48,37.84,20.61
4195,105.99,80.09,74.68,45.48,37.84,20.52
4197,105.32,80.09,74.68,45.48,37.84,20.26
4199,105.99,80.09,74.68,45.48,37.84,19.49
4201,105.99,80.41,74.68,45.48,37.84,20.52
4203,105.99,80.41,74.68,45.48,37.84,20.52
4205,105.99,80.09,74.68,45.48,37.84,20.61
4207,105.32,80.41,74.68,45.48,37.74,20.61
4209,105.99,80.41,74.68,45.48,37.84,20.52
4211,105.99,80.41,74.68,45.48,37.84,20.61
4213,105.32,80.41,74.68,45.48,37.84,20.61
4215,105.99,80.09,74.68,45.48,37.84,20.61
4217,105.99,80.41,74.68,45.48,37.94,20.61
4219,105.99,80.41,74.94,45.48,37.74,20.61
4221,105.99,80.41,74.68,45.48,37.74,20.52
4223,105.99,80.41,74.68,45.60,37.84,20.61
4225,105.99,80.41,74.94,45.48,37.84,20.61
4227,105.99,80.41,74.68,45.48,37.84,20.61
4229,105.99,80.41,74.94,45.60,37.84,20.61
4232,105.99,80.41,74.68,45.48,37.84,20.52
4234,105.99,80.41,74.68,45.48,37.94,20.61
4236,105.99,80.41,74.68,45.48,37.94,20.61
4238,105.99,80.41,74.68,45.48,37.94,20.43
4240,105.99,80.41,74.68,45.48,37.94,20.61
4242,105.99,80.41,74.68,45.48,37.84,20.61
4244,105.99,80.41,74.68,45.48,37.84,20.52
4246,105.99,80.41,74.68,45.48,37.94,20.61
4248,105.99,80.41,74.68,45.48,37.84,20.69
4250,105.99,80.41,74.68,45.48,37.84,20.09
4252,105.99,80.41,74.94,45.48,37.84,20.43
4254,105.99,80.41,74.94,45.48,37.84,20.52
4256,105.99,80.41,74.94,45.48,37.84,20.52
4258,105.99,80.41,74.94,45.48,37.84,20.52
4260,105.99,80.41,74.68,45.60,37.84,20.52
4262,105.99,80.41,74.94,45.48,37.84,20.43
4264,105.99,80.09,74.68,45.60,37.84,20.43
4266,105.99,80.41,74.68,45.60,37.94,20.52
4268,105.99,80.41,74.68,45.60,37.94,20.52
4270,105.99,80.41,74.68,45.60,37.94,20.35
4272,105.32,80.41,74.94,45.48,37.94,20.43
4274,105.99,80.41,74.94,45.60,37.84,20.52
4276,105.99,80.41,74.68,45.60,37.94,20.52
4278,105.32,80.41,74.68,45.60,37.94,20.35
4280,105.99,80.41,74.94,45.48,37.94,20.52
4282,105.32,80.41,74.68,45.60,37.94,20.61
4284,105.99,80.41,74.94,45.48,37.94,20.52
4286,105.99,80.41,74.68,45.48,37.94,20.52
4289,105.99,80.41,74.68,45.48,37.84,20.61
4291,105.99,80.41,74.68,45.48,37.84,20.52
4293,105.99,80.41,74.94,45.48,37.84,20.52
4295,105.32,80.41,74.94,45.48,37.84,20.52
4297,105.99,80.41,74.94,45.48,37.94,20.52
4299,105.99,80.41,74.94,45.60,37.84,20.52
4301,105.99,80.72,74.94,45.48,37.94,20.43
4303,105.99,80.41,74.68,45.48,37.94,20.52
4305,105.99,80.41,74.68,45.60,37.94,20.52
4307,105.99,80.41,74.94,45.48,37.94,20.35
4309,105.99,80.41,74.68,45.48,37.94,20.52
4311,105.99,80.41,74.94,45.48,38.05,20.61
4313,105.99,80.41,74.68,45.60,38.05,20.43
4315,105.99,80.41,74.94,45.48,38.15,20.52
4317,105.99,80.72,74.68,45.60,38.15,20.52
4319,105.99,80.41,74.68,45.60,38.05,20.52
4321,105.99,80.41,74.94,45.48,38.05,20.52
4323,105.99,80.41,74.94,45.60,38.05,20.52
4325,105.99,80.41,74.94,45.48,38.05,20.52
4327,105.32,76.57,71.66,44.41,37.12,19.92
4329,105.99,76.85,71.90,44.41,37.12,19.92
4331,105.99,76.85,71.90,44.53,37.02,20.00
4333,105.99,79.79,74.42,45.36,37.84,20.52
4335,105.32,79.79,74.68,45.36,38.05,20.78
4337,105.32,79.48,74.68,45.48,38.15,20.87
4339,105.32,79.79,74.94,45.36,38.25,20.95
4341,104.67,79.48,74.94,45.36,38.36,20.95
4343,104.67,79.79,75.21,45.36,38.46,20.95
4346,104.02,79.48,75.21,45.48,38.57,20.95
4348,104.02,79.48,75.21,45.48,38.67,20.95
4350,104.02,79.79,75.21,45.48,38.77,20.95
4352,103.39,79.48,75.21,45.36,38.77,21.04
4354,102.77,79.79,75.21,45.48,38.77,21.13
4356,102.77,79.48,75.21,45.48,38.77,21.13
4358,102.16,79.48,75.21,45.48,38.77,21.13
4360,102.16,79.48,75.21,45.48,38.77,21.13
4362,101.56,79.48,75.21,45.60,38.77,21.04
4364,101.56,79.48,74.94,45.48,38.77,20.95
4366,100.98,79.48,74.94,45.60,38.77,20.95
4368,100.98,79.18,74.94,45.60,38.88,20.95
4370,100.40,79.48,74.94,45.60,38.88,20.87
4372,99.83,79.18,74.68,45.60,38.88,20.87
4374,99.28,79.18,74.42,45.60,38.77,20.87
4376,98.73,79.18,74.68,45.60,38.77,20.87
4378,98.19,79.18,74.42,45.60,38.77,20.87
4380,98.19,79.18,74.16,45.60,38.77,20.87
4382,97.13,79.18,74.16,45.60,38.77,20.87
4384,97.13,79.18,74.16,45.60,38.77,20.87
4386,96.62,79.18,74.16,45.60,38.77,20.87
4388,96.62,78.88,73.90,45.60,38.77,20.78
4390,96.11,78.88,73.90,45.60,38.88,20.78
4392,95.61,78.88,73.64,45.60,38.88,20.78
4394,95.12,78.88,73.64,45.60,38.88,20.69
4396,95.12,78.88,73.39,45.60,38.88,20.69
4398,94.64,78.58,73.39,45.72,38.88,20.78
4400,94.16,78.88,73.39,45.72,38.77,20.78
4403,94.16,78.58,73.14,45.72,38.88,20.78
4405,93.22,78.58,72.89,45.72,38.88,20.78
4407,92.77,78.29,72.89,45.72,38.77,20.78
4409,92.77,78.29,72.64,45.72,38.88,20.78
4411,92.32,78.29,72.64,45.72,38.88,20.87
4413,92.32,78.29,72.39,45.72,38.88,20.87
4415,91.87,78.29,72.39,45.72,38.88,20.87
4417,91.43,78.29,72.39,45.72,38.88,20.78
4419,91.00,78.00,72.15,45.72,38.88,20.87
4421,90.57,78.00,72.15,45.72,38.88,20.78
4423,90.57,78.00,71.90,45.72,38.88,20.78
4425,90.15,77.71,71.90,45.72,38.88,20.78
4427,89.73,77.71,71.66,45.72,38.88,20.78
4429,89.73,77.71,71.42,45.72,38.88,20.78
4431,89.32,77.42,71.42,45.72,38.88,20.78
4433,89.32,77.42,71.19,45.72,38.88,20.78
4435,88.91,77.71,71.19,45.72,38.88,20.78
4437,88.51,77.42,71.19,45.72,38.88,20.78
4439,88.11,77.14,70.95,45.72,38.88,20.87
4441,87.72,77.14,70.95,45.72,38.88,20.87
4443,87.72,77.14,70.72,45.72,38.88,20.95
4445,87.33,77.14,70.48,45.72,38.88,20.95
4447,86.95,77.14,70.48,45.72,38.88,20.95
4449,86.95,76.85,70.25,45.60,38.77,20.87
4451,86.57,76.85,70.25,45.60,38.88,20.87
4453,86.20,76.85,70.02,45.60,38.88,20.87
4455,86.20,76.57,70.02,45.60,38.88,20.87
4457,85.83,76.57,70.02,45.60,38.77,20.87
4460,85.83,76.57,69.79,45.60,38.77,20.87
4462,85.46,76.30,69.57,45.60,38.77,20.87
4464,85.10,76.30,69.57,45.60,38.88,20.87
4466,85.10,76.30,69.34,45.60,38.88,20.87
4468,84.74,76.02,69.34,45.60,38.88,20.95
4470,84.74,76.02,69.34,45.60,38.88,20.95
4472,84.38,76.02,69.12,45.60,38.77,20.95
4474,84.03,75.75,68.89,45.60,38.77,21.04
4476,83.69,75.75,68.89,45.60,38.77,21.04
4478,83.69,75.75,68.89,45.48,38.77,20.95
4480,83.34,75.48,68.67,45.48,38.77,20.95
4482,83.34,75.48,68.45,45.48,38.77,20.87
4484,83.00,75.48,68.45,45.48,38.77,20.95
4486,82.67,75.21,68.45,45.48,38.77,20.87
4488,82.67,75.21,68.23,45.48,38.67,20.87
4490,82.34,74.94,68.23,45.48,38.67,20.87
4492,82.01,74.94,68.02,45.48,38.67,20.78
4494,81.68,74.94,68.02,45.48,38.57,20.78
4496,81.68,74.68,67.80,45.48,38.67,20.87
4498,81.36,74.68,67.80,45.48,38.67,20.87
4500,81.36,74.42,67.59,45.36,38.67,20.95
4502,81.04,74.42,67.59,45.36,38.67,21.04
4504,80.72,74.42,67.38,45.36,38.77,21.04
4506,80.72,74.16,67.38,45.36,38.77,21.04
4508,80.41,74.16,67.16,45.36,38.67,21.04
4510,80.41,74.16,66.95,45.24,38.67,20.95
4512,80.09,73.90,66.95,45.24,38.67,20.95
4514,80.09,73.90,66.75,45.24,38.67,20.87
4517,79.79,73.64,66.75,45.24,38.57,20.87
4519,79.48,73.64,66.54,45.24,38.57,20.87
4521,79.48,73.64,66.54,45.12,38.57,20.95
4523,79.18,73.39,66.54,45.12,38.57,21.04
4525,79.18,73.39,66.33,45.12,38.57,20.95
4527,78.88,73.14,66.33,45.12,38.57,20.95
4529,78.88,73.14,66.13,45.00,38.57,20.95
4531,78.58,73.14,66.13,45.00,38.57,21.04
4533,78.29,72.89,66.13,45.00,38.57,20.95
4535,78.29,72.89,65.92,45.00,38.57,20.95
4537,78.00,72.64,65.92,45.00,38.46,21.04
4539,78.00,72.64,65.72,45.00,38.46,21.04
4541,77.71,72.39,65.52,44.88,38.46,21.04
4543,77.42,72.39,65.52,44.88,38.46,21.04
4545,77.42,72.39,65.32,44.88,38.46,20.95
4547,77.14,72.15,65.32,44.88,38.36,21.04
4549,77.14,72.15,65.12,44.77,38.36,21.04
4551,76.85,72.15,65.12,44.77,38.36,21.04
4553,76.85,71.90,65.12,44.77,38.36,21.04
4555,76.57,71.90,64.92,44.77,38.36,21.04
4557,76.30,71.90,64.72,44.77,38.36,21.13
4559,76.30,71.66,64.72,44.77,38.36,21.13
4561,76.02,71.66,64.72,44.65,38.36,21.04
4563,76.02,71.42,64.53,44.65,38.25,21.13
4565,75.75,71.42,64.53,44.65,38.25,21.13
4567,75.75,71.42,64.33,44.65,38.25,21.13
4569,75.48,71.19,64.33,44.53,38.25,21.13
4571,75.48,71.19,64.14,44.53,38.25,21.13
4573,75.21,70.95,64.14,44.53,38.25,21.13
4576,75.21,70.72,64.14,44.53,38.25,21.13
4578,74.94,70.72,63.94,44.53,38.25,21.13
4580,74.68,70.72,63.75,44.41,38.25,21.13
4582,74.68,70.72,63.75,44.41,38.25,21.13
4584,74.42,70.48,63.56,44.41,38.25,21.13
4586,74.42,70.48,63.56,44.30,38.15,21.13
4588,74.16,70.25,63.37,44.30,38.15,21.13
4590,74.16,70.25,63.18,44.30,38.15,21.13
4592,73.90,70.25,63.18,44.30,38.15,21.47
4594,73.90,70.02,63.18,44.18,38.15,21.56
4596,73.64,69.79,63.00,44.18,38.05,21.47
4598,73.64,69.79,62.81,44.18,38.05,21.47
4600,73.39,69.79,63.00,44.18,37.94,21.38
4602,73.14,69.57,62.81,44.06,37.84,21.38
4604,73.14,69.57,62.81,44.06,37.84,21.38
4606,73.14,69.57,62.62,44.06,37.84,21.30
4608,72.89,69.34,62.62,44.06,37.74,21.30
4610,72.64,69.12,62.44,44.06,37.74,21.21
4612,72.64,69.12,62.44,43.95,37.74,21.13
4614,72.39,69.12,62.26,43.95,37.74,20.95
4616,72.39,68.89,62.26,43.95,37.74,20.95
4618,72.15,68.89,62.07,43.95,37.74,20.95
4620,72.15,68.67,62.07,43.83,37.74,21.13
4622,71.90,68.67,61.89,43.83,37.74,21.30
4624,71.66,68.67,61.89,43.83,37.63,21.21
4626,71.66,68.45,61.71,43.83,37.53,21.13
4628,71.66,68.45,61.71,43.72,37.53,21.13
4630,71.42,68.23,61.71,43.72,37.53,21.13
4633,71.19,68.23,61.53,43.72,37.53,21.13
4635,71.19,68.23,61.35,43.72,37.53,21.04
4637,71.19,68.02,61.35,43.60,37.53,21.04
4639,70.95,67.80,61.35,43.60,37.53,20.95
4641,70.95,67.80,61.17,43.60,37.53,20.95
4643,70.72,67.80,61.17,43.48,37.53,20.95
4645,70.48,67.59,60.99,43.48,37.53,20.95
4647,70.48,67.59,60.99,43.48,37.53,20.95
4649,70.25,67.38,60.82,43.48,37.53,21.04
4651,70.25,67.38,60.82,43.37,37.53,21.04
4653,70.02,67.16,60.82,43.37,37.53,21.04
4655,70.02,67.16,60.64,43.37,37.43,20.95
4657,69.79,66.95,60.47,43.37,37.43,20.95
4659,69.79,66.95,60.47,43.26,37.43,20.95
4661,69.57,66.95,60.47,43.26,37.43,20.95
4663,69.34,66.95,60.29,43.26,37.43,20.95
4665,69.34,66.75,60.29,43.26,37.43,21.04
4667,69.34,66.54,60.12,43.14,37.43,21.04
4669,69.12,66.54,60.12,43.14,37.33,21.04
4671,69.12,66.54,60.12,43.14,37.33,21.13
4673,68.89,66.54,59.95,43.14,37.33,21.13
4675,68.89,66.33,59.95,43.03,37.33,21.13
4677,68.67,66.33,59.95,43.03,37.33,21.13
4679,68.67,66.13,59.78,43.03,37.33,21.13
4681,68.45,66.13,59.78,42.91,37.33,21.13
4683,68.45,65.92,59.60,42.91,37.22,21.13
4685,68.23,65.92,59.60,42.91,37.22,21.13
4687,68.23,65.92,59.43,42.91,37.22,21.13
4690,68.02,65.72,59.43,42.91,37.22,21.13
4692,68.02,65.52,59.27,42.80,37.12,21.13
4694,67.80,65.52,59.27,42.80,37.12,21.13
4696,67.80,65.52,59.27,42.80,37.12,21.04
4698,67.59,65.52,59.10,42.69,37.12,21.13
4700,67.59,65.32,58.93,42.69,37.12,21.13
4702,67.59,65.32,58.93,42.69,37.12,21.13
4704,67.38,65.12,58.76,42.69,37.02,21.13
4706,67.16,65.12,58.76,42.57,37.02,21.04
4708,67.16,64.92,58.76,42.57,37.02,21.04
4710,66.95,64.92,58.76,42.57,37.02,21.04
4712,66.75,64.72,58.60,42.57,37.02,21.04
4714,66.95,64.72,58.60,42.46,37.02,21.04
4716,66.75,64.72,58.43,42.46,36.92,20.95
4718,66.54,64.53,58.27,42.46,36.92,20.95
4720,66.54,64.53,58.27,42.46,36.92,20.95
4722,66.54,64.33,58.27,42.46,36.92,20.95
4724,66.33,64.33,58.10,42.35,36.92,20.95
4726,66.33,64.33,58.10,42.35,36.92,20.95
4728,66.13,64.14,57.94,42.35,36.92,21.04
4730,66.13,64.14,57.94,42.35,36.92,21.04
4732,65.92,64.14,57.94,42.24,36.82,20.95
4734,65.92,63.94,57.78,42.24,36.82,20.95
4736,65.72,63.94,57.78,42.24,36.82,20.95
4738,65.72,63.75,57.61,42.13,36.82,21.13
4740,65.52,63.75,57.61,42.13,36.72,21.13
4742,65.52,63.75,57.45,42.13,36.72,21.13
4744,65.52,63.56,57.45,42.13,36.62,21.13
4747,65.32,63.56,57.29,42.01,36.62,21.04
4749,65.32,63.37,57.29,42.01,36.62,21.04
4751,65.12,63.37,57.29,42.01,36.62,21.04
4753,65.12,63.18,57.13,42.01,36.62,21.04
4755,64.92,63.18,57.13,41.90,36.51,21.04
4757,64.92,63.18,57.13,41.90,36.51,20.95
4759,64.72,63.00,56.97,41.90,36.51,20.95
4761,64.72,63.00,56.97,41.90,36.51,20.95
4763,64.53,62.81,56.82,41.79,36.41,20.95
4765,64.53,62.81,56.82,41.79,36.41,20.95
4767,64.33,62.62,56.82,41.79,36.41,20.87
4769,64.33,62.62,56.82,41.68,36.41,20.87
4771,64.33,62.62,56.66,41.68,36.31,20.87
4773,64.14,62.44,56.50,41.68,36.31,20.87
4775,63.94,62.44,56.50,41.57,36.41,20.95
4777,63.94,62.26,56.50,41.57,36.41,20.87
4779,63.94,62.26,56.34,41.57,36.41,20.95
4781,63.75,62.07,56.19,41.46,36.41,20.95
4783,63.75,62.07,56.19,41.46,36.41,20.95
4785,63.56,62.07,56.19,41.46,36.41,20.95
4787,63.56,61.89,56.03,41.35,36.31,20.87
4789,63.37,61.89,56.03,41.35,36.31,20.95
4791,63.37,61.71,56.03,41.35,36.21,21.04
4793,63.37,61.71,55.88,41.35,36.21,21.04
4795,63.18,61.71,55.73,41.24,36.11,21.13
4797,63.18,61.53,55.73,41.24,36.11,21.04
4799,63.00,61.53,55.73,41.24,36.11,21.04
4801,63.00,61.35,55.57,41.24,36.01,21.04
4804,62.81,61.35,55.57,41.13,36.01,21.04
4806,62.81,61.17,55.57,41.13,36.01,21.04
4808,62.81,61.35,55.42,41.13,36.01,21.04
4810,62.62,60.99,55.42,41.13,36.01,20.95
4812,62.62,61.17,55.27,41.02,36.01,20.95
4814,62.44,60.99,55.27,41.02,35.91,20.95
4816,62.44,60.99,55.27,41.02,35.91,20.95
4818,62.26,60.82,55.12,40.91,35.91,20.95
4820,62.26,60.82,55.12,40.91,35.81,20.95
4822,62.07,60.82,54.97,40.91,35.81,20.87
4824,62.07,60.64,54.97,40.91,35.81,20.95
4826,62.07,60.64,54.97,40.91,35.71,20.95
4828,61.89,60.47,54.82,40.80,35.71,21.04
4830,61.89,60.47,54.82,40.80,35.71,20.95
4832,61.89,60.29,54.67,40.80,35.71,20.95
4834,61.71,60.29,54.67,40.69,35.71,20.95
4836,61.53,60.12,54.67,40.69,35.71,21.04
4838,61.53,60.12,54.52,40.69,35.71,21.13
4840,61.53,60.12,54.52,40.69,35.61,21.13
4842,61.35,60.12,54.37,40.59,35.61,21.13
4844,61.35,59.95,54.37,40.59,35.51,21.04
4846,61.17,59.95,54.37,40.59,35.51,21.04
4848,61.17,59.78,54.22,40.48,35.51,20.95
4850,61.17,59.78,54.22,40.48,35.42,20.95
4852,60.99,59.60,54.07,40.48,35.51,20.95
4854,60.82,59.60,54.07,40.48,35.42,20.87
4856,60.82,59.60,54.07,40.37,35.42,20.87
4858,60.64,59.43,53.93,40.37,35.42,20.87
4861,60.64,59.43,53.78,40.37,35.42,20.87
4863,60.64,59.43,53.78,40.37,35.42,20.78
4865,60.47,59.43,53.78,40.37,35.42,20.78
4867,60.47,59.27,53.63,40.26,35.42,20.78
4869,60.29,59.27,53.63,40.26,35.42,20.78
4871,60.29,59.10,53.63,40.15,35.42,20.78
4873,60.12,59.10,53.49,40.15,35.42,20.78
4875,60.12,58.93,53.49,40.15,35.32,20.78
4877,60.12,58.93,53.34,40.15,35.32,20.78
4879,59.95,58.76,53.34,40.15,35.32,20.78
4881,59.95,58.76,53.34,40.05,35.32,20.78
4883,59.78,58.76,53.20,40.05,35.32,20.69
4885,59.60,58.60,53.06,40.05,35.32,20.78
4887,59.60,58.60,53.06,39.94,35.32,20.78
4889,59.60,58.60,53.06,39.94,35.32,20.78
4891,59.60,58.43,53.06,39.94,35.32,20.69
4893,59.43,58.43,52.91,39.94,35.32,20.69
4895,59.43,58.43,52.91,39.83,35.32,20.69
4897,59.43,58.27,52.91,39.83,35.22,20.69
4899,59.27,58.27,52.77,39.83,35.22,20.78
4901,59.27,58.10,52.77,39.73,35.22,20.78
4903,59.10,58.10,52.63,39.73,35.12,20.87
4905,59.10,57.94,52.63,39.73,35.22,20.87
4907,59.10,57.94,52.63,39.62,35.12,20.87
4909,58.93,57.78,52.49,39.62,35.12,20.87
4911,58.93,57.78,52.49,39.51,35.02,20.87
4913,58.76,57.78,52.49,39.51,34.92,20.87
4915,58.76,57.61,52.49,39.51,34.92,20.87
4918,58.60,57.61,52.34,39.51,34.92,20.87
4920,58.60,57.45,52.34,39.51,34.82,20.78
4922,58.43,57.45,52.20,39.41,34.82,20.78
4924,58.60,57.45,52.20,39.41,34.82,20.78
4926,58.43,57.29,52.20,39.41,34.82,20.69
4928,58.27,57.29,52.06,39.41,34.82,20.78
4930,58.27,57.29,52.06,39.30,34.73,20.78
4932,58.10,57.13,51.92,39.30,34.73,20.69
4934,58.10,57.13,51.92,39.30,34.73,20.69
4936,58.10,56.97,51.79,39.30,34.73,20.61
4938,57.94,56.97,51.79,39.20,34.73,20.69
4940,57.94,56.97,51.79,39.20,34.73,20.61
4942,57.94,56.82,51.65,39.20,34.73,20.61
4944,57.78,56.82,51.65,39.09,34.73,20.61
4946,57.61,56.66,51.51,39.09,34.63,20.61
4948,57.61,56.66,51.51,39.09,34.63,20.61
4950,57.61,56.50,51.51,38.98,34.63,20.61
4952,57.45,56.50,51.37,39.09,34.63,20.61
4954,57.45,56.50,51.37,38.98,34.53,20.61
4956,57.45,56.34,51.37,38.98,34.53,20.61
4958,57.29,56.34,51.23,38.88,34.53,20.61
4960,57.29,56.19,51.23,38.88,34.53,20.61
4962,57.13,56.19,51.23,38.88,34.43,20.69
4964,57.13,56.19,51.10,38.88,34.43,20.61
4966,56.97,56.19,51.10,38.77,34.43,20.61
4968,56.97,56.19,50.96,38.77,34.43,20.61
4970,56.97,56.03,50.96,38.77,34.33,20.61
4972,56.82,56.03,50.82,38.67,34.33,20.61
4974,56.82,55.88,50.82,38.67,34.33,20.69
4977,56.66,55.88,50.82,38.67,34.33,20.69
4979,56.66,55.73,50.69,38.67,34.33,20.69
4981,56.50,55.73,50.69,38.67,34.24,20.69
4983,56.50,55.73,50.55,38.57,34.24,20.69
4985,56.50,55.57,50.55,38.57,34.24,20.69
4987,56.34,55.42,50.55,38.57,34.14,20.78
4989,56.34,55.42,50.55,38.57,34.14,20.78
4991,56.19,55.42,50.42,38.46,34.14,20.78
4993,56.19,55.27,50.29,38.46,34.14,20.78
4995,56.19,55.27,50.29,38.46,34.14,20.69
4997,56.03,55.27,50.29,38.36,34.14,20.78
4999,56.03,55.12,50.29,38.36,34.14,20.78
5001,55.88,55.12,50.15,38.36,34.04,20.78
5003,55.88,55.12,50.15,38.25,34.04,20.78
5005,55.88,54.97,50.15,38.25,34.04,20.78
5007,55.73,54.97,50.02,38.25,33.95,20.78
5009,55.73,54.82,50.02,38.25,33.95,20.78
5011,55.57,54.82,49.89,38.15,33.95,20.69
5013,55.57,54.82,49.89,38.15,33.95,20.69
5015,55.57,54.67,49.89,38.15,33.95,20.61
5017,55.42,54.67,49.75,38.15,33.85,20.61
5019,55.42,54.52,49.75,38.05,33.85,20.61
5021,55.27,54.52,49.75,38.05,33.85,20.52
5023,55.27,54.52,49.62,38.05,33.85,20.52
5025,55.12,54.37,49.62,37.94,33.85,20.52
5027,55.12,54.37,49.49,37.94,33.85,20.52
5029,55.12,54.37,49.49,37.94,33.85,20.52
5031,54.97,54.22,49.49,37.94,33.85,20.52
5034,54.97,54.22,49.36,37.84,33.85,20.52
5036,54.82,54.22,49.36,37.84,33.75,20.61
5038,54.82,54.07,49.23,37.84,33.75,20.52
5040,54.82,54.07,49.23,37.74,33.75,20.61
5042,54.67,53.93,49.23,37.74,33.75,20.61
5044,54.67,53.93,49.10,37.74,33.75,20.61
5046,54.67,53.93,49.10,37.74,33.75,20.61
5048,54.52,53.78,49.10,37.63,33.75,20.61
5050,54.52,53.78,49.10,37.63,33.66,20.61
5052,54.37,53.78,48.97,37.63,33.66,20.61
5054,54.37,53.63,48.97,37.63,33.66,20.61
5056,54.37,53.63,48.84,37.53,33.66,20.52
5058,54.22,53.63,48.84,37.53,33.56,20.52
5060,54.22,53.49,48.84,37.53,33.56,20.52
5062,54.22,53.49,48.71,37.53,33.56,20.52
5064,54.07,53.49,48.71,37.53,33.56,20.52
5066,54.07,53.34,48.58,37.43,33.56,20.52
5068,54.07,53.34,48.58,37.43,33.46,20.52
5070,53.93,53.34,48.58,37.33,33.46,20.52
5072,53.93,53.20,48.45,37.43,33.46,20.61
5074,53.93,53.20,48.45,37.43,33.46,20.52
5076,53.78,53.06,48.45,37.33,33.46,20.52
5078,53.78,53.06,48.32,37.33,33.46,20.61
5080,53.63,53.06,48.32,37.33,33.46,20.61
5082,53.63,52.91,48.20,37.22,33.46,20.61
5084,53.49,52.91,48.20,37.22,33.37,20.61
5086,53.49,52.91,48.20,37.22,33.37,20.52
5088,53.49,52.91,48.07,37.22,33.37,20.61
5091,53.34,52.77,48.07,37.12,33.37,20.52
5093,53.34,52.77,48.07,37.12,33.37,20.52
5095,53.34,52.63,47.94,37.12,33.27,20.52
5097,53.20,52.63,47.94,37.12,33.27,20.61
5099,53.20,52.63,47.94,37.02,33.27,20.61
5101,53.20,52.49,47.82,37.02,33.27,20.61
5103,53.06,52.49,47.82,37.02,33.27,20.61
5105,53.06,52.49,47.82,37.02,33.27,20.61
5107,52.91,52.34,47.69,37.02,33.27,20.52
5109,52.91,52.34,47.69,36.92,33.27,20.52
5111,52.77,52.20,47.69,36.92,33.27,20.52
5113,52.77,52.20,47.56,36.92,33.27,20.61
5115,52.77,52.20,47.56,36.92,33.18,20.61
5117,52.77,52.06,47.44,36.82,33.18,20.61
5119,52.63,52.06,47.44,36.82,33.18,20.61
5121,52.49,52.06,47.44,36.82,33.18,20.61
5123,52.49,51.92,47.44,36.82,33.08,20.61
5125,52.49,51.92,47.31,36.72,33.08,20.69
5127,52.49,51.92,47.31,36.72,33.08,20.69
5129,52.34,51.92,47.19,36.72,33.08,20.69
5131,52.34,51.79,47.31,36.72,32.98,20.69
5133,52.34,51.79,47.19,36.72,32.98,20.69
5135,52.34,51.65,47.19,36.62,32.98,20.69
5137,52.20,51.65,47.19,36.62,32.98,20.69
5139,52.20,51.65,47.06,36.62,32.98,20.69
5141,52.06,51.51,47.06,36.62,32.98,20.69
5143,52.06,51.51,46.94,36.62,32.98,20.61
5145,52.06,51.51,46.94,36.51,32.89,20.69
5148,51.92,51.37,46.82,36.51,32.89,20.61
5150,51.92,51.37,46.82,36.51,32.89,20.61
5152,51.92,51.37,46.82,36.41,32.89,20.61
5154,51.79,51.23,46.69,36.41,32.79,20.69
5156,51.79,51.23,46.69,36.41,32.79,20.69
5158,51.79,51.23,46.69,36.41,32.79,20.69
5160,51.65,51.10,46.57,36.31,32.79,20.69
5162,51.65,51.10,46.57,36.31,32.70,20.69
5164,51.65,51.10,46.57,36.31,32.70,20.69
5166,51.51,50.96,46.45,36.31,32.70,20.69
5168,51.51,50.96,46.45,36.21,32.70,20.69
5170,51.37,50.82,46.45,36.21,32.70,20.69
5172,51.37,50.82,46.33,36.21,32.70,20.61
5174,51.37,50.82,46.33,36.21,32.70,20.61
5176,51.37,50.82,46.33,36.21,32.70,20.61
5178,51.23,50.69,46.20,36.11,32.70,20.61
5180,51.23,50.69,46.20,36.11,32.70,20.61
5182,51.10,50.69,46.20,36.11,32.60,20.61
5184,51.10,50.55,46.08,36.01,32.60,20.61
5186,51.10,50.55,46.08,36.01,32.60,20.61
5188,50.96,50.42,46.08,36.01,32.60,20.61
5190,50.96,50.42,46.08,36.01,32.60,20.61
5192,50.82,50.42,45.96,36.01,32.60,20.61
5194,50.82,50.29,45.96,35.91,32.51,20.61
5196,50.82,50.29,45.84,35.91,32.51,20.61
5198,50.82,50.29,45.84,35.91,32.51,20.61
5200,50.69,50.15,45.84,35.91,32.41,20.61
5202,50.69,50.15,45.72,35.81,32.41,20.61
5205,50.55,50.15,45.72,35.81,32.41,20.61
5207,50.55,50.02,45.72,35.81,32.41,20.61
5209,50.42,50.02,45.72,35.81,32.41,20.61
5211,50.55,50.02,45.60,35.71,32.41,20.61
5213,50.42,49.89,45.60,35.71,32.41,20.61
5215,50.42,49.89,45.60,35.71,32.41,20.61
5217,50.42,49.89,45.48,35.71,32.41,20.61
5219,50.29,49.75,45.48,35.71,32.32,20.52
5221,50.29,49.75,45.48,35.71,32.32,20.52
5223,50.29,49.75,45.36,35.61,32.32,20.52
5225,50.15,49.62,45.36,35.61,32.32,20.52
5227,50.15,49.62,45.24,35.61,32.32,20.61
5229,50.02,49.62,45.24,35.61,32.32,20.61
5231,50.02,49.49,45.24,35.51,32.22,20.61
5233,50.02,49.49,45.24,35.51,32.22,20.61
5235,49.89,49.49,45.12,35.51,32.22,20.61
5237,49.89,49.49,45.12,35.51,32.22,20.61
5239,49.89,49.36,45.12,35.51,32.22,20.61
5241,49.75,49.36,45.00,35.42,32.22,20.61
5243,49.75,49.23,45.00,35.42,32.22,20.61
5245,49.75,49.23,45.00,35.42,32.13,20.61
5247,49.62,49.23,44.88,35.42,32.13,20.61
5249,49.62,49.23,44.88,35.42,32.13,20.52
5251,49.62,49.10,44.88,35.42,32.13,20.52
5253,49.49,49.10,44.77,35.32,32.03,20.52
5255,49.49,48.97,44.77,35.32,32.03,20.52
5257,49.36,48.97,44.77,35.32,32.03,20.43
5259,49.36,48.97,44.65,35.32,32.03,20.52
5262,49.36,48.84,44.65,35.32,32.03,20.43
5264,49.23,48.84,44.65,35.22,32.03,20.52
5266,49.23,48.84,44.53,35.22,31.94,20.52
5268,49.23,48.71,44.53,35.22,31.94,20.52
5270,49.23,48.71,44.53,35.22,31.94,20.52
5272,49.10,48.71,44.53,35.12,31.94,20.52
5274,49.10,48.58,44.41,35.12,31.94,20.52
5276,49.10,48.58,44.41,35.12,32.03,20.52
5278,48.97,48.58,44.41,35.12,31.94,20.52
5280,48.84,48.45,44.30,35.02,31.94,20.52
5282,48.84,48.45,44.30,35.02,31.94,20.52
5284,48.84,48.45,44.30,35.02,31.94,20.52
5286,48.84,48.45,44.30,35.02,31.85,20.52
5288,48.71,48.32,44.18,35.02,31.94,20.52
5290,48.71,48.32,44.18,35.02,31.85,20.52
5292,48.71,48.32,44.06,34.92,31.85,20.52
5294,48.58,48.32,44.06,34.92,31.85,20.52
5296,48.58,48.20,44.06,34.92,31.85,20.52
5298,48.58,48.20,44.06,34.92,31.75,20.52
5300,48.45,48.07,43.95,34.92,31.75,20.61
5302,48.45,48.07,43.95,34.82,31.75,20.61
5304,48.45,48.07,43.95,34.82,31.75,20.52
5306,48.32,47.94,43.83,34.82,31.66,20.52
5308,48.32,47.94,43.83,34.82,31.66,20.52
5310,48.32,47.94,43.83,34.73,31.66,20.52
5312,48.20,47.82,43.83,34.73,31.66,20.52
5314,48.20,47.82,43.72,34.73,31.66,20.52
5316,48.20,47.82,43.72,34.73,31.66,20.52
5318,48.07,47.82,43.72,34.73,31.66,20.52
5321,48.07,47.69,43.60,34.63,31.66,20.52
5323,48.07,47.69,43.60,34.63,31.56,20.52
5325,47.94,47.56,43.48,34.63,31.56,20.52
5327,47.94,47.56,43.60,34.63,31.56,20.52
5329,47.94,47.56,43.48,34.63,31.56,20.52
5331,47.82,47.56,43.48,34.53,31.56,20.52
5333,47.82,47.44,43.48,34.53,31.56,20.52
5335,47.82,47.44,43.37,34.53,31.47,20.52
5337,47.69,47.44,43.37,34.53,31.47,20.52
5339,47.69,47.44,43.26,34.43,31.47,20.52
5341,47.69,47.31,43.26,34.43,31.47,20.52
5343,47.69,47.31,43.26,34.43,31.47,20.52
5345,47.56,47.31,43.26,34.43,31.47,20.52
5347,47.56,47.19,43.14,34.43,31.47,20.52
5349,47.56,47.19,43.14,34.33,31.47,20.52
5351,47.44,47.19,43.03,34.33,31.38,20.52
5353,47.44,47.06,43.03,34.33,31.38,20.52
5355,47.44,47.06,43.03,34.33,31.38,20.52
5357,47.31,47.06,43.03,34.33,31.38,20.52
5359,47.31,46.94,43.03,34.24,31.38,20.52
5361,47.31,46.94,42.91,34.24,31.38,20.52
5363,47.19,46.94,42.91,34.24,31.28,20.52
5365,47.19,46.94,42.91,34.24,31.28,20.52
5367,47.19,46.82,42.80,34.24,31.28,20.52
5369,47.19,46.82,42.80,34.14,31.28,20.52
5371,47.06,46.82,42.80,34.14,31.28,20.52
5373,47.06,46.69,42.69,34.14,31.28,20.52
5375,47.06,46.69,42.69,34.14,31.19,20.52
5378,46.94,46.69,42.69,34.14,31.19,20.52
5380,46.94,46.57,42.57,34.04,31.19,20.52
5382,46.94,46.57,42.57,34.04,31.19,20.52
5384,46.82,46.57,42.57,34.04,31.19,20.52
5386,46.82,46.45,42.46,34.04,31.19,20.52
5388,46.82,46.45,42.57,34.04,31.19,20.52
5390,46.69,46.45,42.46,33.95,31.19,20.52
5392,46.69,46.45,42.46,33.95,31.19,20.61
5394,46.69,46.33,42.46,33.95,31.10,20.61
5396,46.57,46.33,42.35,33.95,31.10,20.61
5398,46.57,46.33,42.35,33.95,31.10,20.61
5400,46.57,46.33,42.35,33.85,31.10,20.61
5402,46.45,46.20,42.24,33.85,31.10,20.61
5404,46.45,46.20,42.24,33.85,31.10,20.61
5406,46.45,46.20,42.24,33.85,31.10,20.61
5408,46.45,46.08,42.13,33.75,31.10,20.52
5410,46.45,46.08,42.13,33.75,31.00,20.61
5412,46.33,46.08,42.13,33.75,31.00,20.61
5414,46.33,45.96,42.13,33.75,31.00,20.61
5416,46.20,45.96,42.01,33.75,31.00,20.61
5418,46.20,45.84,42.01,33.75,31.00,20.61
5420,46.20,45.84,42.01,33.66,31.00,20.61
5422,46.08,45.84,42.01,33.66,31.00,20.61
5424,46.08,45.84,41.90,33.66,31.00,20.61
5426,46.08,45.84,41.90,33.66,30.91,20.52
5428,46.08,45.72,41.90,33.66,30.91,20.52
5430,46.08,45.72,41.79,33.66,30.91,20.52
5432,45.96,45.60,41.79,33.66,30.91,20.52
5435,45.96,45.60,41.79,33.56,30.91,20.52
5437,45.96,45.60,41.79,33.56,30.91,20.61
5439,45.96,45.60,41.68,33.56,30.82,20.61
5441,45.84,45.60,41.68,33.56,30.82,20.61
5443,45.72,45.48,41.68,33.56,30.82,20.61
5445,45.72,45.48,41.68,33.46,30.82,20.61
5447,45.72,45.48,41.57,33.46,30.82,20.61
5449,45.72,45.36,41.57,33.46,30.82,20.61
5451,45.60,45.36,41.57,33.46,30.82,20.52
5453,45.60,45.36,41.46,33.46,30.72,20.52
5455,45.60,45.36,41.46,33.46,30.72,20.52
5457,45.60,45.24,41.46,33.37,30.72,20.52
5459,45.48,45.24,41.46,33.37,30.72,20.52
5461,45.48,45.24,41.35,33.37,30.72,20.52
5463,45.48,45.12,41.35,33.37,30.72,20.52
5465,45.36,45.12,41.35,33.37,30.72,20.52
5467,45.36,45.12,41.24,33.27,30.72,20.52
5469,45.36,45.12,41.24,33.27,30.72,20.52
5471,45.36,45.00,41.24,33.27,30.72,20.52
5473,45.24,45.00,41.24,33.27,30.72,20.52
5475,45.24,45.00,41.13,33.27,30.72,20.52
5477,45.24,44.88,41.13,33.27,30.72,20.52
5479,45.12,44.88,41.13,33.18,30.72,20.52
5481,45.12,44.88,41.13,33.18,30.72,20.52
5483,45.12,44.77,41.02,33.18,30.63,20.52
5485,45.12,44.77,41.02,33.18,30.63,20.52
5487,45.00,44.77,41.02,33.18,30.63,20.52
5489,45.00,44.77,41.02,33.18,30.63,20.52
5492,44.88,44.77,41.02,33.08,30.63,20.52
5494,44.88,44.65,40.91,33.08,30.63,20.52
5496,44.88,44.65,40.91,33.08,30.63,20.52
5498,44.88,44.65,40.91,33.08,30.63,20.43
5500,44.88,44.53,40.80,33.08,30.63,20.43
5502,44.77,44.53,40.80,33.08,30.63,20.43
5504,44.77,44.53,40.80,32.98,30.63,20.43
5506,44.77,44.53,40.69,32.98,30.54,20.43
5508,44.65,44.41,40.69,32.98,30.54,20.43
5510,44.65,44.41,40.69,32.98,30.54,20.43
5512,44.65,44.30,40.69,32.98,30.54,20.43
5514,44.65,44.30,40.59,32.89,30.54,20.43
5516,44.53,44.30,40.59,32.89,30.45,20.52
5518,44.53,44.30,40.59,32.89,30.45,20.43
5520,44.53,44.30,40.59,32.89,30.45,20.52
5522,44.53,44.18,40.59,32.89,30.45,20.52
5524,44.41,44.18,40.48,32.89,30.45,20.52
5526,44.41,44.18,40.48,32.79,30.45,20.52
5528,44.41,44.18,40.48,32.79,30.45,20.43
5530,44.30,44.06,40.37,32.79,30.35,20.52
5532,44.30,44.06,40.37,32.79,30.35,20.43
5534,44.30,44.06,40.37,32.79,30.35,20.43
5536,44.30,43.95,40.37,32.79,30.35,20.43
5538,44.18,43.95,40.26,32.70,30.35,20.43
5540,44.18,43.95,40.26,32.70,30.35,20.43
5542,44.18,43.95,40.26,32.70,30.26,20.43
5544,44.06,43.83,40.26,32.70,30.26,20.43
5546,44.06,43.83,40.15,32.70,30.26,20.43
5549,44.06,43.83,40.15,32.70,30.26,20.43
5551,43.95,43.83,40.15,32.70,30.26,20.43
5553,43.95,43.72,40.15,32.60,30.26,20.43
5555,43.95,43.72,40.05,32.60,30.26,20.43
5557,43.95,43.72,40.05,32.60,30.26,20.43
5559,43.95,43.60,40.05,32.60,30.26,20.43
5561,43.83,43.60,39.94,32.60,30.26,20.43
5563,43.83,43.60,39.94,32.51,30.17,20.43
5565,43.83,43.60,39.94,32.51,30.17,20.43
5567,43.72,43.48,39.83,32.51,30.17,20.43
5569,43.72,43.48,39.94,32.51,30.17,20.52
5571,43.72,43.48,39.83,32.51,30.17,20.52
5573,43.72,43.37,39.83,32.41,30.08,20.52
5575,43.60,43.37,39.83,32.41,30.08,20.52
5577,43.60,43.37,39.73,32.41,30.08,20.52
5579,43.60,43.26,39.73,32.41,30.08,20.61
5581,43.48,43.37,39.73,32.41,30.08,20.52
5583,43.48,43.26,39.73,32.32,30.08,20.61
5585,43.48,43.26,39.62,32.32,29.99,20.52
5587,43.37,43.14,39.62,32.32,29.99,20.52
5589,43.37,43.14,39.62,32.32,29.99,20.52
5591,43.37,43.14,39.62,32.32,29.89,20.52
5593,43.37,43.03,39.62,32.32,29.89,20.52
5595,43.37,43.03,39.51,32.32,29.89,20.52
5597,43.26,43.03,39.51,32.22,29.89,20.52
5599,43.26,43.03,39.51,32.22,29.80,20.43
5601,43.26,42.91,39.41,32.22,29.80,20.43
5603,43.26,42.91,39.41,32.22,29.80,20.43
5606,43.14,42.91,39.41,32.13,29.80,20.43
5608,43.14,42.91,39.41,32.13,29.80,20.43
5610,43.03,42.91,39.30,32.13,29.80,20.43
5612,43.03,42.91,39.30,32.13,29.80,20.52
5614,43.03,42.80,39.30,32.13,29.80,20.52
5616,43.03,42.80,39.30,32.13,29.80,20.43
5618,42.91,42.69,39.20,32.13,29.80,20.43
5620,42.91,42.69,39.20,32.13,29.80,20.43
5622,42.91,42.69,39.20,32.03,29.71,20.43
5624,42.80,42.69,39.09,32.03,29.80,20.43
5626,42.80,42.69,39.09,32.03,29.80,20.43
5628,42.80,42.57,39.09,32.03,29.80,20.52
5630,42.80,42.57,39.09,32.03,29.80,20.43
5632,42.69,42.46,39.09,31.94,29.80,20.52
5634,42.69,42.46,38.98,31.94,29.71,20.52
5636,42.69,42.46,38.98,31.94,29.71,20.52
5638,42.57,42.46,38.98,31.94,29.71,20.52
5640,42.57,42.46,38.98,31.85,29.71,20.52
5642,42.57,42.35,38.88,31.94,29.71,20.52
5644,42.57,42.35,38.88,31.85,29.71,20.52
5646,42.46,42.35,38.88,31.85,29.71,20.52
5648,42.46,42.24,38.88,31.85,29.62,20.52
5650,42.46,42.24,38.77,31.75,29.62,20.52
5652,42.46,42.24,38.77,31.75,29.62,20.52
5654,42.35,42.24,38.77,31.75,29.62,20.52
5656,42.35,42.13,38.77,31.75,29.62,20.52
5658,42.35,42.13,38.67,31.75,29.62,20.52
5660,42.24,42.13,38.67,31.75,29.62,20.52
5663,42.24,42.01,38.67,31.75,29.62,20.52
5665,42.24,42.01,38.67,31.75,29.53,20.52
5667,42.24,42.01,38.57,31.66,29.53,20.52
5669,42.24,42.01,38.57,31.66,29.53,20.52
5671,42.13,42.01,38.57,31.66,29.53,20.52
5673,42.13,41.90,38.57,31.66,29.53,20.52
5675,42.13,41.90,38.57,31.66,29.53,20.52
5677,42.13,41.90,38.46,31.56,29.43,20.52
5679,42.01,41.90,38.46,31.56,29.43,20.52
5681,42.01,41.79,38.46,31.56,29.43,20.52
5683,42.01,41.79,38.46,31.56,29.43,20.52
5685,42.01,41.79,38.36,31.56,29.43,20.52
5687,41.90,41.79,38.36,31.56,29.43,20.52
5689,41.90,41.68,38.36,31.56,29.43,20.52
5691,41.90,41.68,38.36,31.47,29.43,20.52
5693,41.90,41.68,38.25,31.47,29.43,20.43
5695,41.90,41.57,38.25,31.47,29.43,20.52
5697,41.79,41.57,38.25,31.47,29.43,20.52
5699,41.79,41.57,38.25,31.47,29.43,20.52
5701,41.79,41.57,38.15,31.47,29.34,20.52
5703,41.68,41.57,38.15,31.38,29.34,20.52
5705,41.68,41.46,38.15,31.38,29.34,20.52
5707,41.68,41.46,38.15,31.38,29.34,20.43
5709,41.68,41.46,38.15,31.38,29.34,20.43
5711,41.57,41.35,38.05,31.38,29.34,20.43
5713,41.57,41.35,38.05,31.38,29.34,20.43
5715,41.57,41.35,38.05,31.38,29.34,20.43
5717,41.46,41.35,38.05,31.28,29.34,20.52
5719,41.46,41.24,37.94,31.28,29.34,20.52
5722,41.46,41.24,37.94,31.28,29.34,20.43
5724,41.46,41.24,37.94,31.28,29.25,20.43
5726,41.46,41.24,37.94,31.28,29.25,20.43
5728,41.35,41.24,37.84,31.28,29.25,20.52
5730,41.35,41.13,37.84,31.28,29.25,20.52
5732,41.35,41.13,37.84,31.28,29.25,20.52
5734,41.24,41.13,37.84,31.19,29.16,20.43
5736,41.24,41.02,37.74,31.19,29.16,20.43
5738,41.24,41.02,37.74,31.19,29.16,20.43
5740,41.24,41.02,37.74,31.19,29.16,20.43
5742,41.13,41.02,37.74,31.19,29.16,20.52
5744,41.13,41.02,37.74,31.19,29.16,20.52
5746,41.13,40.91,37.63,31.19,29.16,20.43
5748,41.02,40.91,37.63,31.19,29.16,20.43
5750,41.02,40.91,37.63,31.10,29.16,20.43
5752,41.02,40.91,37.53,31.10,29.16,20.43
5754,41.02,40.91,37.63,31.10,29.16,20.43
5756,40.91,40.80,37.53,31.10,29.16,20.43
5758,40.91,40.80,37.53,31.10,29.16,20.43
5760,40.91,40.80,37.53,31.00,29.07,20.43
5762,40.91,40.69,37.43,31.00,29.07,20.43
5764,40.80,40.69,37.43,31.00,29.07,20.43
5766,40.80,40.69,37.43,31.00,29.07,20.43
5768,40.80,40.69,37.43,31.00,29.07,20.43
5770,40.80,40.69,37.43,31.00,29.07,20.43
5772,40.80,40.59,37.43,31.00,29.07,20.43
5774,40.69,40.59,37.33,30.91,28.98,20.43
5776,40.69,40.59,37.33,30.91,28.98,20.43
5779,40.69,40.59,37.33,30.91,28.98,20.43
5781,40.69,40.48,37.22,30.91,28.98,20.43
5783,40.59,40.48,37.22,30.91,28.89,20.43
5785,40.59,40.48,37.22,30.91,28.89,20.52
5787,40.59,40.48,37.22,30.82,28.89,20.43
5789,40.48,40.37,37.22,30.82,28.89,20.43
5791,40.48,40.37,37.12,30.82,28.89,20.43
5793,40.48,40.37,37.12,30.82,28.89,20.43
5795,40.48,40.37,37.12,30.82,28.89,20.43
5797,40.37,40.26,37.12,30.82,28.89,20.43
5799,40.37,40.26,37.12,30.82,28.89,20.43
5801,40.37,40.26,37.02,30.82,28.89,20.43
5803,40.37,40.26,37.02,30.72,28.89,20.43
5805,40.37,40.26,37.02,30.72,28.89,20.43
5807,40.37,40.15,37.02,30.72,28.89,20.43
5809,40.26,40.15,37.02,30.72,28.89,20.43
5811,40.26,40.15,36.92,30.72,28.89,20.43
5813,40.26,40.15,36.92,30.72,28.89,20.43
5815,40.26,40.15,36.92,30.72,28.89,20.43
5817,40.15,40.05,36.92,30.63,28.80,20.52
5819,40.15,40.05,36.82,30.63,28.80,20.52
5821,40.15,40.05,36.82,30.63,28.80,20.52
5823,40.15,40.05,36.82,30.63,28.80,20.43
5825,40.05,39.94,36.82,30.63,28.80,20.43
5827,40.05,39.94,36.82,30.63,28.80,20.43
5829,40.05,39.94,36.72,30.63,28.80,20.43
5831,40.05,39.94,36.72,30.63,28.80,20.43
5833,39.94,39.83,36.72,30.54,28.80,20.43
5836,39.94,39.83,36.72,30.54,28.80,20.43
5838,39.94,39.83,36.62,30.54,28.71,20.43
5840,39.94,39.83,36.62,30.54,28.71,20.43
5842,39.83,39.83,36.62,30.54,28.71,20.43
5844,39.83,39.73,36.62,30.54,28.71,20.43
5846,39.83,39.73,36.62,30.54,28.71,20.52
5848,39.83,39.73,36.51,30.54,28.71,20.43
5850,39.83,39.73,36.51,30.45,28.71,20.43
5852,39.73,39.62,36.51,30.45,28.71,20.43
5854,39.73,39.62,36.51,30.45,28.61,20.43
5856,39.73,39.62,36.51,30.45,28.61,20.43
5858,39.62,39.51,36.51,30.45,28.61,20.43
5860,39.62,39.51,36.41,30.45,28.61,20.43
5862,39.62,39.51,36.41,30.45,28.61,20.43
5864,39.62,39.51,36.41,30.35,28.61,20.43
5866,39.51,39.51,36.41,30.35,28.52,20.52
5868,39.51,39.51,36.31,30.35,28.61,20.43
5870,39.51,39.41,36.31,30.35,28.52,20.43
5872,39.51,39.41,36.31,30.35,28.52,20.43
5874,39.51,39.41,36.31,30.26,28.52,20.43
5876,39.41,39.41,36.31,30.26,28.52,20.43
5878,39.41,39.30,36.21,30.26,28.52,20.43
5880,39.41,39.30,36.21,30.26,28.52,20.43
5882,39.41,39.30,36.21,30.26,28.43,20.43
5884,39.30,39.30,36.21,30.26,28.43,20.43
5886,39.30,39.30,36.11,30.26,28.43,20.43
5888,39.30,39.20,36.11,30.17,28.43,20.43
5890,39.30,39.20,36.11,30.17,28.43,20.43
5893,39.30,39.20,36.11,30.17,28.43,20.43
5895,39.20,39.09,36.11,30.17,28.43,20.43
5897,39.20,39.09,36.11,30.17,28.43,20.43
5899,39.20,39.09,36.01,30.08,28.43,20.35
5901,39.20,39.09,36.01,30.08,28.43,20.35
5903,39.09,39.09,36.01,30.08,28.43,20.35
5905,39.09,38.98,36.01,30.08,28.43,20.26
5907,39.09,38.98,36.01,30.08,28.43,20.35
5909,39.09,38.98,35.91,30.08,28.34,20.35
5911,39.09,38.98,35.91,30.08,28.34,20.35
5913,38.98,38.88,35.91,29.99,28.34,20.35
5915,38.98,38.88,35.91,30.08,28.34,20.43
5917,38.98,38.88,35.91,29.99,28.34,20.35
5919,38.98,38.88,35.81,29.99,28.34,20.43
5921,38.98,38.88,35.81,29.99,28.34,20.43
5923,38.88,38.77,35.81,29.99,28.25,20.43
5925,38.88,38.77,35.71,29.99,28.34,20.43
5927,38.88,38.77,35.71,29.99,28.34,20.43
5929,38.88,38.77,35.71,29.99,28.25,20.43
5931,38.77,38.67,35.71,29.89,28.25,20.43
5933,38.77,38.67,35.71,29.89,28.25,20.43
5935,38.77,38.67,35.61,29.89,28.25,20.43
5937,38.77,38.67,35.61,29.89,28.25,20.52
5939,38.77,38.67,35.61,29.89,28.25,20.43
5941,38.77,38.57,35.61,29.89,28.16,20.43
5943,38.67,38.57,35.61,29.89,28.16,20.43
5945,38.67,38.57,35.61,29.89,28.16,20.43
5947,38.67,38.57,35.51,29.80,28.16,20.43
5950,38.67,38.57,35.51,29.80,28.16,20.43
5952,38.57,38.57,35.51,29.80,28.16,20.43
5954,38.57,38.46,35.51,29.80,28.16,20.43
5956,38.57,38.46,35.51,29.80,28.16,20.43
5958,38.46,38.46,35.42,29.80,28.16,20.43
5960,38.57,38.46,35.42,29.80,28.16,20.43
5962,38.46,38.36,35.42,29.80,28.07,20.43
5964,38.46,38.36,35.42,29.71,28.07,20.43
5966,38.46,38.36,35.32,29.71,28.07,20.43
5968,38.46,38.36,35.32,29.71,28.07,20.43
5970,38.36,38.25,35.32,29.71,28.07,20.43
5972,38.36,38.25,35.32,29.71,28.07,20.43
5974,38.36,38.25,35.32,29.71,28.07,20.43
5976,38.36,38.25,35.32,29.71,28.07,20.43
5978,38.25,38.25,35.22,29.62,27.98,20.43
5980,38.25,38.25,35.22,29.62,27.98,20.43
5982,38.25,38.15,35.22,29.62,27.98,20.43
5984,38.25,38.15,35.22,29.62,27.98,20.43
5986,38.25,38.15,35.22,29.62,27.98,20.43
5988,38.15,38.15,35.22,29.62,27.98,20.43
5990,38.15,38.15,35.12,29.62,27.89,20.43
5992,38.15,38.05,35.12,29.62,27.98,20.43
5994,38.15,38.05,35.12,29.53,27.98,20.43
5996,38.15,38.05,35.12,29.53,27.89,20.43
5998,38.05,37.94,35.12,29.53,27.89,20.43
6000,38.05,37.94,35.12,29.53,27.89,20.35
6002,38.05,37.94,35.02,29.53,27.89,20.43
6004,37.94,37.94,35.02,29.53,27.89,20.35
6007,37.94,37.94,35.02,29.53,27.89,20.43
6009,37.94,37.94,34.92,29.43,27.89,20.43
6011,37.94,37.84,34.92,29.43,27.89,20.43
6013,37.94,37.84,34.92,29.43,27.89,20.43
6015,37.94,37.84,34.92,29.43,27.89,20.43
6017,37.84,37.84,34.92,29.43,27.89,20.43
6019,37.84,37.74,34.92,29.43,27.89,20.43
6021,37.84,37.74,34.82,29.43,27.89,20.43
6023,37.74,37.74,34.82,29.43,27.89,20.43
6025,37.84,37.74,34.82,29.34,27.89,20.35
6027,37.74,37.74,34.82,29.34,27.89,20.35
6029,37.74,37.63,34.82,29.34,27.89,20.35
6031,37.74,37.63,34.73,29.34,27.89,20.35
6033,37.74,37.63,34.73,29.34,27.80,20.35
6035,37.63,37.63,34.73,29.34,27.80,20.35
6037,37.63,37.63,34.73,29.34,27.89,20.35
6039,37.63,37.53,34.73,29.34,27.80,20.35
6041,37.63,37.53,34.63,29.34,27.80,20.35
6043,37.63,37.53,34.63,29.25,27.80,20.35
6045,37.53,37.53,34.63,29.25,27.80,20.35
6047,37.53,37.43,34.63,29.25,27.80,20.35
6049,37.53,37.53,34.63,29.25,27.80,20.35
6051,37.53,37.43,34.63,29.25,27.80,20.43
6053,37.53,37.43,34.53,29.25,27.80,20.43
6055,37.43,37.43,34.53,29.25,27.80,20.43
6057,37.43,37.43,34.53,29.25,27.80,20.43
6059,37.43,37.43,34.53,29.25,27.80,20.43
6061,37.43,37.43,34.53,29.25,27.80,20.43
6064,37.33,37.33,34.53,29.16,27.80,20.43
6066,37.43,37.33,34.43,29.16,27.80,20.43
6068,37.33,37.33,34.43,29.16,27.71,20.43
6070,37.33,37.33,34.43,29.16,27.71,20.43
6072,37.33,37.22,34.43,29.16,27.71,20.35
6074,37.33,37.22,34.43,29.16,27.71,20.35
6076,37.33,37.22,34.33,29.16,27.71,20.26
6078,37.22,37.22,34.33,29.07,27.62,20.35
6080,37.22,37.12,34.33,29.07,27.71,20.35
6082,37.22,37.12,34.33,29.07,27.62,20.26
6084,37.22,37.12,34.33,29.07,27.62,20.26
6086,37.22,37.12,34.33,29.07,27.62,20.26
6088,37.22,37.12,34.24,29.07,27.62,20.26
6090,37.12,37.12,34.24,29.07,27.62,20.26
6092,37.12,37.12,34.24,29.07,27.62,20.18
6094,37.12,37.02,34.24,29.07,27.62,20.26
6096,37.12,37.02,34.24,28.98,27.62,20.26
6098,37.12,37.02,34.14,28.98,27.53,20.35
6100,37.02,37.02,34.14,28.98,27.53,20.35
6102,37.02,36.92,34.14,28.98,27.53,20.35
6104,37.02,36.92,34.14,28.98,27.53,20.35
6106,37.02,36.92,34.14,28.98,27.53,20.35
6108,37.02,36.92,34.14,28.98,27.53,20.43
6110,36.92,36.92,34.04,28.98,27.53,20.43
6112,36.92,36.82,34.04,28.89,27.53,20.43
6114,36.92,36.82,34.04,28.89,27.44,20.43
6116,36.92,36.82,34.04,28.89,27.44,20.35
6118,36.92,36.82,34.04,28.89,27.44,20.35
6120,36.82,36.82,34.04,28.89,27.44,20.35
6123,36.82,36.72,33.95,28.89,27.44,20.35
6125,36.82,36.72,33.95,28.89,27.44,20.35
6127,36.72,36.72,33.95,28.89,27.44,20.43
6129,36.72,36.72,33.95,28.89,27.44,20.35
6131,36.72,36.72,33.95,28.80,27.44,20.35
6133,36.72,36.62,33.85,28.80,27.44,20.35
6135,36.72,36.62,33.85,28.80,27.35,20.35
6137,36.72,36.62,33.85,28.80,27.44,20.35
6139,36.62,36.62,33.85,28.80,27.44,20.35
6141,36.62,36.51,33.85,28.80,27.44,20.35
6143,36.62,36.51,33.85,28.80,27.44,20.43
6145,36.62,36.51,33.85,28.71,27.44,20.43
6147,36.51,36.51,33.75,28.71,27.44,20.43
6149,36.51,36.51,33.75,28.71,27.44,20.43
6151,36.51,36.51,33.75,28.71,27.44,20.43
6153,36.51,36.41,33.75,28.71,27.35,20.43
6155,36.51,36.41,33.75,28.71,27.44,20.35
6157,36.41,36.41,33.75,28.71,27.44,20.35
6159,36.41,36.41,33.66,28.71,27.44,20.35
6161,36.41,36.41,33.66,28.71,27.35,20.35
6163,36.41,36.31,33.66,28.71,27.35,20.35
6165,36.41,36.31,33.66,28.61,27.35,20.35
6167,36.31,36.31,33.66,28.61,27.35,20.43
6169,36.31,36.31,33.66,28.61,27.35,20.43
6171,36.31,36.31,33.56,28.61,27.35,20.43
6173,36.31,36.31,33.56,28.61,27.35,20.43
6175,36.31,36.21,33.56,28.61,27.26,20.43
6177,36.31,36.21,33.56,28.61,27.26,20.43
6180,36.31,36.21,33.56,28.61,27.26,20.43
6182,36.21,36.21,33.56,28.61,27.26,20.43
6184,36.21,36.21,33.46,28.61,27.26,20.43
6186,36.21,36.21,33.46,28.52,27.26,20.43
6188,36.21,36.11,33.46,28.52,27.26,20.43
6190,36.21,36.11,33.46,28.52,27.17,20.43
6192,36.21,36.11,33.46,28.52,27.17,20.43
6194,36.11,36.11,33.46,28.52,27.17,20.43
6196,36.11,36.01,33.37,28.52,27.17,20.43
6198,36.11,36.11,33.37,28.52,27.17,20.43
6200,36.11,36.01,33.37,28.52,27.17,20.43
6202,36.11,36.01,33.37,28.52,27.17,20.43
6204,36.01,36.01,33.37,28.43,27.17,20.43
6206,36.01,36.01,33.37,28.43,27.17,20.43
6208,36.01,36.01,33.27,28.43,27.17,20.43
6210,36.01,36.01,33.27,28.43,27.17,20.43
6212,36.01,35.91,33.27,28.43,27.08,20.43
6214,35.91,35.91,33.27,28.43,27.17,20.43
6216,35.91,35.91,33.27,28.43,27.17,20.43
6218,35.91,35.91,33.27,28.43,27.08,20.43
6220,35.91,35.91,33.18,28.34,27.08,20.43
6222,35.91,35.81,33.18,28.34,27.08,20.43
6224,35.81,35.81,33.18,28.34,27.08,20.43
6226,35.81,35.81,33.18,28.34,27.08,20.43
6228,35.81,35.81,33.18,28.34,27.08,20.35
6230,35.81,35.81,33.18,28.34,26.99,20.43
6232,35.81,35.71,33.08,28.34,26.99,20.43
6234,35.81,35.71,33.08,28.34,26.99,20.43
6237,35.71,35.71,33.08,28.25,26.99,20.43
6239,35.71,35.71,33.08,28.25,26.99,20.43
6241,35.71,35.61,33.08,28.25,26.99,20.35
6243,35.71,35.61,33.08,28.25,26.99,20.43
6245,35.61,35.61,32.98,28.25,26.99,20.43
6247,35.61,35.61,32.98,28.25,26.99,20.35
6249,35.61,35.61,32.98,28.25,26.99,20.35
6251,35.61,35.61,32.98,28.25,26.99,20.35
6253,35.61,35.61,32.98,28.25,26.99,20.35
6255,35.61,35.51,32.98,28.16,26.99,20.35
6257,35.51,35.51,32.89,28.16,26.99,20.35
6259,35.51,35.51,32.89,28.16,26.99,20.35
6261,35.51,35.51,32.89,28.16,26.99,20.43
6263,35.51,35.51,32.89,28.16,26.99,20.35
6265,35.51,35.42,32.89,28.16,26.99,20.43
6267,35.51,35.42,32.79,28.16,26.99,20.35
6269,35.42,35.42,32.79,28.16,26.99,20.35
6271,35.42,35.42,32.79,28.16,26.99,20.35
6273,35.42,35.42,32.79,28.16,26.99,20.35
6275,35.42,35.42,32.79,28.16,26.99,20.35
6277,35.42,35.32,32.79,28.07,26.91,20.35
6279,35.32,35.32,32.79,28.07,26.91,20.26
6281,35.32,35.32,32.79,28.07,26.91,20.26
6283,35.32,35.32,32.70,28.07,26.91,20.26
6285,35.32,35.32,32.70,28.07,26.91,20.26
6287,35.32,35.32,32.70,28.07,26.91,20.26
6289,35.32,35.32,32.70,28.07,26.91,20.35
6291,35.32,35.22,32.70,28.07,26.91,20.26
6294,35.32,35.22,32.60,28.07,26.91,20.35
6296,35.22,35.22,32.60,28.07,26.91,20.35
6298,35.22,35.22,32.60,28.07,26.91,20.35
6300,35.22,35.22,32.60,27.98,26.91,20.35
6302,35.22,35.22,32.60,27.98,26.91,20.35
6304,35.22,35.12,32.60,27.98,26.91,20.35
6306,35.22,35.12,32.60,27.98,26.91,20.35
6308,35.12,35.12,32.51,27.98,26.91,20.35
6310,35.12,35.12,32.51,27.98,26.82,20.35
6312,35.12,35.12,32.51,27.98,26.82,20.35
6314,35.12,35.12,32.51,27.98,26.82,20.35
6316,35.12,35.12,32.51,27.98,26.82,20.35
6318,35.12,35.02,32.51,27.98,26.82,20.35
6320,35.02,35.02,32.51,27.98,26.82,20.26
6322,35.02,35.02,32.51,27.89,26.73,20.26
6324,35.02,35.02,32.41,27.89,26.73,20.26
6326,35.02,35.02,32.41,27.89,26.73,20.26
6328,35.02,35.02,32.41,27.89,26.73,20.26
6330,34.92,34.92,32.41,27.89,26.73,20.26
6332,34.92,34.92,32.41,27.89,26.73,20.26
6334,34.92,34.92,32.41,27.89,26.73,20.35
6336,34.92,34.92,32.41,27.89,26.64,20.26
6338,34.92,34.92,32.32,27.80,26.64,20.35
6340,34.82,34.82,32.32,27.80,26.64,20.35
6342,34.92,34.82,32.32,27.80,26.64,20.35
6344,34.82,34.82,32.32,27.80,26.64,20.35
6346,34.82,34.82,32.32,27.80,26.64,20.35
6348,34.82,34.82,32.32,27.80,26.64,20.35
6351,34.82,34.82,32.22,27.80,26.73,20.35
6353,34.73,34.73,32.22,27.80,26.73,20.35
6355,34.73,34.73,32.22,27.80,26.64,20.35
6357,34.73,34.73,32.22,27.80,26.64,20.35
6359,34.73,34.73,32.22,27.80,26.64,20.35
6361,34.73,34.73,32.22,27.71,26.64,20.35
6363,34.73,34.73,32.13,27.71,26.64,20.35
6365,34.73,34.63,32.13,27.71,26.64,20.35
6367,34.63,34.63,32.13,27.71,26.64,20.35
6369,34.63,34.63,32.13,27.71,26.64,20.35
6371,34.63,34.63,32.13,27.71,26.64,20.35
6373,34.63,34.63,32.13,27.71,26.64,20.35
6375,34.63,34.53,32.13,27.71,26.64,20.35
6377,34.53,34.53,32.03,27.71,26.64,20.35
6379,34.53,34.53,32.03,27.71,26.64,20.35
6381,34.53,34.53,32.03,27.71,26.64,20.35
6383,34.53,34.53,32.03,27.71,26.64,20.35
6385,34.53,34.53,32.03,27.62,26.64,20.35
6387,34.53,34.53,32.03,27.62,26.64,20.35
6389,34.43,34.43,32.03,27.62,26.64,20.35
6391,34.43,34.43,31.94,27.62,26.64,20.35
6393,34.43,34.43,31.94,27.62,26.64,20.35
6395,34.43,34.43,31.94,27.62,26.64,20.35
6397,34.43,34.43,31.94,27.62,26.64,20.35
6399,34.43,34.43,31.94,27.62,26.55,20.35
6401,34.43,34.33,31.94,27.62,26.55,20.35
6403,34.43,34.43,31.85,27.62,26.55,20.35
6405,34.33,34.33,31.85,27.62,26.55,20.35
6408,34.33,34.33,31.85,27.53,26.55,20.35
6410,34.33,34.33,31.85,27.53,26.55,20.35
6412,34.33,34.33,31.85,27.53,26.55,20.35
6414,34.33,34.24,31.85,27.53,26.55,20.35
6416,34.33,34.33,31.85,27.53,26.55,20.35
6418,34.33,34.24,31.85,27.53,26.55,20.35
6420,34.24,34.24,31.75,27.53,26.55,20.35
6422,34.24,34.24,31.75,27.53,26.46,20.35
6424,34.24,34.24,31.75,27.53,26.46,20.35
6426,34.24,34.24,31.75,27.53,26.46,20.35
6428,34.24,34.24,31.75,27.53,26.46,20.35
6430,34.24,34.14,31.75,27.53,26.46,20.35
6432,34.14,34.14,31.75,27.53,26.46,20.35
6434,34.14,34.14,31.66,27.53,26.46,20.35
6436,34.14,34.14,31.66,27.44,26.37,20.35
6438,34.14,34.14,31.66,27.44,26.37,20.35
6440,34.14,34.14,31.66,27.44,26.37,20.35
6442,34.14,34.14,31.66,27.44,26.37,20.35
6444,34.04,34.04,31.66,27.44,26.37,20.35
6446,34.04,34.04,31.66,27.44,26.37,20.35
6448,34.04,34.04,31.56,27.44,26.37,20.35
6450,34.04,34.04,31.56,27.44,26.37,20.35
6452,34.04,34.04,31.56,27.44,26.37,20.35
6454,34.04,33.95,31.56,27.35,26.28,20.35
6456,33.95,33.95,31.56,27.35,26.28,20.35
6458,33.95,33.95,31.56,27.35,26.28,20.35
6460,33.95,33.95,31.47,27.35,26.28,20.35
6462,33.95,33.95,31.47,27.35,26.28,20.35
6465,33.95,33.95,31.47,27.35,26.28,20.35
6467,33.95,33.85,31.47,27.35,26.28,20.35
6469,33.85,33.85,31.47,27.35,26.28,20.35
6471,33.85,33.85,31.47,27.26,26.28,20.26
6473,33.85,33.85,31.47,27.26,26.28,20.26
6475,33.85,33.85,31.38,27.26,26.19,20.26
6477,33.85,33.85,31.38,27.26,26.19,20.26
6479,33.75,33.75,31.38,27.26,26.19,20.26
6481,33.75,33.75,31.38,27.26,26.19,20.26
6483,33.75,33.75,31.38,27.26,26.19,20.35
6485,33.75,33.75,31.38,27.26,26.19,20.35
6487,33.75,33.75,31.38,27.26,26.19,20.35
6489,33.75,33.75,31.28,27.17,26.19,20.35
6491,33.75,33.66,31.28,27.17,26.19,20.26
6493,33.66,33.66,31.28,27.17,26.19,20.26
6495,33.66,33.66,31.28,27.17,26.19,20.26
6497,33.66,33.66,31.28,27.17,26.19,20.26
6499,33.66,33.66,31.28,27.17,26.19,20.26
6501,33.66,33.66,31.28,27.17,26.19,20.26
6503,33.66,33.56,31.19,27.17,26.19,20.26
6505,33.56,33.56,31.19,27.17,26.19,20.26
6507,33.56,33.56,31.19,27.17,26.19,20.35
6509,33.56,33.56,31.19,27.08,26.19,20.35
6511,33.56,33.56,31.19,27.08,26.19,20.35
6513,33.56,33.56,31.19,27.08,26.19,20.35
6515,33.56,33.56,31.19,27.08,26.10,20.35
6517,33.46,33.46,31.10,27.08,26.19,20.35
6519,33.46,33.46,31.10,27.08,26.10,20.35
6521,33.46,33.46,31.10,27.08,26.10,20.35
6524,33.46,33.46,31.10,27.08,26.10,20.35
6526,33.46,33.46,31.10,26.99,26.10,20.35
6528,33.46,33.46,31.10,27.08,26.10,20.35
6530,33.46,33.46,31.00,26.99,26.10,20.35
6532,33.37,33.37,31.10,26.99,26.10,20.35
6534,33.37,33.37,31.00,26.99,26.10,20.35
6536,33.37,33.37,31.00,26.99,26.10,20.35
6538,33.37,33.37,31.00,26.99,26.10,20.35
6540,33.37,33.37,31.00,26.99,26.10,20.35
6542,33.37,33.27,31.00,26.99,26.02,20.35
6544,33.37,33.37,31.00,26.99,26.02,20.35
6546,33.27,33.27,31.00,26.99,26.02,20.35
6548,33.27,33.27,30.91,26.99,26.02,20.35
6550,33.27,33.27,30.91,26.99,26.02,20.35
6552,33.27,33.27,30.91,26.99,26.02,20.35
6554,33.27,33.27,30.91,26.99,26.02,20.35
6556,33.27,33.27,30.91,26.91,26.02,20.35
6558,33.27,33.27,30.91,26.91,26.02,20.35
6560,33.18,33.18,30.91,26.91,26.02,20.26
6562,33.18,33.18,30.91,26.91,26.02,20.26
6564,33.18,33.18,30.82,26.91,26.02,20.26
6566,33.18,33.18,30.82,26.91,26.02,20.26
6568,33.18,33.18,30.82,26.91,26.02,20.26
6570,33.18,33.08,30.82,26.91,26.02,20.26
6572,33.08,33.08,30.82,26.91,25.93,20.26
6574,33.08,33.08,30.82,26.82,25.93,20.26
6576,33.08,33.08,30.82,26.91,25.93,20.26
6578,33.08,33.08,30.82,26.91,25.93,20.26
6581,33.08,33.08,30.72,26.82,25.93,20.26
6583,33.08,33.08,30.72,26.82,25.93,20.35
6585,33.08,33.08,30.72,26.82,25.93,20.35
6587,33.08,32.98,30.72,26.82,25.93,20.35
6589,32.98,32.98,30.72,26.82,25.93,20.35
6591,32.98,32.98,30.72,26.82,25.93,20.35
6593,32.98,32.98,30.72,26.82,25.93,20.35
6595,32.98,32.98,30.72,26.82,25.93,20.35
6597,32.98,32.89,30.63,26.82,25.93,20.26
6599,32.98,32.89,30.63,26.82,25.93,20.35
6601,32.89,32.89,30.63,26.82,25.93,20.35
6603,32.89,32.89,30.63,26.73,25.93,20.35
6605,32.89,32.89,30.63,26.73,25.93,20.35
6607,32.89,32.89,30.63,26.73,25.93,20.26
6609,32.89,32.89,30.63,26.73,25.93,20.26
6611,32.89,32.89,30.54,26.73,25.93,20.26
6613,32.89,32.79,30.54,26.73,25.93,20.26
6615,32.79,32.79,30.54,26.73,25.93,20.26
6617,32.79,32.79,30.54,26.73,25.84,20.26
6619,32.79,32.79,30.54,26.73,25.84,20.35
6621,32.79,32.79,30.54,26.73,25.84,20.35
6623,32.79,32.79,30.54,26.73,25.84,20.35
6625,32.79,32.79,30.54,26.64,25.84,20.26
6627,32.79,32.79,30.54,26.64,25.84,20.35
6629,32.79,32.70,30.45,26.64,25.84,20.26
6631,32.70,32.70,30.45,26.64,25.84,20.26
6633,32.70,32.70,30.45,26.64,25.84,20.26
6635,32.70,32.70,30.45,26.64,25.84,20.35
6638,32.70,32.70,30.45,26.64,25.84,20.35
6640,32.70,32.70,30.45,26.64,25.84,20.35
6642,32.70,32.70,30.45,26.64,25.84,20.35
6644,32.70,32.70,30.35,26.64,25.84,20.35
6646,32.70,32.60,30.35,26.64,25.84,20.35
6648,32.60,32.60,30.35,26.64,25.84,20.35
6650,32.60,32.60,30.35,26.64,25.84,20.35
6652,32.60,32.60,30.35,26.64,25.84,20.35
6654,32.60,32.60,30.35,26.64,25.75,20.35
6656,32.60,32.60,30.35,26.55,25.75,20.35
6658,32.60,32.51,30.26,26.64,25.75,20.35
6660,32.60,32.51,30.35,26.55,25.75,20.35
6662,32.60,32.51,30.26,26.55,25.75,20.35
6664,32.51,32.51,30.26,26.55,25.75,20.35
6666,32.51,32.51,30.26,26.55,25.75,20.35
6668,32.51,32.51,30.26,26.55,25.75,20.35
6670,32.51,32.51,30.26,26.55,25.75,20.35
6672,32.51,32.51,30.26,26.55,25.75,20.26
6674,32.51,32.41,30.26,26.55,25.75,20.35
6676,32.41,32.41,30.26,26.55,25.75,20.26
6678,32.41,32.41,30.17,26.55,25.66,20.26
6680,32.41,32.41,30.17,26.55,25.66,20.35
6682,32.41,32.41,30.17,26.46,25.66,20.35
6684,32.41,32.41,30.17,26.46,25.66,20.35
6686,32.41,32.41,30.17,26.46,25.66,20.35
6688,32.41,32.32,30.17,26.46,25.66,20.35
6690,32.41,32.32,30.17,26.46,25.66,20.35
6692,32.32,32.32,30.17,26.46,25.66,20.35
6695,32.32,32.32,30.08,26.46,25.66,20.26
6697,32.32,32.32,30.08,26.46,25.57,20.35
6699,32.32,32.32,30.08,26.46,25.57,20.35
6701,32.32,32.32,30.08,26.46,25.57,20.35
6703,32.32,32.32,30.08,26.46,25.57,20.35
6705,32.32,32.22,30.08,26.46,25.57,20.35
6707,32.22,32.22,30.08,26.37,25.57,20.35
6709,32.22,32.22,30.08,26.37,25.57,20.35
6711,32.22,32.22,29.99,26.37,25.57,20.35
6713,32.22,32.22,29.99,26.37,25.57,20.26
6715,32.22,32.22,29.99,26.37,25.57,20.35
6717,32.22,32.22,29.99,26.37,25.57,20.35
6719,32.22,32.13,29.99,26.37,25.57,20.35
6721,32.13,32.13,29.99,26.37,25.57,20.35
6723,32.13,32.13,29.99,26.37,25.57,20.35
6725,32.13,32.13,29.99,26.37,25.57,20.26
6727,32.13,32.13,29.89,26.37,25.57,20.26
6729,32.13,32.13,29.89,26.37,25.57,20.35
6731,32.13,32.13,29.89,26.28,25.57,20.35
6733,32.13,32.03,29.89,26.28,25.57,20.35
6735,32.03,32.03,29.89,26.28,25.57,20.35
6737,32.03,32.03,29.89,26.28,25.57,20.35
6739,32.03,32.03,29.89,26.28,25.57,20.35
6741,32.03,32.03,29.89,26.28,25.57,20.35
6743,32.03,32.03,29.89,26.28,25.57,20.35
6745,32.03,31.94,29.80,26.28,25.57,20.35
6747,32.03,31.94,29.80,26.28,25.48,20.35
6749,31.94,31.94,29.80,26.28,25.48,20.35
6752,31.94,31.94,29.80,26.19,25.57,20.26
6754,31.94,31.94,29.80,26.19,25.48,20.26
6756,31.94,31.94,29.80,26.19,25.48,20.26
6758,31.94,31.94,29.80,26.19,25.48,20.26
6760,31.94,31.94,29.80,26.19,25.48,20.26
6762,31.94,31.94,29.71,26.19,25.48,20.26
6764,31.85,31.85,29.71,26.19,25.48,20.35
6766,31.85,31.85,29.71,26.19,25.48,20.35
6768,31.85,31.85,29.71,26.19,25.48,20.26
6770,31.85,31.85,29.71,26.19,25.48,20.35
6772,31.85,31.85,29.71,26.19,25.48,20.35
6774,31.85,31.85,29.71,26.19,25.48,20.35
6776,31.85,31.75,29.71,26.19,25.48,20.35
6778,31.85,31.75,29.71,26.10,25.48,20.35
6780,31.75,31.75,29.71,26.19,25.48,20.35
6782,31.75,31.75,29.62,26.10,25.48,20.35
6784,31.75,31.75,29.62,26.10,25.48,20.35
6786,31.75,31.75,29.62,26.10,25.48,20.35
6788,31.75,31.75,29.62,26.10,25.48,20.35
6790,31.75,31.75,29.62,26.10,25.40,20.35
6792,31.75,31.75,29.62,26.10,25.40,20.43
6794,31.75,31.75,29.62,26.10,25.40,20.35
6796,31.75,31.66,29.62,26.10,25.40,20.35
6798,31.75,31.66,29.53,26.10,25.40,20.35
6800,31.75,31.66,29.53,26.10,25.40,20.35
6802,31.66,31.66,29.53,26.10,25.40,20.35
6804,31.66,31.66,29.53,26.10,25.40,20.35
6806,31.66,31.66,29.53,26.10,25.40,20.35
6809,31.66,31.56,29.53,26.02,25.31,20.35
6811,31.66,31.66,29.53,26.02,25.40,20.35
6813,31.66,31.56,29.53,26.02,25.40,20.35
6815,31.66,31.56,29.53,26.02,25.40,20.35
6817,31.56,31.56,29.43,26.02,25.40,20.35
6819,31.56,31.56,29.43,26.02,25.31,20.35
6821,31.56,31.56,29.43,26.02,25.31,20.35
6823,31.56,31.56,29.43,26.02,25.31,20.35
6825,31.56,31.56,29.43,26.02,25.31,20.35
6827,31.56,31.56,29.43,26.02,25.31,20.35
6829,31.56,31.47,29.43,26.02,25.31,20.35
6831,31.56,31.47,29.34,26.02,25.31,20.43
6833,31.47,31.47,29.34,26.02,25.31,20.35
6835,31.47,31.47,29.34,26.02,25.31,20.35
6837,31.47,31.47,29.34,25.93,25.31,20.43
6839,31.47,31.47,29.34,25.93,25.31,20.43
6841,31.47,31.47,29.34,25.93,25.31,20.35
6843,31.47,31.38,29.34,25.93,25.31,20.35
6845,31.47,31.38,29.34,25.93,25.31,20.35
6847,31.38,31.38,29.34,25.93,25.31,20.35
6849,31.38,31.38,29.34,25.93,25.31,20.35
6851,31.38,31.38,29.34,25.93,25.31,20.35
6853,31.38,31.38,29.25,25.93,25.22,20.43
6855,31.38,31.38,29.25,25.93,25.22,20.43
6857,31.38,31.28,29.25,25.93,25.22,20.43
6859,31.38,31.28,29.25,25.93,25.22,20.43
6861,31.28,31.28,29.25,25.93,25.22,20.43
6863,31.28,31.28,29.25,25.84,25.22,20.43
6865,31.28,31.28,29.25,25.84,25.22,20.35
6868,31.28,31.28,29.25,25.84,25.22,20.43
6870,31.28,31.28,29.25,25.84,25.22,20.35
6872,31.28,31.28,29.25,25.84,25.22,20.43
6874,31.28,31.28,29.16,25.84,25.22,20.35
6876,31.28,31.28,29.16,25.84,25.22,20.43
6878,31.19,31.19,29.16,25.84,25.22,20.43
6880,31.19,31.19,29.16,25.84,25.22,20.43
6882,31.19,31.19,29.16,25.84,25.22,20.43
6884,31.19,31.19,29.16,25.84,25.22,20.43
6886,31.19,31.19,29.16,25.84,25.13,20.43
6888,31.19,31.19,29.16,25.84,25.22,20.43
6890,31.19,31.19,29.16,25.84,25.22,20.43
6892,31.19,31.10,29.07,25.75,25.22,20.43
6894,31.10,31.10,29.07,25.75,25.13,20.35
6896,31.10,31.10,29.07,25.75,25.13,20.35
6898,31.10,31.10,29.07,25.75,25.13,20.35
6900,31.10,31.10,29.07,25.75,25.22,20.35
6902,31.10,31.10,29.07,25.75,25.13,20.35
6904,31.10,31.10,29.07,25.75,25.13,20.35
6906,31.10,31.00,29.07,25.75,25.13,20.35
6908,31.10,31.00,29.07,25.75,25.13,20.35
6910,31.00,31.00,28.98,25.75,25.13,20.35
6912,31.00,31.00,28.98,25.75,25.13,20.35
6914,31.00,31.00,28.98,25.75,25.13,20.35
6916,31.00,31.00,28.98,25.66,25.13,20.35
6918,31.00,31.00,28.98,25.66,25.13,20.35
6920,31.00,31.00,28.98,25.66,25.13,20.35
6922,31.00,31.00,28.98,25.66,25.13,20.35
6925,31.00,30.91,28.98,25.66,25.13,20.35
6927,31.00,30.91,28.98,25.66,25.13,20.35
6929,30.91,30.91,28.89,25.66,25.13,20.43
6931,30.91,30.91,28.89,25.66,25.04,20.43
6933,30.91,30.91,28.89,25.66,25.04,20.35
6935,30.91,30.91,28.89,25.66,25.04,20.35
6937,30.91,30.91,28.89,25.66,25.13,20.35
6939,30.91,30.91,28.89,25.66,25.04,20.35
6941,30.91,30.91,28.89,25.66,25.04,20.35
6943,30.91,30.82,28.89,25.57,25.04,20.35
6945,30.82,30.82,28.89,25.57,25.04,20.35
6947,30.82,30.82,28.80,25.66,25.04,20.43
6949,30.82,30.82,28.80,25.66,25.04,20.43
6951,30.82,30.82,28.80,25.57,25.04,20.35
6953,30.82,30.82,28.80,25.57,25.04,20.35
6955,30.82,30.72,28.80,25.57,25.04,20.35
6957,30.82,30.82,28.80,25.57,25.04,20.35
6959,30.82,30.82,28.80,25.57,25.04,20.35
6961,30.82,30.72,28.80,25.57,25.04,20.35
6963,30.72,30.72,28.71,25.57,25.04,20.35
6965,30.72,30.72,28.80,25.57,25.04,20.35
6967,30.72,30.72,28.80,25.57,25.04,20.35
6969,30.72,30.72,28.71,25.57,24.96,20.35
6971,30.72,30.72,28.71,25.48,24.96,20.35
6973,30.72,30.72,28.71,25.57,24.96,20.35
6975,30.72,30.72,28.71,25.57,24.96,20.35
6977,30.72,30.72,28.71,25.48,24.96,20.43
6979,30.72,30.63,28.71,25.48,25.04,20.69
6982,30.63,30.63,28.71,25.48,25.04,20.95
6984,30.63,30.63,28.71,25.48,25.04,20.95
6986,30.63,30.63,28.71,25.48,24.96,21.04
6988,30.63,30.63,28.71,25.48,25.04,20.95
6990,30.63,30.63,28.71,25.48,25.04,20.78
6992,30.63,30.63,28.61,25.48,25.04,20.78
6994,30.63,30.63,28.61,25.48,25.04,20.69
6996,30.63,30.63,28.61,25.48,25.04,20.69
6998,30.63,30.54,28.61,25.48,25.04,20.61
7000,30.63,30.54,28.61,25.48,25.04,20.61
7002,30.54,30.54,28.61,25.40,25.13,20.69
7004,30.54,30.54,28.52,25.48,25.04,20.61
7006,30.54,30.54,28.52,25.48,25.13,20.61
7008,30.54,30.54,28.61,25.48,25.13,20.61
7010,30.54,30.54,28.52,25.40,25.13,20.61
7012,30.54,30.54,28.52,25.40,25.13,20.61
7014,30.54,30.45,28.52,25.40,25.13,20.61
7016,30.54,30.45,28.52,25.48,25.13,20.52
7018,30.54,30.45,28.52,25.40,25.13,20.52
7020,30.54,30.45,28.52,25.40,25.04,20.52
7022,30.45,30.45,28.52,25.40,25.13,20.52
7024,30.54,30.45,28.52,25.40,25.13,20.52
7026,30.45,30.45,28.52,25.40,25.13,20.52
7028,30.45,30.45,28.52,25.40,25.13,20.43
7030,30.45,30.45,28.52,25.40,25.13,20.52
7032,30.45,30.45,28.52,25.40,25.04,20.43
7034,30.45,30.35,28.43,25.40,25.04,20.43
7036,30.45,30.35,28.43,25.40,25.04,20.43
7039,30.45,30.35,28.43,25.40,25.04,20.43
7041,30.45,30.35,28.43,25.40,25.04,20.43
7043,30.45,30.35,28.43,25.40,25.04,20.52
7045,30.35,30.35,28.43,25.40,24.96,20.43
7047,30.45,30.35,28.43,25.40,25.04,20.43
7049,30.35,30.35,28.43,25.40,25.04,20.43
7051,30.35,30.35,28.34,25.40,24.96,20.43
7053,30.35,30.35,28.43,25.40,24.96,20.43
7055,30.35,30.35,28.34,25.40,24.96,20.43
7057,30.35,30.26,28.34,25.40,24.96,20.43
7059,30.35,30.26,28.34,25.40,24.96,20.43
7061,30.35,30.26,28.34,25.40,24.96,20.43
7063,30.35,30.26,28.34,25.40,24.96,20.43
7065,30.35,30.26,28.34,25.40,24.96,20.43
7067,30.35,30.26,28.34,25.40,24.96,20.43
7069,30.35,30.26,28.34,25.40,24.96,20.43
7071,30.26,30.26,28.34,25.31,24.96,20.43
7073,30.26,30.26,28.34,25.40,24.96,20.43
7075,30.26,30.26,28.25,25.40,24.96,20.43
7077,30.26,30.26,28.25,25.31,24.96,20.43
7079,30.26,30.17,28.25,25.31,24.87,20.43
7081,30.26,30.17,28.25,25.40,24.87,20.43
7083,30.26,30.17,28.25,25.31,24.87,20.43
7085,30.26,30.17,28.25,25.31,24.87,20.43
7087,30.26,30.17,28.25,25.31,24.87,20.43
7089,30.26,30.17,28.25,25.31,24.87,20.43
7091,30.26,30.17,28.25,25.31,24.87,20.43
7093,30.17,30.17,28.25,25.31,24.87,20.43
7096,30.17,30.08,28.25,25.31,24.87,20.43
7098,30.17,30.17,28.25,25.31,24.78,20.43
7100,30.17,30.08,28.16,25.31,24.78,20.43
7102,30.17,30.08,28.16,25.31,24.78,20.43
7104,30.17,30.08,28.16,25.31,24.78,20.43
7106,30.17,30.08,28.16,25.31,24.78,20.43
7108,30.17,30.08,28.16,25.31,24.78,20.43
7110,30.17,30.08,28.16,25.31,24.78,20.43
7112,30.08,30.08,28.16,25.31,24.78,20.43
7114,30.08,30.08,28.16,25.31,24.78,20.43
7116,30.08,30.08,28.16,25.22,24.78,20.43
7118,30.08,30.08,28.16,25.22,24.78,20.43
7120,30.08,29.99,28.16,25.22,24.78,20.43
7122,30.08,29.99,28.16,25.22,24.78,20.43
7124,30.08,29.99,28.07,25.22,24.78,20.43
7126,30.08,29.99,28.07,25.22,24.78,20.43
7128,29.99,29.99,28.07,25.22,24.78,20.43
7130,29.99,29.99,28.07,25.22,24.69,20.43
7132,29.99,29.99,28.07,25.22,24.69,20.43
7134,29.99,29.99,28.07,25.22,24.69,20.43
7136,29.99,29.89,27.98,25.22,24.69,20.35
7138,29.99,29.89,28.07,25.22,24.69,20.35
7140,29.99,29.89,27.98,25.22,24.69,20.35
7142,29.99,29.89,27.98,25.13,24.69,20.35
7144,29.89,29.89,27.98,25.13,24.69,20.35
7146,29.89,29.89,27.98,25.13,24.60,20.35
7148,29.89,29.89,27.98,25.13,24.69,20.35
7150,29.89,29.89,27.98,25.13,24.69,20.35
7153,29.89,29.89,27.98,25.13,24.69,20.35
7155,29.89,29.80,27.98,25.13,24.60,20.35
7157,29.89,29.80,27.98,25.13,24.60,20.35
7159,29.89,29.80,27.98,25.13,24.60,20.35
7161,29.89,29.80,27.98,25.13,24.60,20.35
7163,29.89,29.80,27.89,25.13,24.60,20.35
7165,29.80,29.80,27.89,25.13,24.60,20.35
7167,29.80,29.80,27.89,25.13,24.69,20.35
7169,29.80,29.71,27.89,25.04,24.60,20.35
7171,29.80,29.80,27.89,25.04,24.60,20.35
7173,29.80,29.71,27.89,25.04,24.60,20.35
7175,29.80,29.71,27.89,25.04,24.60,20.35
7177,29.80,29.71,27.89,25.04,24.60,20.43
7179,29.80,29.71,27.89,25.04,24.60,20.43
7181,29.71,29.71,27.89,25.04,24.60,20.43
7183,29.71,29.71,27.80,25.04,24.60,20.43
7185,29.71,29.71,27.80,25.04,24.60,20.43
7187,29.71,29.71,27.80,25.04,24.60,20.35
7189,29.71,29.71,27.80,25.04,24.60,20.35
7191,29.71,29.62,27.80,25.04,24.60,20.35
7193,29.71,29.62,27.80,25.04,24.60,20.35
7195,29.71,29.62,27.80,24.96,24.60,20.35
7197,29.71,29.62,27.80,24.96,24.60,20.35
7199,29.62,29.62,27.80,25.04,24.60,20.35
7201,29.62,29.62,27.80,25.04,24.60,20.35
7203,29.62,29.62,27.80,24.96,24.60,20.35
7205,29.62,29.62,27.71,24.96,24.52,20.35
7207,29.62,29.62,27.71,24.96,24.52,20.35
7210,29.62,29.62,27.71,24.96,24.52,20.35
7212,29.62,29.62,27.71,24.96,24.52,20.35
7214,29.62,29.53,27.71,24.96,24.52,20.35
7216,29.62,29.53,27.71,24.96,24.52,20.35
7218,29.62,29.53,27.71,24.96,24.52,20.35
7220,29.53,29.53,27.71,24.96,24.52,20.35
7222,29.53,29.53,27.71,24.96,24.52,20.35
7224,29.53,29.53,27.71,24.96,24.52,20.35
7226,29.53,29.53,27.62,24.96,24.52,20.35
7228,29.53,29.53,27.71,24.96,24.52,20.35
7230,29.53,29.53,27.62,24.96,24.52,20.35
7232,29.53,29.53,27.71,24.96,24.52,20.35
7234,29.53,29.53,27.62,24.96,24.52,20.35
7236,29.53,29.53,27.62,24.96,24.52,20.35
7238,29.53,29.43,27.62,24.96,24.52,20.35
7240,29.43,29.43,27.62,24.96,24.52,20.35
7242,29.53,29.43,27.62,24.96,24.52,20.35
7244,29.43,29.43,27.62,24.87,24.52,20.35
7246,29.43,29.43,27.62,24.87,24.52,20.35
7248,29.43,29.43,27.62,24.87,24.52,20.35
7250,29.43,29.43,27.62,24.87,24.43,20.35
7252,29.43,29.43,27.62,24.87,24.52,20.35
7254,29.43,29.34,27.62,24.87,24.52,20.35
7256,29.43,29.43,27.53,24.87,24.52,20.26
7258,29.43,29.34,27.53,24.87,24.52,20.26
7260,29.43,29.34,27.53,24.87,24.43,20.26
7262,29.43,29.34,27.53,24.87,24.52,20.26
7264,29.43,29.34,27.53,24.87,24.43,20.26
7266,29.43,29.34,27.53,24.87,24.43,20.26
7269,29.34,29.34,27.53,24.87,24.43,20.26
7271,29.34,29.34,27.53,24.87,24.43,20.26
7273,29.34,29.34,27.53,24.87,24.43,20.35
7275,29.34,29.34,27.53,24.87,24.43,20.35
